{"3913":{"Path":["0","0","3913","3913"],"Coordinates":[0.52439362268477374,0.55270468117903693,0.56247349088121612],"Categories":["Kuraishia ogatae","Kuraishia ogatae","Kuraishia","Saccharomycetaceae","Saccharomycetales"],"Properties":[5,4,5]}}