{"1739":{"Path":["0","0","1739","1739"],"Coordinates":[0.56195475401596,0.54337682932914189,0.60926482693057282],"Categories":["Cryptococcus podzolicus","Cryptococcus podzolicus","Cryptococcus","Tremellaceae","Tremellales"],"Properties":[5,4,5]}}