{"293":{"Path":["0","0","293","293"],"Coordinates":[0.36883892523597711,0.4262872361474509,0.62378390381855986],"Categories":["Candida catenulata","Candida catenulata","Candida","","Saccharomycetales"],"Properties":[3,3,5]}}