{"1089":{"Path":["0","0","1089","1089"],"Coordinates":[0.6086692432012949,0.55286329992662986,0.51342830034052744],"Categories":["Saturnispora saitoi","Saturnispora saitoi","Saturnispora","Saccharomycetaceae","Saccharomycetales"],"Properties":[6,4,4]}}