{"4026":{"Path":["0","0","1186","4026"],"Coordinates":[0.4717522367963296,0.38980463951580485,0.40534423686230558],"Categories":["Ogataea cecidiorum","Ogataea cecidiorum","Ogataea","Saccharomycetaceae","Saccharomycetales"],"Properties":[4,3,3]},"4027":{"Path":["0","0","1186","4026"],"Coordinates":[0.47174973370585166,0.38980125470981264,0.40533110708916276],"Categories":["Ogataea cecidiorum","Ogataea cecidiorum","Ogataea","Saccharomycetaceae","Saccharomycetales"],"Properties":[4,3,3]}}