{"477":{"Path":["0","0","477","477"],"Coordinates":[0.36762878004765581,0.58572771500660392,0.5375220175354769],"Categories":["Candida californica","Candida californica","Candida","","Saccharomycetales"],"Properties":[3,4,4]}}