{"2287":{"Path":["0","2287","2287","2287"],"Coordinates":[0.27848996042067042,0.089294084470807569,0.48256460818143282],"Categories":["Candida stellimalicola","Candida stellimalicola","Candida","","Saccharomycetales"],"Properties":[2,0,4]}}