{"4054":{"Path":["0","0","4054","4054"],"Coordinates":[0.73089496809482635,0.21084807676500256,0.53663474343632167],"Categories":["Sympodiomycopsis kandeliae","Sympodiomycopsis kandeliae","Sympodiomycopsis","Microstromataceae","Microstromatales"],"Properties":[7,1,4]}}