{"2724":{"Path":["0","0","2724","2724"],"Coordinates":[0.50422264082255963,0.83537747566205267,0.43925229923033049],"Categories":["Rhodotorula bloemfonteinensis","Rhodotorula bloemfonteinensis","Rhodotorula","","Sporidiobolales"],"Properties":[5,6,3]}}