{"2772":{"Path":["0","0","2771","2772"],"Coordinates":[0.53625565535846009,0.35202251147846048,0.49499295781011443],"Categories":["Cyberlindnera maclurae","Cyberlindnera maclurae","Cyberlindnera","","Saccharomycetales"],"Properties":[5,2,4]}}