{"3346":{"Path":["0","0","3346","3346"],"Coordinates":[0.601795426956022,0.55750943578991963,0.41573979805480032],"Categories":["Candida derodonti","Candida derodonti","Candida","","Saccharomycetales"],"Properties":[6,4,3]}}