{"4253":{"Path":["0","0","0","4253"],"Coordinates":[0.43808485281536236,0.77368385557894648,0.39107531018308833],"Categories":["Leucosporidium escuderoi","Leucosporidium escuderoi","Leucosporidiella","Leucosporidiaceae","Leucosporidiales"],"Properties":[4,6,3]}}