{"740":{"Path":["4","27","189","740"],"Coordinates":[-0.49657990114591966,0.65142505681883789,-0.03353281454879322],"Categories":["Kazachstania slooffiae","Kazachstania slooffiae","Kazachstania","Saccharomycetaceae","Saccharomycetales"],"Properties":[-4,5,0]},"3086":{"Path":["4","27","189","740"],"Coordinates":[-0.49281176375791508,0.65119689916639167,-0.036029423803855196],"Categories":["Sporobolomyces nakasei","Sporobolomyces nakasei","Sporobolomyces","","Sporidiobolales"],"Properties":[-4,5,0]}}