{"383":{"Path":["0","0","384","383"],"Coordinates":[0.44881101273915369,0.4384932108050249,0.51713435816109987],"Categories":["Komagataella pastoris","Komagataella pastoris","Komagataella","Saccharomycetaceae","Saccharomycetales"],"Properties":[4,3,4]},"384":{"Path":["0","0","384","384"],"Coordinates":[0.47102504542089496,0.39481567154103675,0.51526116488251028],"Categories":["Komagataella pastoris","Komagataella pastoris","Komagataella","Saccharomycetaceae","Saccharomycetales"],"Properties":[4,3,4]}}