{"3130":{"Path":["0","0","3132","3130"],"Coordinates":[0.39315811675954077,0.5347300439968885,0.48424528088702373],"Categories":["Blastobotrys indianaensis","Blastobotrys indianaensis","Blastobotrys","Trichomonascaceae","Saccharomycetales"],"Properties":[3,4,4]},"3132":{"Path":["0","0","3132","3132"],"Coordinates":[0.37224332165093843,0.42685389449063271,0.51601271782065894],"Categories":["Trichomonascus petasosporus","Trichomonascus petasosporus","Trichomonascus","Endomycetaceae","Saccharomycetales"],"Properties":[3,3,4]}}