{"3799":{"Path":["0","0","37","3800"],"Coordinates":[0.16621559182881893,0.70152950834314742,0.55925208071601717],"Categories":["Derxomyces yunnanensis","Derxomyces yunnanensis","Derxomyces","","Tremellales"],"Properties":[1,5,5]},"3800":{"Path":["0","0","37","3800"],"Coordinates":[0.16513380835007258,0.69347170480742126,0.56190365230954309],"Categories":["Derxomyces yunnanensis","Derxomyces yunnanensis","Derxomyces","","Tremellales"],"Properties":[1,5,5]}}