{"3347":{"Path":["0","0","3347","3347"],"Coordinates":[0.61220780684016973,0.74963333254545128,0.4302934902741557],"Categories":["Candida plutei","Candida plutei","Candida","","Saccharomycetales"],"Properties":[6,5,3]}}