{"28":{"Path":["1","28","28","28"],"Coordinates":[-0.30805597423922809,0.18223059973673167,-0.30576067219686087],"Categories":["Filobasidiella neoformans","Filobasidiella neoformans","Filobasidiella","","Tremellales"],"Properties":[-3,1,-2]},"1325":{"Path":["1","28","28","28"],"Coordinates":[-0.31045568924703842,0.17974252759354745,-0.30843541830049054],"Categories":["Scheffersomyces stipitis","Scheffersomyces stipitis","Scheffersomyces","Debaryomycetaceae","Saccharomycetales"],"Properties":[-3,1,-2]},"2354":{"Path":["1","28","28","28"],"Coordinates":[-0.31275794900072079,0.18193556449361095,-0.30169671511942758],"Categories":["Candida infanticola","Candida infanticola","Candida","","Saccharomycetales"],"Properties":[-3,1,-2]}}