{"2859":{"Path":["0","0","2859","2859"],"Coordinates":[0.56620837951016623,0.55874700550447221,1.0238168174249547],"Categories":["Danielozyma litseae","Danielozyma litseae","Danielozyma","",""],"Properties":[5,4,0]}}