{"1848":{"Path":["0","0","1849","1848"],"Coordinates":[0.53932984128718675,0.34206848148818325,0.76648366068043561],"Categories":["Myxozyma mucilagina","Myxozyma mucilagina","Myxozyma","Lipomycetaceae","Saccharomycetales"],"Properties":[5,2,6]}}