{"138":{"Path":["0","0","138","138"],"Coordinates":[0.37584515020677955,0.48255772887255316,0.45965192671221627],"Categories":["Hanseniaspora osmophila","Hanseniaspora osmophila","Hanseniaspora","Saccharomycodaceae","Saccharomycetales"],"Properties":[3,3,4]},"660":{"Path":["0","0","138","660"],"Coordinates":[0.58413496237742957,0.47013073040663983,0.66951722264934443],"Categories":["Hanseniaspora vineae","Hanseniaspora vineae","Hanseniaspora","Saccharomycodaceae","Saccharomycetales"],"Properties":[5,3,6]}}