{"4241":{"Path":["0","462","462","4241"],"Coordinates":[0.58696255131431374,0.22195719791934157,0.825429723647454],"Categories":["Naumovozyma baii","Naumovozyma baii","Naumovozyma","Saccharomycetaceae","Saccharomycetales"],"Properties":[5,1,7]}}