{"1112":{"Path":["0","0","1112","1112"],"Coordinates":[0.66367567432500041,0.23731300071867439,0.74442440054648418],"Categories":["Candida maritima","Candida maritima","Candida","","Saccharomycetales"],"Properties":[6,1,6]}}