{"2398":{"Path":["0","0","2398","2398"],"Coordinates":[0.30277030676625377,0.89793773730209436,0.58684778887881872],"Categories":["Candida paludigena","Candida paludigena","Candida","","Saccharomycetales"],"Properties":[3,7,5]}}