{"707":{"Path":["0","0","707","707"],"Coordinates":[0.75225472884143008,0.48176369213545589,0.5887630994432842],"Categories":["Peterozyma xylosa","Peterozyma xylosa","Peterozyma","","Saccharomycetales"],"Properties":[7,3,5]}}