{"404":{"Path":["0","0","404","404"],"Coordinates":[0.37590309495207908,0.46109795359357858,0.48533701474689495],"Categories":["Zygosaccharomyces rouxii","Zygosaccharomyces rouxii","Zygosaccharomyces","Saccharomycetaceae","Saccharomycetales"],"Properties":[3,3,4]},"409":{"Path":["0","0","404","409"],"Coordinates":[0.4232645521316345,0.67393041597809511,0.20583629135030809],"Categories":["Zygosaccharomyces rouxii","Zygosaccharomyces rouxii","Zygosaccharomyces","Saccharomycetaceae","Saccharomycetales"],"Properties":[4,5,1]}}