{"1530":{"Path":["0","0","437","1530"],"Coordinates":[0.43590163421009226,0.40867673820002665,0.426364623564294],"Categories":["Candida dendronema","Candida dendronema","Candida","","Saccharomycetales"],"Properties":[4,3,3]}}