{"2284":{"Path":["0","794","2284","2284"],"Coordinates":[0.37995675860361938,0.58275886412970213,0.38842736187707555],"Categories":["Saccharomycopsis fermentans","Saccharomycopsis fermentans","Saccharomycopsis","Saccharomycopsidaceae","Saccharomycetales"],"Properties":[3,4,3]},"3077":{"Path":["0","794","2284","3077"],"Coordinates":[0.84727080567466018,0.47729175051279071,0.4170040924167655],"Categories":["Saccharomycopsis babjevae","Saccharomycopsis babjevae","Saccharomycopsis","Saccharomycopsidaceae","Saccharomycetales"],"Properties":[8,3,3]}}