{"938":{"Path":["0","0","74","938"],"Coordinates":[0.8092992736814244,0.557903618040018,0.37480733351690143],"Categories":["Cryptococcus aerius","Cryptococcus aerius","Cryptococcus","Tremellaceae","Tremellales"],"Properties":[8,4,3]}}