{"2052":{"Path":["0","0","2051","2052"],"Coordinates":[0.51938607176180229,0.63935674220104366,0.393558504935706],"Categories":["Candida floricola","Candida floricola","Candida","","Saccharomycetales"],"Properties":[5,5,3]}}