{"3647":{"Path":["0","0","2401","3647"],"Coordinates":[0.527496886620893,0.40074056746968162,0.62415591073222987],"Categories":["Bandoniozyma glucofermentans","Bandoniozyma glucofermentans","Bandoniozyma","","Tremellales"],"Properties":[5,3,5]}}