{"4072":{"Path":["0","0","4072","4072"],"Coordinates":[0.92692395352636014,0.67785068288794093,0.19663213446026764],"Categories":["Metschnikowia kamienskii","Metschnikowia kamienskii","Metschnikowia","Metschnikowiaceae","Saccharomycetales"],"Properties":[9,5,1]}}