{"1895":{"Path":["0","0","1895","1895"],"Coordinates":[0.49279983735612642,0.327285501808805,0.37552357975329942],"Categories":["Rhodotorula buffonii","Rhodotorula buffonii","Rhodotorula","","Sporidiobolales"],"Properties":[4,2,3]}}