{"3235":{"Path":["0","0","3234","3235"],"Coordinates":[0.88840679197121986,0.4667641028344961,0.14019895368236943],"Categories":["Candida digboiensis","Candida digboiensis","Candida","","Saccharomycetales"],"Properties":[8,3,1]},"3236":{"Path":["0","0","3234","3235"],"Coordinates":[0.88840301677896116,0.46677619868418074,0.14019134059298011],"Categories":["Candida digboiensis","Candida digboiensis","Candida","","Saccharomycetales"],"Properties":[8,3,1]}}