{"4220":{"Path":["0","0","4220","4220"],"Coordinates":[0.49372623786730557,0.369526462030875,0.73258457491318929],"Categories":["Yamadazyma siamensis","Yamadazyma siamensis","Yamadazyma","Saccharomycetaceae","Saccharomycetales"],"Properties":[4,2,6]}}