{"1015":{"Path":["0","0","1015","1015"],"Coordinates":[0.49657460140068671,0.51552925576774911,0.32410684886192],"Categories":["Clavispora lusitaniae","Clavispora lusitaniae","Clavispora","Metschnikowiaceae","Saccharomycetales"],"Properties":[4,4,2]},"1016":{"Path":["0","0","1015","1015"],"Coordinates":[0.49658022596200774,0.51554701951857806,0.3241093033005617],"Categories":["Clavispora lusitaniae","Clavispora lusitaniae","Clavispora","Metschnikowiaceae","Saccharomycetales"],"Properties":[4,4,2]}}