{"3414":{"Path":["0","0","2408","3414"],"Coordinates":[0.64809967156987813,0.50392681979119713,0.10842614562693019],"Categories":["Metschnikowia viticola","Metschnikowia viticola","Metschnikowia","Metschnikowiaceae","Saccharomycetales"],"Properties":[6,4,0]}}