{"1540":{"Path":["0","0","1540","1540"],"Coordinates":[0.63640875987941392,0.73603309099743375,0.62495229481969294],"Categories":["Candida silvatica","Candida silvatica","Candida","","Saccharomycetales"],"Properties":[6,5,5]}}