{"3235":{"Path":["0","0","3234","3235"],"Coordinates":[0.53810027207243449,0.3028143365876283,0.21359731858450429],"Categories":["Candida digboiensis","Candida digboiensis","Candida","","Saccharomycetales"],"Properties":[5,2,1]},"3236":{"Path":["0","0","3234","3235"],"Coordinates":[0.53805838808163764,0.3028356189017275,0.21356767770448021],"Categories":["Candida digboiensis","Candida digboiensis","Candida","","Saccharomycetales"],"Properties":[5,2,1]}}