{"172":{"Path":["0","0","172","172"],"Coordinates":[0.5966453949629581,-0.11895911319854227,0.94263246240275633],"Categories":["Cryptococcus flavus","Cryptococcus flavus","Cryptococcus","Tremellaceae","Tremellales"],"Properties":[5,0,8]}}