{"3352":{"Path":["0","0","3353","3353"],"Coordinates":[0.2650858588588681,0.70642851286584474,0.45470879442745621],"Categories":["Geotrichum cucujoidarum","Geotrichum cucujoidarum","Geotrichum","Dipodascaceae","Saccharomycetales"],"Properties":[2,5,4]},"3353":{"Path":["0","0","3353","3353"],"Coordinates":[0.26509079237160948,0.70641993330577679,0.45469273631864354],"Categories":["Geotrichum cucujoidarum","Geotrichum cucujoidarum","Geotrichum","Dipodascaceae","Saccharomycetales"],"Properties":[2,5,4]}}