{"2660":{"Path":["0","0","2620","2660"],"Coordinates":[0.62267458159153943,0.43956447264003562,0.57847656443941475],"Categories":["Candida ipomoeae","Candida ipomoeae","Candida","","Saccharomycetales"],"Properties":[6,3,5]}}