{"4151":{"Path":["0","0","4149","4151"],"Coordinates":[0.68031124631061357,0.5863465473609063,0.37789086404635175],"Categories":["Wickerhamomyces tratensis","Wickerhamomyces tratensis","Wickerhamomyces","","Saccharomycetales"],"Properties":[6,4,3]}}