{"2055":{"Path":["0","0","2056","2056"],"Coordinates":[0.613151793716437,0.464873177555781,0.84283835223327586],"Categories":["Ogataea methylivora","Ogataea methylivora","Ogataea","Saccharomycetaceae","Saccharomycetales"],"Properties":[6,3,7]},"2056":{"Path":["0","0","2056","2056"],"Coordinates":[0.60875328599642453,0.46395186604812283,0.84549840900766526],"Categories":["Ogataea methylivora","Ogataea methylivora","Ogataea","Saccharomycetaceae","Saccharomycetales"],"Properties":[6,3,7]}}