{"73":{"Path":["1","17","73","73"],"Coordinates":[-0.39881438656598833,0.17377336511114591,-0.30573280683014264],"Categories":["Cryptococcus magnus","Cryptococcus magnus","Cryptococcus","Tremellaceae","Tremellales"],"Properties":[-3,1,-2]}}