{"2411":{"Path":["0","0","2411","2411"],"Coordinates":[0.5710346549445029,0.8250745728590716,0.744945536591748],"Categories":["Cyberlindnera misumaiensis","Cyberlindnera misumaiensis","Cyberlindnera","","Saccharomycetales"],"Properties":[5,6,6]},"2412":{"Path":["0","0","2411","2411"],"Coordinates":[0.56952233376638661,0.825949231538008,0.74259169520996982],"Categories":["Cyberlindnera misumaiensis","Cyberlindnera misumaiensis","Cyberlindnera","","Saccharomycetales"],"Properties":[5,6,6]}}