{"48":{"Path":["2","48","48","48"],"Coordinates":[-0.25654652400042405,0.4657004708865794,0.11708160177250283],"Categories":["Candida glabrata","Candida glabrata","Candida","","Saccharomycetales"],"Properties":[-2,3,1]},"145":{"Path":["2","48","145","145"],"Coordinates":[-0.25936058746482005,0.430469619137216,0.090166161217063015],"Categories":["Hanseniaspora uvarum","Hanseniaspora uvarum","Hanseniaspora","Saccharomycodaceae","Saccharomycetales"],"Properties":[-2,3,0]}}