{"3358":{"Path":["0","0","3358","3358"],"Coordinates":[0.48661532504640653,0.7764580657213227,0.3684282461674892],"Categories":["Candida gigantensis","Candida gigantensis","Candida","","Saccharomycetales"],"Properties":[4,6,3]}}