{"2018":{"Path":["0","0","2018","2018"],"Coordinates":[0.38450944323972774,0.53398085814565943,0.47294226984053134],"Categories":["Bensingtonia miscanthi","Bensingtonia miscanthi","Bensingtonia","Agaricostilbaceae","Agaricostilbales"],"Properties":[3,4,4]}}