{"2068":{"Path":["0","0","2068","2068"],"Coordinates":[0.093252486738109056,0.53437888880897444,0.700060183737517],"Categories":["Candida vaccinii","Candida vaccinii","Candida","","Saccharomycetales"],"Properties":[0,4,6]}}