{"2806":{"Path":["0","0","2806","2806"],"Coordinates":[0.50355427622427584,0.35996326751376806,0.32312999196729658],"Categories":["Nakazawaea wyomingensis","Nakazawaea wyomingensis","Nakazawaea","Saccharomycetaceae","Saccharomycetales"],"Properties":[5,2,2]}}