{"3967":{"Path":["0","0","3967","3967"],"Coordinates":[0.26611812634326992,-0.0253991876066163,0.19163785164587116],"Categories":["Mycogloea nipponica","Mycogloea nipponica","Mycogloea","",""],"Properties":[2,0,1]}}