{"3892":{"Path":["0","0","331","3892"],"Coordinates":[0.50418353960365825,0.43909441136529676,0.66316746248742431],"Categories":["Candida orthopsilosis","Candida orthopsilosis","Candida","","Saccharomycetales"],"Properties":[5,3,5]}}