{"2410":{"Path":["0","0","2408","2410"],"Coordinates":[0.46203740226737128,0.45354245680621608,0.63891494755050793],"Categories":["Candida kofuensis","Candida kofuensis","Candida","","Saccharomycetales"],"Properties":[4,3,5]}}