{"559":{"Path":["0","0","560","559"],"Coordinates":[0.4624972057389245,0.36855334621146713,0.73050465242329254],"Categories":["Wickerhamomyces chambardii","Wickerhamomyces chambardii","Wickerhamomyces","","Saccharomycetales"],"Properties":[4,2,6]},"560":{"Path":["0","0","560","560"],"Coordinates":[0.45496575475888679,0.36977213626861805,0.72573057691782761],"Categories":["Wickerhamomyces chambardii","Wickerhamomyces chambardii","Wickerhamomyces","","Saccharomycetales"],"Properties":[4,2,6]}}