{"3500":{"Path":["0","0","3501","3500"],"Coordinates":[0.42010073741204534,0.65246903394360956,0.70659751023853778],"Categories":["Ogataea siamensis","Ogataea siamensis","Ogataea","Saccharomycetaceae","Saccharomycetales"],"Properties":[4,5,6]},"3501":{"Path":["0","0","3501","3501"],"Coordinates":[0.625320474970531,0.74512022685763735,0.73447903133943648],"Categories":["Candida sithepensis","Candida sithepensis","Candida","","Saccharomycetales"],"Properties":[6,5,6]}}