{"3267":{"Path":["0","0","3267","3267"],"Coordinates":[0.49505757261293565,0.45075001924508279,0.66708535117063339],"Categories":["Candida choctaworum","Candida choctaworum","Candida","","Saccharomycetales"],"Properties":[4,3,6]},"3268":{"Path":["0","0","3267","3267"],"Coordinates":[0.4948128594787794,0.45008727989674163,0.668117855742536],"Categories":["Candida choctaworum","Candida choctaworum","Candida","","Saccharomycetales"],"Properties":[4,3,6]}}