{"3636":{"Path":["0","0","3636","3636"],"Coordinates":[0.25846046523661814,0.427704443097254,0.56470673013046035],"Categories":["Candida thaimueangensis","Candida thaimueangensis","Candida","","Saccharomycetales"],"Properties":[2,3,5]},"3637":{"Path":["0","0","3636","3636"],"Coordinates":[0.25729071723030211,0.42610810084868739,0.56818284592645463],"Categories":["Candida thaimueangensis","Candida thaimueangensis","Candida","","Saccharomycetales"],"Properties":[2,3,5]}}