{"3548":{"Path":["0","0","3548","3548"],"Coordinates":[0.65029753776610921,0.56934225282645556,0.808894098725233],"Categories":["Candida ascalaphidarum","Candida ascalaphidarum","Candida","","Saccharomycetales"],"Properties":[6,4,7]}}