{"3208":{"Path":["0","0","37","3208"],"Coordinates":[0.0997507241734748,0.37064693625208411,0.71771652207270253],"Categories":["Derxomyces cylindrica","Derxomyces cylindrica","Derxomyces","","Tremellales"],"Properties":[0,2,6]},"3209":{"Path":["0","0","37","3208"],"Coordinates":[0.099747648037014969,0.37061767198897472,0.71774361426065814],"Categories":["Derxomyces cylindrica","Derxomyces cylindrica","Derxomyces","","Tremellales"],"Properties":[0,2,6]}}