{"3331":{"Path":["0","0","3331","3331"],"Coordinates":[0.80534058280983478,-0.038588418556292713,0.38051140636369457],"Categories":["Candida michaelii","Candida michaelii","Candida","","Saccharomycetales"],"Properties":[8,0,3]}}