{"4071":{"Path":["0","0","4071","4071"],"Coordinates":[0.23304610734133252,0.60275476216647716,0.31438044955567268],"Categories":["Lachancea mirantina","Lachancea mirantina","Lachancea","Saccharomycetaceae","Saccharomycetales"],"Properties":[2,4,2]}}