{"457":{"Path":["0","0","458","458"],"Coordinates":[0.59991642875713969,0.64127648192523956,0.52229502337696643],"Categories":["Saturnispora dispora","Saturnispora dispora","Saturnispora","Saccharomycetaceae","Saccharomycetales"],"Properties":[5,5,4]},"458":{"Path":["0","0","458","458"],"Coordinates":[0.60365896064307689,0.640054628815787,0.52300250486906763],"Categories":["Saturnispora dispora","Saturnispora dispora","Saturnispora","Saccharomycetaceae","Saccharomycetales"],"Properties":[6,5,4]}}