{"4017":{"Path":["0","0","4017","4017"],"Coordinates":[0.51737262129818107,0.5389605180306476,0.509820614535263],"Categories":["Candida kaohsiungensis","Candida kaohsiungensis","Candida","","Saccharomycetales"],"Properties":[5,4,4]}}