{"3465":{"Path":["0","0","3465","3465"],"Coordinates":[0.5447661006614255,0.749973980493222,0.64481802072905758],"Categories":["Cryptococcus armeniacus","Cryptococcus armeniacus","Cryptococcus","Tremellaceae","Tremellales"],"Properties":[5,5,5]},"3665":{"Path":["0","0","3465","3665"],"Coordinates":[0.47777168619129451,0.5149623234556433,0.36508020581730727],"Categories":["Cryptococcus bromeliarum","Cryptococcus bromeliarum","Cryptococcus","Tremellaceae","Tremellales"],"Properties":[4,4,3]}}