{"293":{"Path":["0","0","293","293"],"Coordinates":[0.60504398558136,0.65896344387950434,0.457538448425069],"Categories":["Candida catenulata","Candida catenulata","Candida","","Saccharomycetales"],"Properties":[6,5,4]}}