{"4097":{"Path":["0","0","4097","4097"],"Coordinates":[0.24386956090559403,0.8956672610135904,0.32574639755730539],"Categories":["Cystobasidium psychroaquaticum","Cystobasidium psychroaquaticum","Cystobasidium","Platygloeaceae","Platygloeales"],"Properties":[2,7,2]}}