{"3486":{"Path":["0","0","3486","3486"],"Coordinates":[0.49222899413353638,0.0997846945750307,0.611001252022551],"Categories":["Dipodascus tetrasporeus","Dipodascus tetrasporeus","Dipodascus","Dipodascaceae","Saccharomycetales"],"Properties":[4,0,5]}}