{"1097":{"Path":["0","0","1097","1097"],"Coordinates":[0.69936417568450382,0.28842258354204614,0.642586927854625],"Categories":["Cryptococcus skinneri","Cryptococcus skinneri","Cryptococcus","Tremellaceae","Tremellales"],"Properties":[6,2,5]},"1100":{"Path":["0","0","1097","1100"],"Coordinates":[0.45909914473282259,0.48990514215146269,0.55150315569698583],"Categories":["Cryptococcus skinneri","Cryptococcus skinneri","Cryptococcus","Tremellaceae","Tremellales"],"Properties":[4,3,4]}}