{"2269":{"Path":["0","0","2268","2269"],"Coordinates":[0.551390852511534,0.75326501318006878,0.49351024154643625],"Categories":["Metschnikowia agaves","Metschnikowia agaves","Metschnikowia","Metschnikowiaceae","Saccharomycetales"],"Properties":[5,6,4]}}