{"1289":{"Path":["0","0","159","1290"],"Coordinates":[0.62493578383133275,0.6011953245188868,0.55370366696871121],"Categories":["Cystobasidium slooffiae","Cystobasidium slooffiae","Cystobasidium","Platygloeaceae","Platygloeales"],"Properties":[6,4,4]},"1290":{"Path":["0","0","159","1290"],"Coordinates":[0.62492460621732293,0.60115332420351952,0.55370263313786483],"Categories":["Cystobasidium slooffiae","Cystobasidium slooffiae","Cystobasidium","Platygloeaceae","Platygloeales"],"Properties":[6,4,4]}}