{"3384":{"Path":["0","0","3384","3384"],"Coordinates":[0.64939052428371635,0.84827070901365853,0.31472999901883353],"Categories":["Bullera panici","Bullera panici","Bullera","Tremellaceae","Tremellales"],"Properties":[6,6,2]}}