{"2134":{"Path":["0","2134","2134","2134"],"Coordinates":[0.53472058585991555,0.50978654860078954,0.46968754244014987],"Categories":["Botryozyma nematodophila","Botryozyma nematodophila","Botryozyma","","Saccharomycetales"],"Properties":[5,4,4]}}