{"2113":{"Path":["0","0","2113","2113"],"Coordinates":[0.66098507029829356,0.46212097444929034,0.32765864559004987],"Categories":["Rhodotorula ferulica","Rhodotorula ferulica","Rhodotorula","","Sporidiobolales"],"Properties":[6,3,2]}}