{"507":{"Path":["0","0","507","507"],"Coordinates":[0.41039190543949294,0.4696539859653393,0.63613299516408528],"Categories":["Wickerhamomyces silvicola","Wickerhamomyces silvicola","Wickerhamomyces","","Saccharomycetales"],"Properties":[4,3,5]}}