{"3898":{"Path":["0","0","3898","3898"],"Coordinates":[0.55665382138634745,0.60334097006539689,0.33227968003677932],"Categories":["Sporobolomyces koalae","Sporobolomyces koalae","Sporobolomyces","","Sporidiobolales"],"Properties":[5,4,2]}}