{"1072":{"Path":["0","0","1072","1072"],"Coordinates":[0.65993391984591232,0.18396012659613528,1.0203018254209726],"Categories":["Metschnikowia zobellii","Metschnikowia zobellii","Metschnikowia","Metschnikowiaceae","Saccharomycetales"],"Properties":[6,1,0]}}