{"2743":{"Path":["0","0","2744","2744"],"Coordinates":[0.73062044431602735,0.58936403853664654,0.77579626130309765],"Categories":["Candida tolerans","Candida tolerans","Candida","","Saccharomycetales"],"Properties":[7,4,6]},"2744":{"Path":["0","0","2744","2744"],"Coordinates":[0.731194036859326,0.58873910431893428,0.77554675951540863],"Categories":["Candida tolerans","Candida tolerans","Candida","","Saccharomycetales"],"Properties":[7,4,6]}}