{"4258":{"Path":["0","0","4258","4258"],"Coordinates":[0.25120691651293942,0.76542181208491633,0.36231529315350364],"Categories":["Yarrowia porcina","Yarrowia porcina","Yarrowia","","Saccharomycetales"],"Properties":[2,6,3]}}