{"4262":{"Path":["0","0","4262","4262"],"Coordinates":[0.40468454395299425,0.37891220930654046,1.2044527901336224],"Categories":["Kloeckera jakobseniae","Kloeckera jakobseniae","Kloeckera","Saccharomycodaceae","Saccharomycetales"],"Properties":[4,3,1]}}