{"3968":{"Path":["0","1761","3968","3968"],"Coordinates":[0.77704015249075109,0.70157431376644208,0.24860356850864612],"Categories":["Candida carvajalis","Candida carvajalis","Candida","","Saccharomycetales"],"Properties":[7,5,2]}}