{"4123":{"Path":["0","0","4123","4123"],"Coordinates":[0.17930831427614752,0.84191718940286542,-0.034336917937110335],"Categories":["Starmerella jinningensis","Starmerella jinningensis","Starmerella","Saccharomycetaceae","Saccharomycetales"],"Properties":[1,6,0]}}