{"3233":{"Path":["0","0","3234","3234"],"Coordinates":[0.69828503958266508,0.17382307300988176,0.21163085516613775],"Categories":["Candida digboiensis","Candida digboiensis","Candida","","Saccharomycetales"],"Properties":[6,1,1]},"3234":{"Path":["0","0","3234","3234"],"Coordinates":[0.698363963079162,0.17532790926444172,0.21533615392988983],"Categories":["Candida digboiensis","Candida digboiensis","Candida","","Saccharomycetales"],"Properties":[6,1,1]}}