{"1643":{"Path":["0","0","411","1643"],"Coordinates":[0.53594582217915931,0.5723853898150526,0.61948956350900219],"Categories":["Candida methanolovescens","Candida methanolovescens","Candida","","Saccharomycetales"],"Properties":[5,4,5]}}