{"1524":{"Path":["0","0","1524","1524"],"Coordinates":[0.89183558534645757,0.14132786490199617,0.4787306771822547],"Categories":["Saccharomycopsis malanga","Saccharomycopsis malanga","Saccharomycopsis","Saccharomycopsidaceae","Saccharomycetales"],"Properties":[8,1,4]}}