{"82":{"Path":["0","0","82","82"],"Coordinates":[0.57557566186111186,0.43264200361979643,0.403341260914006],"Categories":["Candida stellata","Candida stellata","Candida","","Saccharomycetales"],"Properties":[5,3,3]},"86":{"Path":["0","0","82","86"],"Coordinates":[0.17291611524831871,0.747050562534707,0.40862760944111581],"Categories":["Candida stellata","Candida stellata","Candida","","Saccharomycetales"],"Properties":[1,5,3]}}