{"2399":{"Path":["0","0","2399","2399"],"Coordinates":[0.5030583474719551,0.3641716983549011,0.78137426487868356],"Categories":["Babjeviella inositovora","Babjeviella inositovora","Babjeviella","Debaryomycetaceae","Saccharomycetales"],"Properties":[5,2,7]}}