{"3962":{"Path":["0","0","3963","3963"],"Coordinates":[0.16741526136148555,0.37644668548319843,0.86605505921699522],"Categories":["Sporobolomyces pyrrosiae","Sporobolomyces pyrrosiae","Sporobolomyces","","Sporidiobolales"],"Properties":[1,3,7]},"3963":{"Path":["0","0","3963","3963"],"Coordinates":[0.1668947381279913,0.37612914224012178,0.86526245474301722],"Categories":["Sporobolomyces pyrrosiae","Sporobolomyces pyrrosiae","Sporobolomyces","","Sporidiobolales"],"Properties":[1,3,7]}}