{"180":{"Path":["1","29","180","180"],"Coordinates":[-0.364295988738357,0.036240550991537064,-0.26849095407051393],"Categories":["Kazachstania exigua","Kazachstania exigua","Kazachstania","Saccharomycetaceae","Saccharomycetales"],"Properties":[-3,0,-2]}}