{"1223":{"Path":["0","0","1222","1223"],"Coordinates":[0.641152275686728,0.29633394191605567,0.40624838893262216],"Categories":["Cyberlindnera petersonii","Cyberlindnera petersonii","Cyberlindnera","","Saccharomycetales"],"Properties":[6,2,3]}}