{"39":{"Path":["7","39","39","39"],"Coordinates":[-0.43186117603583868,0.563400030963622,-0.21824841500173275],"Categories":["Filobasidiella neoformans","Filobasidiella neoformans","Filobasidiella","","Tremellales"],"Properties":[-4,4,-1]},"243":{"Path":["7","39","39","243"],"Coordinates":[-0.43555212662870757,0.54969965925605035,-0.2192376288988048],"Categories":["Saccharomyces paradoxus","Saccharomyces paradoxus","Saccharomyces","Saccharomycetaceae","Saccharomycetales"],"Properties":[-4,4,-1]}}