{"3543":{"Path":["0","0","3543","3543"],"Coordinates":[0.29202468817044536,0.75019990623604293,0.60717955567054649],"Categories":["Candida alimentaria","Candida alimentaria","Candida","","Saccharomycetales"],"Properties":[2,6,5]}}