{"3073":{"Path":["0","0","2620","3073"],"Coordinates":[0.61192931013778418,0.51282784390448832,0.51115268501094591],"Categories":["Metschnikowia santaceciliae","Metschnikowia santaceciliae","Metschnikowia","Metschnikowiaceae","Saccharomycetales"],"Properties":[6,4,4]}}