{"2694":{"Path":["0","0","2694","2694"],"Coordinates":[0.63684406321434484,0.49962837637082758,0.36364573543476608],"Categories":["Candida gotoi","Candida gotoi","Candida","","Saccharomycetales"],"Properties":[6,3,3]},"2695":{"Path":["0","0","2694","2694"],"Coordinates":[0.63684945512549274,0.49964248389122645,0.3636495088066396],"Categories":["Candida gotoi","Candida gotoi","Candida","","Saccharomycetales"],"Properties":[6,3,3]}}