{"1967":{"Path":["0","0","1967","1967"],"Coordinates":[0.6887881073692127,0.25073604817295314,0.53691069363404165],"Categories":["Cyberlindnera japonica","Cyberlindnera japonica","Cyberlindnera","","Saccharomycetales"],"Properties":[6,2,4]}}