{"4057":{"Path":["0","0","4057","4057"],"Coordinates":[0.59017019922645952,0.46640019522191967,0.35411385758220154],"Categories":["Candida wangnamkhiaoensis","Candida wangnamkhiaoensis","Candida","","Saccharomycetales"],"Properties":[5,3,3]},"4058":{"Path":["0","0","4057","4057"],"Coordinates":[0.59018183611322228,0.46640354940468848,0.35410218642152935],"Categories":["Candida wangnamkhiaoensis","Candida wangnamkhiaoensis","Candida","","Saccharomycetales"],"Properties":[5,3,3]}}