{"3426":{"Path":["0","0","37","3426"],"Coordinates":[0.67856181884784417,0.41344234823295939,0.4532644804256199],"Categories":["Trichosporon shinodae","Trichosporon shinodae","Trichosporon","Trichosporonaceae","Tremellales"],"Properties":[6,3,4]}}