{"3567":{"Path":["0","0","2780","3567"],"Coordinates":[0.673041292253906,0.61004928647647272,0.16071682110227725],"Categories":["Cryptococcus stepposus","Cryptococcus stepposus","Cryptococcus","Tremellaceae","Tremellales"],"Properties":[6,4,1]}}