{"2248":{"Path":["0","0","2245","2248"],"Coordinates":[0.53764244460572985,0.4459989406329346,0.435465254080215],"Categories":["Kazachstania kunashirensis","Kazachstania kunashirensis","Kazachstania","Saccharomycetaceae","Saccharomycetales"],"Properties":[5,3,3]},"2249":{"Path":["0","0","2245","2248"],"Coordinates":[0.53762867702354755,0.44600405166649654,0.43546410498927085],"Categories":["Kazachstania kunashirensis","Kazachstania kunashirensis","Kazachstania","Saccharomycetaceae","Saccharomycetales"],"Properties":[5,3,3]}}