{"418":{"Path":["8","33","33","418"],"Coordinates":[-0.64867897509814154,0.51708708193588,-0.043522015211686735],"Categories":["Torulaspora globosa","Torulaspora globosa","Torulaspora","Saccharomycetaceae","Saccharomycetales"],"Properties":[-6,4,0]},"4225":{"Path":["8","33","33","418"],"Coordinates":[-0.65378363897267366,0.5176463230293713,-0.042392947491338068],"Categories":["Spencermartinsiella ligniputrida","Spencermartinsiella ligniputrida","","",""],"Properties":[-6,4,0]}}