{"3463":{"Path":["0","0","3462","3463"],"Coordinates":[0.758082928362079,0.620389419890936,0.83192120064604758],"Categories":["Cryptococcus amylolyticus","Cryptococcus amylolyticus","Cryptococcus","Tremellaceae","Tremellales"],"Properties":[7,4,7]}}