{"971":{"Path":["0","0","522","971"],"Coordinates":[0.48429463713058762,0.26251962222731473,0.34565742483156847],"Categories":["Nakazawaea pomicola","Nakazawaea pomicola","Nakazawaea","Saccharomycetaceae","Saccharomycetales"],"Properties":[4,2,3]},"972":{"Path":["0","0","522","971"],"Coordinates":[0.48409815186322752,0.26064616370333232,0.34498545257084545],"Categories":["Nakazawaea pomicola","Nakazawaea pomicola","Nakazawaea","Saccharomycetaceae","Saccharomycetales"],"Properties":[4,2,3]}}