{"1494":{"Path":["0","0","1494","1494"],"Coordinates":[0.52640845186243168,0.75195366638909911,0.39257844230025368],"Categories":["Blastobotrys parvus","Blastobotrys parvus","Blastobotrys","Trichomonascaceae","Saccharomycetales"],"Properties":[5,6,3]}}