{"2076":{"Path":["0","0","2076","2076"],"Coordinates":[0.44280561328876045,0.44303403772429911,0.46879609752298207],"Categories":["Bensingtonia yuccicola","Bensingtonia yuccicola","Bensingtonia","Agaricostilbaceae","Agaricostilbales"],"Properties":[4,3,4]}}