{"1965":{"Path":["0","0","1965","1965"],"Coordinates":[0.61772044375841106,0.66167281088426455,0.72080814430495155],"Categories":["Wickerhamomyces hampshirensis","Wickerhamomyces hampshirensis","Wickerhamomyces","","Saccharomycetales"],"Properties":[6,5,6]}}