{"840":{"Path":["0","0","840","840"],"Coordinates":[0.86468954491776462,0.34703553226223616,0.46957630779196069],"Categories":["Citeromyces matritensis","Citeromyces matritensis","Citeromyces","Saccharomycetaceae","Saccharomycetales"],"Properties":[8,2,4]}}