{"115":{"Path":["7","24","115","115"],"Coordinates":[-0.55344545764651742,0.4523367655503201,-0.21684644859427443],"Categories":["Pichia fermentans","Pichia fermentans","Pichia","Saccharomycetaceae","Saccharomycetales"],"Properties":[-5,3,-1]},"326":{"Path":["7","24","115","326"],"Coordinates":[-0.54177046282890218,0.45184070863293541,-0.21480803686909369],"Categories":["Yarrowia lipolytica","Yarrowia lipolytica","Yarrowia","","Saccharomycetales"],"Properties":[-5,3,-1]}}