{"1196":{"Path":["0","0","1196","1196"],"Coordinates":[0.46309608608940278,0.73085409639129062,0.570924500736807],"Categories":["Candida berthetii","Candida berthetii","Candida","","Saccharomycetales"],"Properties":[4,5,5]}}