{"3088":{"Path":["0","0","3088","3088"],"Coordinates":[0.40371732988429482,0.59070130065196758,0.38105871579306594],"Categories":["Sporobolomyces bannaensis","Sporobolomyces bannaensis","Sporobolomyces","","Sporidiobolales"],"Properties":[4,4,3]}}