{"1228":{"Path":["0","0","1228","1228"],"Coordinates":[0.73021383727496558,0.30278110970330263,0.7696144870450915],"Categories":["Nakazawaea peltata","Nakazawaea peltata","Nakazawaea","Saccharomycetaceae","Saccharomycetales"],"Properties":[7,2,6]}}