{"1770":{"Path":["0","0","1770","1770"],"Coordinates":[0.33729963018974918,0.42199928982741686,0.78556982211946846],"Categories":["Candida auringiensis","Candida auringiensis","Candida","","Saccharomycetales"],"Properties":[3,3,7]},"1771":{"Path":["0","0","1770","1770"],"Coordinates":[0.3372619033875679,0.42196247455908692,0.78559591996841982],"Categories":["Candida auringiensis","Candida auringiensis","Candida","","Saccharomycetales"],"Properties":[3,3,7]}}