{"1808":{"Path":["0","0","1260","1809"],"Coordinates":[0.52356678826250369,0.37955247755427785,0.43979514983917983],"Categories":["Cyberlindnera amylophila","Cyberlindnera amylophila","Cyberlindnera","","Saccharomycetales"],"Properties":[5,3,3]},"1809":{"Path":["0","0","1260","1809"],"Coordinates":[0.5204101832864072,0.37977463330072786,0.445382656199279],"Categories":["Cyberlindnera amylophila","Cyberlindnera amylophila","Cyberlindnera","","Saccharomycetales"],"Properties":[5,3,4]}}