{"1308":{"Path":["0","0","1308","1308"],"Coordinates":[0.51559447988995033,0.500369539732029,0.56716585517560358],"Categories":["Wickerhamomyces anomalus","Wickerhamomyces anomalus","Wickerhamomyces","","Saccharomycetales"],"Properties":[5,4,5]}}