{"2783":{"Path":["0","0","2783","2783"],"Coordinates":[0.80941784396292,0.47391361174790858,0.32120274902407614],"Categories":["Cryptococcus cylindricus","Cryptococcus cylindricus","Cryptococcus","Tremellaceae","Tremellales"],"Properties":[8,3,2]}}