{"3799":{"Path":["0","0","37","3800"],"Coordinates":[0.69371941026218564,0.3804644423788528,0.58185242069167686],"Categories":["Derxomyces yunnanensis","Derxomyces yunnanensis","Derxomyces","","Tremellales"],"Properties":[6,3,5]},"3800":{"Path":["0","0","37","3800"],"Coordinates":[0.686614027773637,0.39010812730653943,0.57711449867818554],"Categories":["Derxomyces yunnanensis","Derxomyces yunnanensis","Derxomyces","","Tremellales"],"Properties":[6,3,5]}}