{"3130":{"Path":["0","0","3132","3130"],"Coordinates":[0.77386454456295262,0.38034900003875272,0.6504674634358677],"Categories":["Blastobotrys indianaensis","Blastobotrys indianaensis","Blastobotrys","Trichomonascaceae","Saccharomycetales"],"Properties":[7,3,5]},"3132":{"Path":["0","0","3132","3132"],"Coordinates":[0.66259166732263264,0.41319339689546919,0.3654466569422315],"Categories":["Trichomonascus petasosporus","Trichomonascus petasosporus","Trichomonascus","Endomycetaceae","Saccharomycetales"],"Properties":[6,3,3]}}