{"3118":{"Path":["0","0","3119","3119"],"Coordinates":[0.15657445643751644,0.11982191338130145,0.38421620292575087],"Categories":["Bensingtonia sorbi","Bensingtonia sorbi","Bensingtonia","Agaricostilbaceae","Agaricostilbales"],"Properties":[1,0,3]},"3119":{"Path":["0","0","3119","3119"],"Coordinates":[0.15670974955620209,0.11995790600828041,0.38483702937191033],"Categories":["Bensingtonia sorbi","Bensingtonia sorbi","Bensingtonia","Agaricostilbaceae","Agaricostilbales"],"Properties":[1,0,3]}}