{"3929":{"Path":["0","0","3928","3929"],"Coordinates":[0.64704748307640447,0.90500209541640519,0.22282050789826566],"Categories":["Rhodotorula straminea","Rhodotorula straminea","Rhodotorula","","Sporidiobolales"],"Properties":[6,7,2]}}