{"2290":{"Path":["0","0","2292","2291"],"Coordinates":[0.730212471862296,0.10808174420750195,0.2421999526068967],"Categories":["Saccharomycopsis amapae","Saccharomycopsis amapae","Saccharomycopsis","Saccharomycopsidaceae","Saccharomycetales"],"Properties":[7,0,2]},"2291":{"Path":["0","0","2292","2291"],"Coordinates":[0.72906726077678286,0.11130853948329107,0.24426787035617081],"Categories":["Saccharomycopsis amapae","Saccharomycopsis amapae","Saccharomycopsis","Saccharomycopsidaceae","Saccharomycetales"],"Properties":[7,0,2]}}