{"3573":{"Path":["0","0","3573","3573"],"Coordinates":[0.55543526129300491,0.53741579518417659,0.32621654980052145],"Categories":["Metschnikowia shivogae","Metschnikowia shivogae","Metschnikowia","Metschnikowiaceae","Saccharomycetales"],"Properties":[5,4,2]}}