{"2935":{"Path":["0","0","2935","2935"],"Coordinates":[0.5177887766184015,0.37444254879264954,0.74509552217071684],"Categories":["Zygosaccharomyces kombuchaensis","Zygosaccharomyces kombuchaensis","Zygosaccharomyces","Saccharomycetaceae","Saccharomycetales"],"Properties":[5,2,6]}}