{"2712":{"Path":["0","0","2712","2712"],"Coordinates":[0.3196135054535485,0.6635591128811793,0.65371862346426213],"Categories":["Candida robnettiae","Candida robnettiae","Candida","","Saccharomycetales"],"Properties":[3,5,5]},"4152":{"Path":["0","0","2712","4152"],"Coordinates":[0.20108928857554975,0.42608399055554064,0.61705293026315844],"Categories":["Candida tocantinsensis","Candida tocantinsensis","Candida","","Saccharomycetales"],"Properties":[2,3,5]}}