{"782":{"Path":["0","0","782","782"],"Coordinates":[0.799100181488289,0.24967475872922804,0.47619516924258259],"Categories":["Kazachstania africana","Kazachstania africana","Kazachstania","Saccharomycetaceae","Saccharomycetales"],"Properties":[7,1,4]}}