{"1316":{"Path":["0","0","411","1316"],"Coordinates":[0.53795739030325984,0.55837381004372832,0.58479392503663707],"Categories":["Ogataea henricii","Ogataea henricii","Ogataea","Saccharomycetaceae","Saccharomycetales"],"Properties":[5,4,5]}}