{"3373":{"Path":["0","0","3373","3373"],"Coordinates":[0.33359952220061417,0.31410472077000995,0.51964289582329226],"Categories":["Cryptococcus taibaiensis","Cryptococcus taibaiensis","Cryptococcus","Tremellaceae","Tremellales"],"Properties":[3,2,4]}}