{"3279":{"Path":["0","0","3277","3279"],"Coordinates":[0.58025823260614573,0.29952089456372244,0.74910671050971167],"Categories":["Candida taliae","Candida taliae","Candida","","Saccharomycetales"],"Properties":[5,2,6]}}