{"1615":{"Path":["0","1615","1615","1615"],"Coordinates":[0.36447797878859539,0.24092890401265116,0.57016250108761368],"Categories":["Farysizyma acheniorum","Farysizyma acheniorum","Farysizyma","","Ustilaginales"],"Properties":[3,1,5]},"3379":{"Path":["0","1615","3379","3379"],"Coordinates":[0.24604547279241551,0.32820877727931258,0.3920699261393924],"Categories":["Farysizyma taiwaniana","Farysizyma taiwaniana","Farysizyma","","Ustilaginales"],"Properties":[2,2,3]}}