{"3424":{"Path":["0","0","37","3424"],"Coordinates":[0.59390638381531946,0.40713124885587593,0.4477058589896511],"Categories":["Trichosporon otae","Trichosporon otae","Trichosporon","Trichosporonaceae","Tremellales"],"Properties":[5,3,4]}}