{"4269":{"Path":["0","4269","4269","4269"],"Coordinates":[0.67395306472904659,-0.00030312402211959966,0.82018857621401187],"Categories":["Saprochaete chiloensis","Saprochaete chiloensis","Saprochaete","Dipodascaceae","Saccharomycetales"],"Properties":[6,0,7]}}