{"1291":{"Path":["0","0","1291","1291"],"Coordinates":[0.24569554931848811,0.35985620996702339,0.61640410870387941],"Categories":["Candida chilensis","Candida chilensis","Candida","","Saccharomycetales"],"Properties":[2,2,5]}}