{"1361":{"Path":["0","1358","1358","1361"],"Coordinates":[0.44517719156925734,0.38829826918622479,0.39408729739791548],"Categories":["Phaffia rhodozyma","Phaffia rhodozyma","Phaffia","Cystofilobasidiaceae","Cystofilobasidiales"],"Properties":[4,3,3]}}