{"577":{"Path":["0","0","577","577"],"Coordinates":[0.40430298877301085,0.28722387056258,0.21667689115932493],"Categories":["Pichia norvegensis","Pichia norvegensis","Pichia","Saccharomycetaceae","Saccharomycetales"],"Properties":[4,2,1]},"742":{"Path":["0","0","577","742"],"Coordinates":[0.38517128188047145,0.2535664902562052,0.20318027890698481],"Categories":["Candida boidinii","Candida boidinii","Candida","","Saccharomycetales"],"Properties":[3,2,1]}}