{"190":{"Path":["0","0","190","190"],"Coordinates":[0.69980464823443322,0.20740949544619619,0.59343141847771019],"Categories":["Kazachstania exigua","Kazachstania exigua","Kazachstania","Saccharomycetaceae","Saccharomycetales"],"Properties":[6,1,5]}}