{"236":{"Path":["6","6","203","236"],"Coordinates":[-0.31796302875850246,0.2822755728997654,0.04296852605824792],"Categories":["Saccharomyces paradoxus","Saccharomyces paradoxus","Saccharomyces","Saccharomycetaceae","Saccharomycetales"],"Properties":[-3,2,0]},"1733":{"Path":["6","6","203","236"],"Coordinates":[-0.31472411171012876,0.28276467087218754,0.041285275416584777],"Categories":["Blastobotrys adeninivorans","Blastobotrys raffinosifermentans","Blastobotrys","Trichomonascaceae","Saccharomycetales"],"Properties":[-3,2,0]}}