{"102":{"Path":["4","12","102","102"],"Coordinates":[-0.50426661589498745,0.74918751394267236,-0.0162923198128301],"Categories":["Candida magnoliae","Candida magnoliae","Candida","","Saccharomycetales"],"Properties":[-5,5,0]},"3894":{"Path":["4","12","102","102"],"Coordinates":[-0.50397212099180078,0.7462603120549306,-0.018503101868187766],"Categories":["Candida orthopsilosis","Candida orthopsilosis","Candida","","Saccharomycetales"],"Properties":[-5,5,0]}}