{"1183":{"Path":["0","0","1184","1184"],"Coordinates":[0.76169984209041608,0.31416276509238483,0.34350660062769645],"Categories":["Candida intermedia","Candida intermedia","Candida","","Saccharomycetales"],"Properties":[7,2,3]},"1184":{"Path":["0","0","1184","1184"],"Coordinates":[0.76169113189299786,0.31417958175940242,0.34349670761381895],"Categories":["Candida intermedia","Candida intermedia","Candida","","Saccharomycetales"],"Properties":[7,2,3]}}