{"3270":{"Path":["0","0","3270","3270"],"Coordinates":[0.43574274641739308,0.52783179559402693,0.72705950815663445],"Categories":["Candida atakaporum","Candida atakaporum","Candida","","Saccharomycetales"],"Properties":[4,4,6]},"3271":{"Path":["0","0","3270","3270"],"Coordinates":[0.4357374210720053,0.52784035534855256,0.727074057933017],"Categories":["Candida atakaporum","Candida atakaporum","Candida","","Saccharomycetales"],"Properties":[4,4,6]}}