{"3780":{"Path":["0","0","3780","3780"],"Coordinates":[0.06377130687961298,0.20947985151860596,0.84381752679988642],"Categories":["Candida koratica","Candida koratica","Candida","","Saccharomycetales"],"Properties":[0,1,7]},"3781":{"Path":["0","0","3780","3780"],"Coordinates":[0.06443194366440616,0.2083858310227065,0.84535592816056271],"Categories":["Candida koratica","Candida koratica","Candida","","Saccharomycetales"],"Properties":[0,1,7]}}