{"931":{"Path":["0","0","582","931"],"Coordinates":[0.46508457573507328,0.59452480186760126,0.36628531361028904],"Categories":["Candida friedrichii","Candida friedrichii","Candida","","Saccharomycetales"],"Properties":[4,4,3]},"932":{"Path":["0","0","582","931"],"Coordinates":[0.46508057078525189,0.59455946727929154,0.36624208966055233],"Categories":["Candida friedrichii","Candida friedrichii","Candida","","Saccharomycetales"],"Properties":[4,4,3]}}