{"2519":{"Path":["0","0","2519","2519"],"Coordinates":[0.54372191332268949,0.262601170856911,0.67891528750613117],"Categories":["Vanderwaltozyma yarrowii","Vanderwaltozyma yarrowii","Vanderwaltozyma","Saccharomycetaceae","Saccharomycetales"],"Properties":[5,2,6]}}