{"3597":{"Path":["0","0","3598","3597"],"Coordinates":[0.6083916495151297,0.48231687959441311,0.75529138912639282],"Categories":["Metschnikowia orientalis","Metschnikowia orientalis","Metschnikowia","Metschnikowiaceae","Saccharomycetales"],"Properties":[6,3,6]}}