{"4218":{"Path":["0","0","4218","4218"],"Coordinates":[0.269716527182646,0.45567794285861313,0.48701200922403087],"Categories":["Yamadazyma phyllophila","Yamadazyma phyllophila","Yamadazyma","Saccharomycetaceae","Saccharomycetales"],"Properties":[2,3,4]},"4219":{"Path":["0","0","4218","4218"],"Coordinates":[0.268095357327708,0.45469131731823131,0.48764318142280638],"Categories":["Yamadazyma phyllophila","Yamadazyma phyllophila","Yamadazyma","Saccharomycetaceae","Saccharomycetales"],"Properties":[2,3,4]}}