{"2803":{"Path":["0","0","2803","2803"],"Coordinates":[0.67070360966903708,0.43705102951244784,0.59442525972537219],"Categories":["Ogataea ramenticola","Ogataea ramenticola","Ogataea","Saccharomycetaceae","Saccharomycetales"],"Properties":[6,3,5]}}