{"2254":{"Path":["0","0","2255","2254"],"Coordinates":[0.41452525602592805,0.56676618733296491,0.56475091375871189],"Categories":["Starmera caribaea","Starmera caribaea","Starmera","Phaffomycetaceae","Saccharomycetales"],"Properties":[4,4,5]},"2255":{"Path":["0","0","2255","2255"],"Coordinates":[0.41491267944641247,0.57368902228873508,0.55258850202137832],"Categories":["Starmera caribaea","Starmera caribaea","Starmera","Phaffomycetaceae","Saccharomycetales"],"Properties":[4,4,4]}}