{"2610":{"Path":["0","2609","2610","2610"],"Coordinates":[0.44311051320363509,0.57792748348630008,0.32962789931145764],"Categories":["Pseudozyma abaconensis","Pseudozyma abaconensis","Pseudozyma","Ustilaginaceae","Ustilaginales"],"Properties":[4,4,2]}}