{"2995":{"Path":["0","2134","2134","2995"],"Coordinates":[0.41457506553112589,0.705559063887812,0.33502978607073242],"Categories":["Botryozyma mucatilis","Botryozyma mucatilis","Botryozyma","","Saccharomycetales"],"Properties":[4,5,3]},"2996":{"Path":["0","2134","2134","2995"],"Coordinates":[0.41455608989258774,0.70557984814150365,0.3350140238141468],"Categories":["Botryozyma mucatilis","Botryozyma mucatilis","Botryozyma","","Saccharomycetales"],"Properties":[4,5,3]}}