{"3161":{"Path":["0","3161","3161","3161"],"Coordinates":[0.78873214553870563,0.12652170255169071,0.2432163787419907],"Categories":["Candida bombiphila","Candida bombiphila","Candida","","Saccharomycetales"],"Properties":[7,1,2]},"3162":{"Path":["0","3161","3161","3162"],"Coordinates":[0.77097583370199552,0.11345586341945876,0.23142666976644152],"Categories":["Candida bombiphila","Candida bombiphila","Candida","","Saccharomycetales"],"Properties":[7,0,2]}}