{"2861":{"Path":["2861","2861","2861","2861"],"Coordinates":[0.80484381366325652,0.098698271177474275,-0.084672553356445565],"Categories":["Danielozyma litseae","Danielozyma litseae","Danielozyma","",""],"Properties":[8,0,0]}}