{"4092":{"Path":["0","0","4092","4092"],"Coordinates":[0.42010582392351214,0.76119601109876067,0.45598746424692516],"Categories":["Saturnispora gosingensis","Saturnispora gosingensis","Saturnispora","Saccharomycetaceae","Saccharomycetales"],"Properties":[4,6,4]},"4093":{"Path":["0","0","4092","4092"],"Coordinates":[0.41988874797697229,0.76144968134843671,0.45638446205597577],"Categories":["Saturnispora gosingensis","Saturnispora gosingensis","Saturnispora","Saccharomycetaceae","Saccharomycetales"],"Properties":[4,6,4]}}