{"2718":{"Path":["0","0","2718","2718"],"Coordinates":[0.55515027562213126,0.7947094394561045,0.31993834092060469],"Categories":["Candida pseudoflosculorum","Candida pseudoflosculorum","Candida","","Saccharomycetales"],"Properties":[5,6,2]}}