{"2863":{"Path":["2863","2863","2863","2863"],"Coordinates":[0.013575257684792952,0.70094195139685067,0.36703113859099706],"Categories":["Danielozyma litseae","Danielozyma litseae","Danielozyma","",""],"Properties":[0,5,3]}}