{"610":{"Path":["0","0","610","610"],"Coordinates":[0.38450090643488405,0.27746975655342426,0.8701852826630404],"Categories":["Candida nitratophila","Candida nitratophila","Candida","","Saccharomycetales"],"Properties":[3,2,7]}}