{"2848":{"Path":["0","0","2848","2848"],"Coordinates":[0.3902984779377397,0.38543185658113621,0.20534887298905785],"Categories":["Candida tilneyi","Candida tilneyi","Candida","","Saccharomycetales"],"Properties":[3,3,1]}}