{"1726":{"Path":["0","0","1686","1726"],"Coordinates":[0.4506644567630424,0.43462492783270323,0.59987874233612559],"Categories":["Candida buinensis","Candida buinensis","Candida","","Saccharomycetales"],"Properties":[4,3,5]}}