{"2864":{"Path":["2864","2864","2864","2864"],"Coordinates":[1.1084849873872156,0.27417729469891788,0.95524996260451156],"Categories":["Danielozyma litseae","Danielozyma litseae","Danielozyma","",""],"Properties":[1,2,8]},"2865":{"Path":["2864","2864","2864","2865"],"Coordinates":[1.0983099516648762,0.26362831492416106,0.95275538443716123],"Categories":["Danielozyma litseae","Danielozyma litseae","Danielozyma","",""],"Properties":[0,2,8]}}