{"4172":{"Path":["0","0","4172","4172"],"Coordinates":[0.54332077179577232,0.57731668482806076,0.80115955792201121],"Categories":["Candida takata","Candida takata","Candida","","Saccharomycetales"],"Properties":[5,4,7]}}