{"2498":{"Path":["0","0","1513","2498"],"Coordinates":[0.48668678063805743,0.65995134577366432,0.40597138476875061],"Categories":["Scheffersomyces coipomoensis","Scheffersomyces coipomoensis","Scheffersomyces","Debaryomycetaceae","Saccharomycetales"],"Properties":[4,5,3]},"2499":{"Path":["0","0","1513","2498"],"Coordinates":[0.48668877908137853,0.659979244634627,0.40594050585626684],"Categories":["Scheffersomyces coipomoensis","Scheffersomyces coipomoensis","Scheffersomyces","Debaryomycetaceae","Saccharomycetales"],"Properties":[4,5,3]}}