{"1999":{"Path":["0","0","1999","1999"],"Coordinates":[0.37947480889431123,0.52288197115677026,0.43012597563100896],"Categories":["Hannaella sinensis","Hannaella sinensis","Hannaella","","Tremellales"],"Properties":[3,4,3]},"2002":{"Path":["0","0","1999","2002"],"Coordinates":[0.44732841766816173,0.57547540887362036,0.48644991037822261],"Categories":["Hannaella sinensis","Hannaella sinensis","Hannaella","","Tremellales"],"Properties":[4,4,4]}}