{"3244":{"Path":["0","0","37","3244"],"Coordinates":[0.53149853908717482,0.17189218300887246,0.32830581800562891],"Categories":["Kockovaella barringtoniae","Kockovaella barringtoniae","Kockovaella","Cuniculitremaceae","Tremellales"],"Properties":[5,1,2]}}