{"3270":{"Path":["0","0","3270","3270"],"Coordinates":[0.27044982881117652,0.44647066874673313,0.29276496510612532],"Categories":["Candida atakaporum","Candida atakaporum","Candida","","Saccharomycetales"],"Properties":[2,3,2]},"3271":{"Path":["0","0","3270","3270"],"Coordinates":[0.27040697289506271,0.44647948158356543,0.29275267021008894],"Categories":["Candida atakaporum","Candida atakaporum","Candida","","Saccharomycetales"],"Properties":[2,3,2]}}