{"2678":{"Path":["0","0","2678","2678"],"Coordinates":[0.70836751014606159,0.42550298840469064,0.23968513832352628],"Categories":["Danielozyma ontarioensis","Danielozyma ontarioensis","Danielozyma","",""],"Properties":[7,3,2]},"2680":{"Path":["0","0","2678","2680"],"Coordinates":[0.48061355528725896,0.155412703128423,0.311657692856451],"Categories":["Danielozyma ontarioensis","Danielozyma ontarioensis","Danielozyma","",""],"Properties":[4,1,2]}}