{"2521":{"Path":["0","0","2521","2521"],"Coordinates":[0.53415214213169182,0.72685208476488616,0.686414202112509],"Categories":["Fellomyces fuzhouensis","Fellomyces fuzhouensis","Fellomyces","Cuniculitremaceae","Tremellales"],"Properties":[5,5,6]},"2522":{"Path":["0","0","2521","2521"],"Coordinates":[0.53414095159118558,0.726846036581296,0.68642468385257871],"Categories":["Fellomyces fuzhouensis","Fellomyces fuzhouensis","Fellomyces","Cuniculitremaceae","Tremellales"],"Properties":[5,5,6]}}