{"1324":{"Path":["0","1324","1324","1324"],"Coordinates":[0.68386678180698457,0.52138316395808848,0.64490865993976332],"Categories":["Sporopachydermia lactativora","Sporopachydermia lactativora","Sporopachydermia","","Saccharomycetales"],"Properties":[6,4,5]}}