{"3436":{"Path":["0","0","3436","3436"],"Coordinates":[0.4948581172710132,0.21710279716848527,0.34738605805394263],"Categories":["Candida hispaniensis","Candida hispaniensis","Candida","","Saccharomycetales"],"Properties":[4,1,3]}}