{"2827":{"Path":["0","0","2829","2829"],"Coordinates":[0.35299657921809774,0.54458363166712764,0.57383130084573741],"Categories":["Tetrapisispora nanseiensis","Tetrapisispora nanseiensis","Tetrapisispora","Saccharomycetaceae","Saccharomycetales"],"Properties":[3,4,5]},"2829":{"Path":["0","0","2829","2829"],"Coordinates":[0.35424137248297083,0.5477989042791318,0.57021018061047557],"Categories":["Tetrapisispora nanseiensis","Tetrapisispora nanseiensis","Tetrapisispora","Saccharomycetaceae","Saccharomycetales"],"Properties":[3,4,5]}}