{"1717":{"Path":["0","1717","1717","1717"],"Coordinates":[0.60100474141822557,1.097328097355023,0.899069842157078],"Categories":["Dipodascopsis anomala","Dipodascopsis anomala","Dipodascopsis","Lipomycetaceae","Saccharomycetales"],"Properties":[6,0,8]}}