{"1449":{"Path":["0","0","702","1449"],"Coordinates":[0.702606186899226,0.45801845911812183,0.51515303185269479],"Categories":["Priceomyces castillae","Priceomyces castillae","Priceomyces","Debaryomycetaceae","Saccharomycetales"],"Properties":[7,3,4]}}