{"2409":{"Path":["0","0","2408","2409"],"Coordinates":[0.51749814562408469,0.60371737293395977,0.34346957377012022],"Categories":["Candida kofuensis","Candida kofuensis","Candida","","Saccharomycetales"],"Properties":[5,4,3]}}