{"1598":{"Path":["0","0","1598","1598"],"Coordinates":[0.69982394556476135,0.18556969414782223,0.42078393895551608],"Categories":["Candida rugopelliculosa","Candida rugopelliculosa","Candida","","Saccharomycetales"],"Properties":[6,1,3]}}