{"2172":{"Path":["0","0","2172","2172"],"Coordinates":[0.30763252238228905,0.5949761079268624,0.26056869961923224],"Categories":["Fellomyces horovitziae","Fellomyces horovitziae","Fellomyces","Cuniculitremaceae","Tremellales"],"Properties":[3,4,2]}}