{"2854":{"Path":["0","0","2854","2854"],"Coordinates":[0.40805462834013434,0.52133564175870428,0.7178357332830414],"Categories":["Kazachstania naganishii","Kazachstania naganishii","Kazachstania","Saccharomycetaceae","Saccharomycetales"],"Properties":[4,4,6]}}