{"2617":{"Path":["0","0","2618","2617"],"Coordinates":[0.401816253043662,0.50659717690079775,0.3968072342454545],"Categories":["Candida novakii","Candida novakii","Candida","","Saccharomycetales"],"Properties":[4,4,3]}}