{"3159":{"Path":["0","0","3160","3160"],"Coordinates":[0.16334462162499935,0.42958982382631372,0.8200940094471888],"Categories":["Metschnikowia kunwiensis","Metschnikowia kunwiensis","Metschnikowia","Metschnikowiaceae","Saccharomycetales"],"Properties":[1,3,7]},"3160":{"Path":["0","0","3160","3160"],"Coordinates":[0.16787195312869638,0.43334984430690993,0.81892545673501449],"Categories":["Metschnikowia kunwiensis","Metschnikowia kunwiensis","Metschnikowia","Metschnikowiaceae","Saccharomycetales"],"Properties":[1,3,7]}}