{"3011":{"Path":["0","0","3011","3011"],"Coordinates":[0.2010526647748479,0.84616626153092722,0.627953219710448],"Categories":["Candida davenportii","Candida davenportii","Candida","","Saccharomycetales"],"Properties":[2,6,5]}}