{"3761":{"Path":["0","0","3761","3761"],"Coordinates":[0.48142658083983175,0.56371131559546017,0.4016812844482387],"Categories":["Candida musiphila","Candida musiphila","Candida","","Saccharomycetales"],"Properties":[4,4,3]}}