{"3214":{"Path":["0","0","3211","3214"],"Coordinates":[0.44912673161726296,0.70825793334588949,0.41407989072647006],"Categories":["Rhodotorula oryzae","Rhodotorula oryzae","Rhodotorula","","Sporidiobolales"],"Properties":[4,5,3]}}