{"3188":{"Path":["0","0","3188","3188"],"Coordinates":[0.62899635028245393,0.043913807935395996,0.45850162052840415],"Categories":["Candida leandrae","Candida leandrae","Candida","","Saccharomycetales"],"Properties":[6,0,4]}}