{"4078":{"Path":["0","0","4079","4078"],"Coordinates":[0.55203311650561615,0.36124802308012466,0.51725408808077256],"Categories":["Candida inulinophila","Candida inulinophila","Candida","","Saccharomycetales"],"Properties":[5,2,4]}}