{"3350":{"Path":["0","0","3351","3350"],"Coordinates":[0.77664893504655208,0.47508133456472629,0.54509201684898922],"Categories":["Geotrichum carabidarum","Geotrichum carabidarum","Geotrichum","Dipodascaceae","Saccharomycetales"],"Properties":[7,3,4]}}