{"2502":{"Path":["0","0","2502","2502"],"Coordinates":[0.730648823327595,0.085318170801003471,0.75802672515585512],"Categories":["Ambrosiozyma llanquihuensis","Ambrosiozyma llanquihuensis","Ambrosiozyma","","Saccharomycetales"],"Properties":[7,0,6]}}