{"1186":{"Path":["0","0","1186","1186"],"Coordinates":[0.53696497360348938,0.48930667893099522,0.80565203691852882],"Categories":["Ogataea trehalophila","Ogataea trehalophila","Ogataea","Saccharomycetaceae","Saccharomycetales"],"Properties":[5,3,7]}}