{"3356":{"Path":["0","0","3356","3356"],"Coordinates":[0.2843484086707479,0.48795529727113113,0.41186356783624606],"Categories":["Candida buenavistaensis","Candida buenavistaensis","Candida","","Saccharomycetales"],"Properties":[2,3,3]}}