{"2151":{"Path":["0","0","2151","2151"],"Coordinates":[0.37342366706970059,0.30369748664070317,0.36844437265162694],"Categories":["Myxozyma udenii","Myxozyma udenii","Myxozyma","Lipomycetaceae","Saccharomycetales"],"Properties":[3,2,3]}}