{"1848":{"Path":["0","0","1849","1848"],"Coordinates":[0.29819743440103241,0.5395575958410137,0.52273494049019154],"Categories":["Myxozyma mucilagina","Myxozyma mucilagina","Myxozyma","Lipomycetaceae","Saccharomycetales"],"Properties":[2,4,4]}}