{"1812":{"Path":["0","0","1812","1812"],"Coordinates":[0.6811657737159269,0.26923626400163575,0.87651380563368231],"Categories":["Candida methanosorbosa","Candida methanosorbosa","Candida","","Saccharomycetales"],"Properties":[6,2,7]}}