{"3589":{"Path":["0","0","2308","3589"],"Coordinates":[0.45637353023721394,0.21657015633432308,0.67165376948113775],"Categories":["Candida dosseyi","Candida dosseyi","Candida","","Saccharomycetales"],"Properties":[4,1,6]}}