{"545":{"Path":["0","545","545","545"],"Coordinates":[0.71752057633948052,0.80326105441624707,0.10124815961773674],"Categories":["Wickerhamomyces bisporus","Wickerhamomyces bisporus","Wickerhamomyces","","Saccharomycetales"],"Properties":[7,6,0]}}