{"795":{"Path":["1","14","14","795"],"Coordinates":[-0.32802051088174228,0.13180982627113047,-0.30743347208033223],"Categories":["Saccharomycopsis javanensis","Saccharomycopsis javanensis","Saccharomycopsis","Saccharomycopsidaceae","Saccharomycetales"],"Properties":[-3,1,-2]},"4126":{"Path":["1","14","14","795"],"Coordinates":[-0.33153831374024584,0.13038351530654183,-0.30440462594579648],"Categories":["Ogataea parapolymorpha","Ogataea parapolymorpha","Ogataea","Saccharomycetaceae","Saccharomycetales"],"Properties":[-3,1,-2]}}