{"2663":{"Path":["0","0","2663","2663"],"Coordinates":[0.50114484961147365,0.81383147375545561,0.1651653655151257],"Categories":["Candida arabinofermentans","Candida arabinofermentans","Candida","","Saccharomycetales"],"Properties":[5,6,1]}}