{"1034":{"Path":["0","0","1034","1034"],"Coordinates":[0.47248755755320665,0.86480184305642793,0.54366319923281958],"Categories":["Cryptococcus terricola","Cryptococcus terricola","Cryptococcus","Tremellaceae","Tremellales"],"Properties":[4,6,4]}}