{"1721":{"Path":["0","0","1722","1722"],"Coordinates":[0.57072600775306714,0.49465551012548925,0.66613185389143981],"Categories":["Candida fluviatilis","Candida fluviatilis","Candida","","Saccharomycetales"],"Properties":[5,3,5]},"1722":{"Path":["0","0","1722","1722"],"Coordinates":[0.57073823248305555,0.494663840321399,0.666124742949619],"Categories":["Candida fluviatilis","Candida fluviatilis","Candida","","Saccharomycetales"],"Properties":[5,3,5]}}