{"86":{"Path":["0","0","82","86"],"Coordinates":[0.17291611524831871,0.747050562534707,0.40862760944111581],"Categories":["Candida stellata","Candida stellata","Candida","","Saccharomycetales"],"Properties":[1,5,3]},"87":{"Path":["0","0","82","86"],"Coordinates":[0.1729354865360945,0.747015966035844,0.40858871958382209],"Categories":["Candida stellata","Candida stellata","Candida","","Saccharomycetales"],"Properties":[1,5,3]}}