{"2270":{"Path":["0","0","2270","2270"],"Coordinates":[0.52935997231560961,0.45699334375429973,0.642851747345476],"Categories":["Tortispora caseinolytica","Tortispora caseinolytica","Tortispora","Trigonopsidaceae","Saccharomycetales"],"Properties":[5,3,5]}}