{"3859":{"Path":["0","0","3859","3859"],"Coordinates":[0.28940951646518892,0.29083245050042522,0.53988696841847361],"Categories":["Cryptococcus aciditolerans","Cryptococcus aciditolerans","Cryptococcus","Tremellaceae","Tremellales"],"Properties":[2,2,4]},"3860":{"Path":["0","0","3859","3860"],"Coordinates":[0.2943785268838518,0.28879407648510014,0.54581604649460547],"Categories":["Cryptococcus metallitolerans","Cryptococcus metallitolerans","Cryptococcus","Tremellaceae","Tremellales"],"Properties":[2,2,4]}}