{"4050":{"Path":["0","0","1566","4050"],"Coordinates":[0.642942184413732,0.67269846389496712,0.74589167940827783],"Categories":["Lachancea nothofagi","Lachancea nothofagi","Lachancea","Saccharomycetaceae","Saccharomycetales"],"Properties":[6,5,6]}}