{"1959":{"Path":["0","0","1959","1959"],"Coordinates":[0.505857574876103,0.48538276923137558,0.34655774604027872],"Categories":["Candida nanaspora","Candida nanaspora","Candida","","Saccharomycetales"],"Properties":[5,3,3]},"1960":{"Path":["0","0","1959","1959"],"Coordinates":[0.50589596840892,0.484405879467667,0.34676803143369161],"Categories":["Candida nanaspora","Candida nanaspora","Candida","","Saccharomycetales"],"Properties":[5,3,3]}}