{"1819":{"Path":["0","0","1819","1819"],"Coordinates":[0.683153789887738,0.52682036090816375,0.26180200809705956],"Categories":["Rhodotorula pilati","Rhodotorula pilati","Rhodotorula","","Sporidiobolales"],"Properties":[6,4,2]}}