{"1256":{"Path":["0","0","1256","1256"],"Coordinates":[0.90010242874942425,0.61546005003221849,0.23308573647479527],"Categories":["Saturnispora mendoncae","Saturnispora mendoncae","Saturnispora","Saccharomycetaceae","Saccharomycetales"],"Properties":[9,4,2]}}