{"864":{"Path":["0","0","864","864"],"Coordinates":[0.49259570340838282,0.41412487694950079,0.57625597397717465],"Categories":["Nakazawaea wickerhamii","Nakazawaea wickerhamii","Nakazawaea","Saccharomycetaceae","Saccharomycetales"],"Properties":[4,3,5]}}