{"1517":{"Path":["0","0","1517","1517"],"Coordinates":[0.192735911425199,0.65517892583419746,0.65038870113579461],"Categories":["Leucosporidiella fragaria","Leucosporidiella fragaria","Leucosporidiella","Leucosporidiaceae","Leucosporidiales"],"Properties":[1,5,5]}}