{"3941":{"Path":["0","0","3728","3941"],"Coordinates":[0.527537520092582,0.7193308349011136,0.39474969916933345],"Categories":["Hannaella pagnoccae","Hannaella pagnoccae","Hannaella","","Tremellales"],"Properties":[5,5,3]}}