{"3957":{"Path":["0","0","3958","3958"],"Coordinates":[0.4541310728053205,0.34404481466732362,0.29894356860954885],"Categories":["Sporobolomyces diospyri","Sporobolomyces diospyri","Sporobolomyces","","Sporidiobolales"],"Properties":[4,2,2]},"3958":{"Path":["0","0","3958","3958"],"Coordinates":[0.45408104874552491,0.34405760556318638,0.29893338369706829],"Categories":["Sporobolomyces diospyri","Sporobolomyces diospyri","Sporobolomyces","","Sporidiobolales"],"Properties":[4,2,2]}}