{"1084":{"Path":["0","0","1085","1085"],"Coordinates":[0.4473208235358575,0.54443836169818194,0.35128849602381157],"Categories":["Trichomonascus ciferrii","Trichomonascus ciferrii","Trichomonascus","Endomycetaceae","Saccharomycetales"],"Properties":[4,4,3]},"1085":{"Path":["0","0","1085","1085"],"Coordinates":[0.44805204512811264,0.5438771750458,0.35090070158350933],"Categories":["Trichomonascus ciferrii","Trichomonascus ciferrii","Trichomonascus","Endomycetaceae","Saccharomycetales"],"Properties":[4,4,3]}}