{"2502":{"Path":["0","0","2502","2502"],"Coordinates":[0.11466954069230527,1.1552891615334604,0.36058611383541328],"Categories":["Ambrosiozyma llanquihuensis","Ambrosiozyma llanquihuensis","Ambrosiozyma","","Saccharomycetales"],"Properties":[1,1,3]}}