{"1861":{"Path":["0","0","1861","1861"],"Coordinates":[0.45249480983382062,0.62828380871525946,0.57959260956357384],"Categories":["Barnettozyma pratensis","Barnettozyma pratensis","Barnettozyma","","Saccharomycetales"],"Properties":[4,5,5]},"3219":{"Path":["0","0","1861","3219"],"Coordinates":[0.68189679636986222,0.32961613274741952,0.50655901447786988],"Categories":["Candida qinlingensis","Candida qinlingensis","Candida","","Saccharomycetales"],"Properties":[6,2,4]}}