{"3820":{"Path":["0","0","3820","3820"],"Coordinates":[-0.012928687598906086,0.81229225466001076,0.66918858113813762],"Categories":["Mrakiella cryoconiti","Mrakiella cryoconiti","Mrakiella","","Cystofilobasidiales"],"Properties":[0,6,6]}}