{"3423":{"Path":["0","0","37","3423"],"Coordinates":[0.62858041364534545,0.39614185146085923,0.34264296694949115],"Categories":["Trichosporon chiropterorum","Trichosporon chiropterorum","Trichosporon","Trichosporonaceae","Tremellales"],"Properties":[6,3,3]}}