{"1660":{"Path":["0","0","1660","1660"],"Coordinates":[0.44032503115996779,0.59285782413362964,0.44924901161730868],"Categories":["Pichia norvegensis","Pichia norvegensis","Pichia","Saccharomycetaceae","Saccharomycetales"],"Properties":[4,4,4]}}