{"3269":{"Path":["0","0","3269","3269"],"Coordinates":[0.49934864566443915,0.51545032313557915,0.23534434359563983],"Categories":["Candida bolitotheri","Candida bolitotheri","Candida","","Saccharomycetales"],"Properties":[4,4,2]}}