{"1966":{"Path":["0","0","1967","1966"],"Coordinates":[0.70267361708957976,0.2432670213763527,0.5149926384692497],"Categories":["Cyberlindnera japonica","Cyberlindnera japonica","Cyberlindnera","","Saccharomycetales"],"Properties":[7,1,4]}}