{"2750":{"Path":["0","0","2749","2750"],"Coordinates":[0.7242136322485655,0.72539155659047339,0.49287106553956561],"Categories":["Bullera penniseticola","Bullera penniseticola","Bullera","Tremellaceae","Tremellales"],"Properties":[7,5,4]},"2751":{"Path":["0","0","2749","2750"],"Coordinates":[0.72419423247431114,0.72535839113060052,0.49289140151150829],"Categories":["Bullera penniseticola","Bullera penniseticola","Bullera","Tremellaceae","Tremellales"],"Properties":[7,5,4]}}