{"4024":{"Path":["0","0","4025","4025"],"Coordinates":[0.37733240247733607,0.58230392374699358,0.7505540009291416],"Categories":["Barnettozyma sucrosica","Barnettozyma sucrosica","Barnettozyma","","Saccharomycetales"],"Properties":[3,4,6]},"4025":{"Path":["0","0","4025","4025"],"Coordinates":[0.37262052962072495,0.57864229874031481,0.75117910611516781],"Categories":["Barnettozyma sucrosica","Barnettozyma sucrosica","Barnettozyma","","Saccharomycetales"],"Properties":[3,4,6]}}