{"2787":{"Path":["0","0","2787","2787"],"Coordinates":[0.61022758993772852,0.60862207944390878,0.54265131948830148],"Categories":["Cryptococcus oeirensis","Cryptococcus oeirensis","Cryptococcus","Tremellaceae","Tremellales"],"Properties":[6,4,4]}}