{"1297":{"Path":["0","0","1297","1297"],"Coordinates":[0.75822468286261646,0.6937523595458237,0.440943680779697],"Categories":["Candida albicans","Candida albicans","Candida","","Saccharomycetales"],"Properties":[7,5,3]},"2381":{"Path":["0","0","1297","2381"],"Coordinates":[0.49233984220738647,0.514205098276794,0.43891803016056213],"Categories":["Candida dubliniensis","Candida dubliniensis","Candida","","Saccharomycetales"],"Properties":[4,4,3]}}