{"3144":{"Path":["0","0","3144","3144"],"Coordinates":[0.54413597172563033,0.34055751666511996,0.3024233612013747],"Categories":["Derxomyces anomala","Derxomyces anomala","Derxomyces","","Tremellales"],"Properties":[5,2,2]}}