{"2721":{"Path":["0","2721","2721","2721"],"Coordinates":[0.65655300234742242,0.12606997369018533,0.4345655373353306],"Categories":["Candida eppingiae","Candida eppingiae","Candida","","Saccharomycetales"],"Properties":[6,1,3]}}