{"2567":{"Path":["0","0","2098","2567"],"Coordinates":[0.45536835649329543,0.49932863114573356,0.79642447132308158],"Categories":["Derxomyces huiaensis","Derxomyces huiaensis","Derxomyces","","Tremellales"],"Properties":[4,3,7]},"2568":{"Path":["0","0","2098","2567"],"Coordinates":[0.45537877192618181,0.499392329805916,0.79645503807012752],"Categories":["Derxomyces huiaensis","Derxomyces huiaensis","Derxomyces","","Tremellales"],"Properties":[4,3,7]}}