{"529":{"Path":["0","0","528","529"],"Coordinates":[0.61638038095007686,0.35141362603938059,0.40551891534514978],"Categories":["Candida versatilis","Candida versatilis","Candida","","Saccharomycetales"],"Properties":[6,2,3]},"530":{"Path":["0","0","528","529"],"Coordinates":[0.6163925442238275,0.35137099616985823,0.40548543775092222],"Categories":["Candida versatilis","Candida versatilis","Candida","","Saccharomycetales"],"Properties":[6,2,3]}}