{"82":{"Path":["0","0","82","82"],"Coordinates":[0.72118524558377051,0.41159665636649179,0.47096148206778143],"Categories":["Candida stellata","Candida stellata","Candida","","Saccharomycetales"],"Properties":[7,3,4]},"83":{"Path":["0","0","82","82"],"Coordinates":[0.72120049915133921,0.41160038494202345,0.470946121257291],"Categories":["Candida stellata","Candida stellata","Candida","","Saccharomycetales"],"Properties":[7,3,4]},"84":{"Path":["0","0","82","82"],"Coordinates":[0.72120022625805258,0.4116003361287533,0.47094638774503417],"Categories":["Candida stellata","Candida stellata","Candida","","Saccharomycetales"],"Properties":[7,3,4]},"85":{"Path":["0","0","82","82"],"Coordinates":[0.72118905981845238,0.41159761593496091,0.47095762835358818],"Categories":["Candida stellata","Candida stellata","Candida","","Saccharomycetales"],"Properties":[7,3,4]}}