{"13":{"Path":["6","13","13","13"],"Coordinates":[-0.37983189685470342,0.23428042384255321,0.11227845046456388],"Categories":["Dekkera anomala","Dekkera anomala","Dekkera","Saccharomycetaceae","Saccharomycetales"],"Properties":[-3,1,1]},"137":{"Path":["6","13","137","137"],"Coordinates":[-0.3746194915730186,0.26501291558754292,0.093628322334998876],"Categories":["Kloeckera lindneri","Kloeckera lindneri","Kloeckera","Saccharomycodaceae","Saccharomycetales"],"Properties":[-3,2,0]},"167":{"Path":["6","13","167","167"],"Coordinates":[-0.37784595337368315,0.20576643611221113,0.0892069722169269],"Categories":["Cystobasidium pallidum","Cystobasidium pallidum","Cystobasidium","Platygloeaceae","Platygloeales"],"Properties":[-3,1,0]}}