{"1645":{"Path":["0","0","411","1645"],"Coordinates":[0.54776992406438529,0.42684571393916754,0.5373867562187844],"Categories":["Candida methanolovescens","Candida methanolovescens","Candida","","Saccharomycetales"],"Properties":[5,3,4]}}