{"834":{"Path":["0","0","834","834"],"Coordinates":[0.269107781118721,0.45469546340254169,0.518849933291015],"Categories":["Kazachstania lodderae","Kazachstania lodderae","Kazachstania","Saccharomycetaceae","Saccharomycetales"],"Properties":[2,3,4]},"835":{"Path":["0","0","834","835"],"Coordinates":[0.62527076991334951,0.36930551112844845,0.33042892180717459],"Categories":["Kazachstania lodderae","Kazachstania lodderae","Kazachstania","Saccharomycetaceae","Saccharomycetales"],"Properties":[6,2,2]}}