{"4144":{"Path":["0","0","4143","4144"],"Coordinates":[0.54377827224228426,0.528788410407067,0.16639290682427033],"Categories":["Ogataea phyllophila","Ogataea phyllophila","Ogataea","Saccharomycetaceae","Saccharomycetales"],"Properties":[5,4,1]}}