{"3103":{"Path":["0","0","37","3103"],"Coordinates":[0.48595230823629804,0.41075944371311385,0.81101193266326732],"Categories":["Hannaella surugaensis","Hannaella surugaensis","Hannaella","","Tremellales"],"Properties":[4,3,7]}}