{"2579":{"Path":["0","0","2579","2579"],"Coordinates":[0.80843766370418357,0.49685399299832511,0.27372267430059977],"Categories":["Debaryomyces mycophilus","Debaryomyces mycophilus","Debaryomyces","Saccharomycetaceae","Saccharomycetales"],"Properties":[8,3,2]}}