{"3030":{"Path":["0","0","3030","3030"],"Coordinates":[0.15691885957397386,0.54583160408526221,0.20021717053440369],"Categories":["Starmerella meliponinorum","Starmerella meliponinorum","Starmerella","Saccharomycetaceae","Saccharomycetales"],"Properties":[1,4,1]}}