{"2796":{"Path":["0","0","2796","2796"],"Coordinates":[0.46304525454529977,0.67959098881807434,0.30375097864376027],"Categories":["Cryptococcus victoriae","Cryptococcus victoriae","Cryptococcus","Tremellaceae","Tremellales"],"Properties":[4,5,2]}}