{"3929":{"Path":["0","0","3928","3929"],"Coordinates":[0.37021753063741991,0.72657978954254243,0.410673522308591],"Categories":["Rhodotorula straminea","Rhodotorula straminea","Rhodotorula","","Sporidiobolales"],"Properties":[3,5,3]}}