{"3809":{"Path":["0","1761","3809","3809"],"Coordinates":[0.42823451201520812,0.45456971268381968,0.37676161580810885],"Categories":["Mrakia psychrophila","Mrakia psychrophila","Mrakia","Cystofilobasidiaceae","Cystofilobasidiales"],"Properties":[4,3,3]}}