{"2397":{"Path":["0","0","2398","2398"],"Coordinates":[0.412357117262359,0.23653377337354789,0.2838266282238171],"Categories":["Candida paludigena","Candida paludigena","Candida","","Saccharomycetales"],"Properties":[4,1,2]},"2398":{"Path":["0","0","2398","2398"],"Coordinates":[0.4123194864387032,0.23655853656385822,0.2838205865798743],"Categories":["Candida paludigena","Candida paludigena","Candida","","Saccharomycetales"],"Properties":[4,1,2]}}