{"2882":{"Path":["0","0","2882","2882"],"Coordinates":[0.47346325767102476,0.48968322932194114,0.653248097331301],"Categories":["Metschnikowia drosophilae","Metschnikowia drosophilae","Metschnikowia","Metschnikowiaceae","Saccharomycetales"],"Properties":[4,3,5]}}