{"2932":{"Path":["0","0","2932","2932"],"Coordinates":[0.26613903687289242,0.503391398484624,0.81578807583192159],"Categories":["Candida caryicola","Candida caryicola","Candida","","Saccharomycetales"],"Properties":[2,4,7]}}