{"933":{"Path":["0","0","582","933"],"Coordinates":[0.61225168199147972,0.65845044171598588,0.61651363666752079],"Categories":["Candida friedrichii","Candida friedrichii","Candida","","Saccharomycetales"],"Properties":[6,5,5]}}