{"3999":{"Path":["0","0","3999","3999"],"Coordinates":[0.44467812008219088,0.60109964968659835,0.34467596590064142],"Categories":["Geotrichum phurueaensis","Geotrichum phurueaensis","Geotrichum","Dipodascaceae","Saccharomycetales"],"Properties":[4,4,3]}}