{"2520":{"Path":["0","0","2521","2520"],"Coordinates":[0.44873542966501306,0.18758775441653539,0.776656508568248],"Categories":["Fellomyces fuzhouensis","Fellomyces fuzhouensis","Fellomyces","Cuniculitremaceae","Tremellales"],"Properties":[4,1,6]}}