{"1120":{"Path":["0","0","0","1120"],"Coordinates":[0.25413077039650445,0.58388840809445008,0.60941495643869348],"Categories":["Sporobolomyces singularis","Sporobolomyces singularis","Sporobolomyces","","Sporidiobolales"],"Properties":[2,4,5]}}