{"2309":{"Path":["0","0","2309","2309"],"Coordinates":[0.32035674463936192,0.60864235810145251,0.64689642509260359],"Categories":["Sporobolomyces linderae","Sporobolomyces linderae","Sporobolomyces","","Sporidiobolales"],"Properties":[3,4,5]}}