{"2847":{"Path":["0","0","2848","2848"],"Coordinates":[0.44916124223979664,0.25383853675859724,0.3951099582383738],"Categories":["Candida tilneyi","Candida tilneyi","Candida","","Saccharomycetales"],"Properties":[4,2,3]},"2848":{"Path":["0","0","2848","2848"],"Coordinates":[0.45158241640138413,0.25169328154882259,0.39275713105300791],"Categories":["Candida tilneyi","Candida tilneyi","Candida","","Saccharomycetales"],"Properties":[4,2,3]}}