{"28":{"Path":["0","0","37","37"],"Coordinates":[0.50865293573580472,0.47704012411534247,0.43465975432802939],"Categories":["Filobasidiella neoformans","Filobasidiella neoformans","Filobasidiella","","Tremellales"],"Properties":[5,3,3]},"29":{"Path":["0","0","37","37"],"Coordinates":[0.52216533695227441,0.47162462594778853,0.60745525851173843],"Categories":["Filobasidiella neoformans","Filobasidiella neoformans","Filobasidiella","","Tremellales"],"Properties":[5,3,5]},"30":{"Path":["0","0","37","37"],"Coordinates":[0.50804584534345276,0.47733397821668855,0.43844684142043322],"Categories":["Filobasidiella neoformans","Filobasidiella neoformans","Filobasidiella","","Tremellales"],"Properties":[5,3,3]},"31":{"Path":["0","0","37","37"],"Coordinates":[0.50959038819657165,0.47649631392385772,0.417051970121078],"Categories":["Filobasidiella neoformans","Filobasidiella neoformans","Filobasidiella","","Tremellales"],"Properties":[5,3,3]},"32":{"Path":["0","0","37","37"],"Coordinates":[0.50167299541203736,0.47990833080178069,0.35893720690479414],"Categories":["Filobasidiella neoformans","Filobasidiella neoformans","Filobasidiella","","Tremellales"],"Properties":[5,3,3]},"33":{"Path":["0","0","37","37"],"Coordinates":[0.51161822555928593,0.47578658026230364,0.45646747864296161],"Categories":["Filobasidiella neoformans","Filobasidiella neoformans","Filobasidiella","","Tremellales"],"Properties":[5,3,4]},"34":{"Path":["0","0","37","37"],"Coordinates":[0.51155981853923627,0.47578354127321992,0.45613445998196478],"Categories":["Filobasidiella neoformans","Filobasidiella neoformans","Filobasidiella","","Tremellales"],"Properties":[5,3,4]},"35":{"Path":["0","0","37","37"],"Coordinates":[0.50950588701604627,0.47673980986957842,0.44730122471353828],"Categories":["Filobasidiella neoformans","Filobasidiella neoformans","Filobasidiella","","Tremellales"],"Properties":[5,3,4]},"36":{"Path":["0","0","37","37"],"Coordinates":[0.50948392783470531,0.47654111835932328,0.41606294162986246],"Categories":["Filobasidiella neoformans","Filobasidiella neoformans","Filobasidiella","","Tremellales"],"Properties":[5,3,3]},"37":{"Path":["0","0","37","37"],"Coordinates":[0.51055032170012138,0.47623230579533282,0.45291402053998592],"Categories":["Filobasidiella neoformans","Filobasidiella neoformans","Filobasidiella","","Tremellales"],"Properties":[5,3,4]},"38":{"Path":["0","0","37","37"],"Coordinates":[0.51152120841296833,0.47581707828635905,0.46383023815520263],"Categories":["Filobasidiella neoformans","Filobasidiella neoformans","Filobasidiella","","Tremellales"],"Properties":[5,3,4]},"39":{"Path":["0","0","37","37"],"Coordinates":[0.51094235061583582,0.47611024887226672,0.45415389549350521],"Categories":["Filobasidiella neoformans","Filobasidiella neoformans","Filobasidiella","","Tremellales"],"Properties":[5,3,4]},"1789":{"Path":["0","0","37","37"],"Coordinates":[0.50955035834074,0.47676561168728138,0.457178292824573],"Categories":["Filobasidiella neoformans","Filobasidiella bacillispora","Filobasidiella","","Tremellales"],"Properties":[5,3,4]},"1790":{"Path":["0","0","37","37"],"Coordinates":[0.50245616627866541,0.47959227688133582,0.36882477038453904],"Categories":["Filobasidiella neoformans","Filobasidiella bacillispora","Filobasidiella","","Tremellales"],"Properties":[5,3,3]},"1791":{"Path":["0","0","37","37"],"Coordinates":[0.51148629291678327,0.47595815731882324,0.48044026342774571],"Categories":["Filobasidiella neoformans","Filobasidiella bacillispora","Filobasidiella","","Tremellales"],"Properties":[5,3,4]},"2808":{"Path":["0","0","37","37"],"Coordinates":[0.52559920710308206,0.47024147015765494,0.64450822222297854],"Categories":["Filobasidiella neoformans","Filobasidiella neoformans","Filobasidiella","","Tremellales"],"Properties":[5,3,5]},"2809":{"Path":["0","0","37","37"],"Coordinates":[0.51099197030188748,0.47587787938497439,0.46897432805875289],"Categories":["Filobasidiella neoformans","Filobasidiella neoformans","Filobasidiella","","Tremellales"],"Properties":[5,3,4]},"2810":{"Path":["0","0","37","37"],"Coordinates":[0.51357736158172351,0.47512334054643729,0.50580245921720124],"Categories":["Filobasidiella neoformans","Filobasidiella neoformans","Filobasidiella","","Tremellales"],"Properties":[5,3,4]},"2811":{"Path":["0","0","37","37"],"Coordinates":[0.51984832888087362,0.47257586124937023,0.58074617322836386],"Categories":["Filobasidiella neoformans","Filobasidiella neoformans","Filobasidiella","","Tremellales"],"Properties":[5,3,5]},"2812":{"Path":["0","0","37","37"],"Coordinates":[0.517683269773536,0.47335947570190645,0.53964769271696034],"Categories":["Filobasidiella neoformans","Filobasidiella neoformans","Filobasidiella","","Tremellales"],"Properties":[5,3,4]},"2813":{"Path":["0","0","37","37"],"Coordinates":[0.5199183295972285,0.472548257254523,0.58173908579639011],"Categories":["Filobasidiella neoformans","Filobasidiella neoformans","Filobasidiella","","Tremellales"],"Properties":[5,3,5]},"2814":{"Path":["0","0","37","37"],"Coordinates":[0.528219409636729,0.46927410108528972,0.699318486881583],"Categories":["Filobasidiella neoformans","Filobasidiella neoformans","Filobasidiella","","Tremellales"],"Properties":[5,3,6]}}