{"681":{"Path":["4","27","98","681"],"Coordinates":[-0.55718242153579856,0.65825321094189171,-0.040306749703775756],"Categories":["Torulaspora pretoriensis","Torulaspora pretoriensis","Torulaspora","Saccharomycetaceae","Saccharomycetales"],"Properties":[-5,5,0]},"1268":{"Path":["4","27","98","681"],"Coordinates":[-0.55687856521255619,0.65459633819315821,-0.040560635719715819],"Categories":["Kazachstania barnettii","Kazachstania barnettii","Kazachstania","Saccharomycetaceae","Saccharomycetales"],"Properties":[-5,5,0]}}