{"4154":{"Path":["0","0","4154","4154"],"Coordinates":[0.30230597287596683,0.48300715349554635,0.73189607657374522],"Categories":["Wickerhamomyces scolytoplatypi","Wickerhamomyces scolytoplatypi","Wickerhamomyces","","Saccharomycetales"],"Properties":[3,3,6]}}