{"3638":{"Path":["0","0","3638","3638"],"Coordinates":[-0.0072209063289707734,0.45846090886949253,0.717916912793063],"Categories":["Kazachstania siamensis","Kazachstania siamensis","Kazachstania","Saccharomycetaceae","Saccharomycetales"],"Properties":[0,3,6]}}