{"2839":{"Path":["0","0","2839","2839"],"Coordinates":[0.42913443787859124,0.58446587355241586,0.40277808311299534],"Categories":["Candida orba","Candida orba","Candida","","Saccharomycetales"],"Properties":[4,4,3]}}