{"21":{"Path":["2","21","21","21"],"Coordinates":[-0.34593091958840561,0.33481935074239977,0.1067332499589758],"Categories":["Candida tropicalis","Candida tropicalis","Candida","","Saccharomycetales"],"Properties":[-3,2,0]},"521":{"Path":["2","21","21","521"],"Coordinates":[-0.33197885575028241,0.33636432902126207,0.10013903149222231],"Categories":["Candida inconspicua","Candida inconspicua","Candida","","Saccharomycetales"],"Properties":[-3,2,0]},"711":{"Path":["2","21","21","711"],"Coordinates":[-0.33918930844319872,0.32386395490257597,0.10953373520343523],"Categories":["Kregervanrija fluxuum","Kregervanrija fluxuum","Kregervanrija","Saccharomycetaceae","Saccharomycetales"],"Properties":[-3,2,0]}}