{"2013":{"Path":["0","0","2013","2013"],"Coordinates":[0.64606992968478172,0.39829882170330289,0.54340617276263981],"Categories":["Lipomyces suomiensis","Lipomyces suomiensis","Lipomyces","Lipomycetaceae","Saccharomycetales"],"Properties":[6,3,4]}}