{"1466":{"Path":["0","0","1466","1466"],"Coordinates":[0.7817754828535276,0.2206322365988001,0.48619951675559003],"Categories":["Ogataea philodendra","Ogataea philodendra","Ogataea","Saccharomycetaceae","Saccharomycetales"],"Properties":[7,1,4]}}