{"816":{"Path":["0","0","816","816"],"Coordinates":[0.52613062497570773,0.11410092435660739,0.1202852164570116],"Categories":["Candida apis","Candida apis","Candida","","Saccharomycetales"],"Properties":[5,0,1]}}