{"1857":{"Path":["0","0","1858","1857"],"Coordinates":[0.25896634094332022,0.83983425371569065,0.77477097151772334],"Categories":["Cyberlindnera meyerae","Cyberlindnera meyerae","Cyberlindnera","","Saccharomycetales"],"Properties":[2,6,6]}}