{"370":{"Path":["0","0","365","370"],"Coordinates":[0.15357021343515784,0.39465993513131692,0.49165188319693481],"Categories":["Zygosaccharomyces bailii","Zygosaccharomyces bailii","Zygosaccharomyces","Saccharomycetaceae","Saccharomycetales"],"Properties":[1,3,4]},"371":{"Path":["0","0","365","370"],"Coordinates":[0.15351075443468482,0.39472378208357051,0.49170065679037955],"Categories":["Zygosaccharomyces bailii","Zygosaccharomyces bailii","Zygosaccharomyces","Saccharomycetaceae","Saccharomycetales"],"Properties":[1,3,4]}}