{"1029":{"Path":["0","0","1027","1029"],"Coordinates":[0.2060963274093533,0.47662156394750327,0.66707064130622507],"Categories":["Kluyveromyces aestuarii","Kluyveromyces aestuarii","Kluyveromyces","Saccharomycetaceae","Saccharomycetales"],"Properties":[2,3,6]}}