{"2836":{"Path":["0","0","1027","2836"],"Coordinates":[0.15022316909847622,0.4766038918495768,0.63018778275217013],"Categories":["Kluyveromyces nonfermentans","Kluyveromyces nonfermentans","Kluyveromyces","Saccharomycetaceae","Saccharomycetales"],"Properties":[1,3,5]}}