{"4149":{"Path":["0","0","4149","4149"],"Coordinates":[0.70968662411244388,0.50155800693730712,0.63660591835492819],"Categories":["Candida namnaoensis","Candida namnaoensis","Candida","","Saccharomycetales"],"Properties":[7,4,5]},"4151":{"Path":["0","0","4149","4151"],"Coordinates":[0.71590567871430755,0.1347981557525289,0.42610115111283564],"Categories":["Wickerhamomyces tratensis","Wickerhamomyces tratensis","Wickerhamomyces","","Saccharomycetales"],"Properties":[7,1,3]}}