{"706":{"Path":["0","0","707","706"],"Coordinates":[0.45180356326409515,0.36640839421450966,0.45645136255039087],"Categories":["Peterozyma xylosa","Peterozyma xylosa","Peterozyma","","Saccharomycetales"],"Properties":[4,2,4]}}