{"3210":{"Path":["0","0","3210","3210"],"Coordinates":[0.92585398710483691,0.27225481473080665,0.45105730024321811],"Categories":["Derxomyces cylindrica","Derxomyces cylindrica","Derxomyces","","Tremellales"],"Properties":[9,2,4]}}