{"3426":{"Path":["0","0","37","3426"],"Coordinates":[0.61064744797480175,0.20343905490913955,0.73858971688871777],"Categories":["Trichosporon shinodae","Trichosporon shinodae","Trichosporon","Trichosporonaceae","Tremellales"],"Properties":[6,1,6]}}