{"3734":{"Path":["0","0","1513","3734"],"Coordinates":[0.62731288913737138,0.361728067106986,0.52554326037031962],"Categories":["Scheffersomyces lignicola","Scheffersomyces lignicola","Scheffersomyces","Debaryomycetaceae","Saccharomycetales"],"Properties":[6,2,4]},"3735":{"Path":["0","0","1513","3734"],"Coordinates":[0.62731032918840379,0.36171288357661358,0.52554321240808066],"Categories":["Scheffersomyces lignicola","Scheffersomyces lignicola","Scheffersomyces","Debaryomycetaceae","Saccharomycetales"],"Properties":[6,2,4]}}