{"2051":{"Path":["0","0","2051","2051"],"Coordinates":[0.57131574172474286,0.70344888404832862,0.45568285461482388],"Categories":["Candida floricola","Candida floricola","Candida","","Saccharomycetales"],"Properties":[5,5,4]}}