{"1457":{"Path":["0","0","1457","1457"],"Coordinates":[0.63786708489008981,0.90240767471823247,0.30341819916044366],"Categories":["Zygoascus tannicolus","Zygoascus tannicolus","Zygoascus","","Saccharomycetales"],"Properties":[6,7,2]}}