{"1700":{"Path":["0","0","37","1700"],"Coordinates":[0.47841684588015548,0.52820717508713644,0.66687349165017029],"Categories":["Dioszegia crocea","Dioszegia crocea","Dioszegia","Tremellaceae","Tremellales"],"Properties":[4,4,6]}}