{"3003":{"Path":["0","0","3003","3003"],"Coordinates":[0.63097438088412061,0.38647557941846089,0.67226639102061],"Categories":["Metschnikowia dekortorum","Metschnikowia dekortorum","Metschnikowia","Metschnikowiaceae","Saccharomycetales"],"Properties":[6,3,6]}}