{"4048":{"Path":["0","0","4048","4048"],"Coordinates":[0.54049866609465069,0.78072185443117315,0.66280728828898117],"Categories":["Vanderwaltozyma tropicalis","Vanderwaltozyma tropicalis","Vanderwaltozyma","Saccharomycetaceae","Saccharomycetales"],"Properties":[5,6,5]}}