{"4055":{"Path":["0","0","4055","4055"],"Coordinates":[0.38029655539982865,0.33332621030165172,0.37828567655821349],"Categories":["Candida cabralensis","Candida cabralensis","Candida","","Saccharomycetales"],"Properties":[3,2,3]},"4056":{"Path":["0","0","4055","4055"],"Coordinates":[0.37962161870740113,0.33300177239443579,0.37861290455898827],"Categories":["Candida cabralensis","Candida cabralensis","Candida","","Saccharomycetales"],"Properties":[3,2,3]}}