{"2137":{"Path":["0","0","2137","2137"],"Coordinates":[0.4260861217468862,0.653210929819689,0.20277943015627103],"Categories":["Sympodiomycopsis paphiopedili","Sympodiomycopsis paphiopedili","Sympodiomycopsis","Microstromataceae","Microstromatales"],"Properties":[4,5,1]}}