{"3644":{"Path":["0","0","3644","3644"],"Coordinates":[0.60567984767437211,0.38898146569455622,0.30755370563833223],"Categories":["Candida gatunensis","Candida gatunensis","Candida","","Saccharomycetales"],"Properties":[6,3,2]}}