{"3225":{"Path":["0","0","3222","3225"],"Coordinates":[0.45450956342778587,0.53708494389624384,0.5863545391081878],"Categories":["Candida diospyri","Candida diospyri","Candida","","Saccharomycetales"],"Properties":[4,4,5]}}