{"631":{"Path":["0","0","631","631"],"Coordinates":[0.35468399171029769,0.41696315038927562,0.29960247773619408],"Categories":["Candida pseudolambica","Candida pseudolambica","Candida","","Saccharomycetales"],"Properties":[3,3,2]}}