{"3067":{"Path":["0","0","3067","3067"],"Coordinates":[0.3964883099997718,0.49174132548926758,0.13679899392150638],"Categories":["Candida hawaiiana","Candida hawaiiana","Candida","","Saccharomycetales"],"Properties":[3,3,1]}}