{"1050":{"Path":["0","1050","1050","1050"],"Coordinates":[0.628907900889908,0.94180483054168007,0.53587452208878],"Categories":["Saprochaete ingens","Saprochaete ingens","Saprochaete","Dipodascaceae","Saccharomycetales"],"Properties":[6,7,4]}}