{"3373":{"Path":["0","0","3373","3373"],"Coordinates":[0.2518664661782411,0.39588560795234806,0.25237317636114687],"Categories":["Cryptococcus taibaiensis","Cryptococcus taibaiensis","Cryptococcus","Tremellaceae","Tremellales"],"Properties":[2,3,2]}}