{"4119":{"Path":["0","0","4118","4119"],"Coordinates":[0.28029876846407314,0.30518321307895313,0.58347668275100106],"Categories":["Candida oceani","Candida oceani","Candida","","Saccharomycetales"],"Properties":[2,2,5]}}