{"3920":{"Path":["0","0","3920","3920"],"Coordinates":[0.42646769629001252,0.43086396373601993,0.37312043574116344],"Categories":["Candida sekii","Candida sekii","Candida","","Saccharomycetales"],"Properties":[4,3,3]}}