{"2140":{"Path":["0","2140","2140","2140"],"Coordinates":[0.431385766599187,0.73801652964459941,0.45925995163368388],"Categories":["Chionosphaera apobasidialis","Chionosphaera apobasidialis","Chionosphaera","Chionosphaeraceae","Agaricostilbales"],"Properties":[4,5,4]}}