{"2869":{"Path":["0","0","2869","2869"],"Coordinates":[0.68066115712016373,0.51252875182195567,0.80610409925450344],"Categories":["Candida peoriaensis","Candida peoriaensis","Candida","","Saccharomycetales"],"Properties":[6,4,7]}}