{"3993":{"Path":["0","0","3993","3993"],"Coordinates":[0.28873960802078974,0.30824369520300227,0.3841400158467187],"Categories":["Mingxiaea foliicola","Mingxiaea foliicola","Mingxiaea","","Tremellales"],"Properties":[2,2,3]}}