{"2617":{"Path":["0","0","2618","2617"],"Coordinates":[0.401816253043662,0.50659717690079775,0.3968072342454545],"Categories":["Candida novakii","Candida novakii","Candida","","Saccharomycetales"],"Properties":[4,4,3]},"2618":{"Path":["0","0","2618","2618"],"Coordinates":[0.4002822613524093,0.49836809430906592,0.40405932738070582],"Categories":["Candida novakii","Candida novakii","Candida","","Saccharomycetales"],"Properties":[4,3,3]}}