{"64":{"Path":["7","39","64","64"],"Coordinates":[-0.41529106903544871,0.53969370604947542,-0.23544483440577424],"Categories":["Cryptococcus laurentii","Cryptococcus laurentii","Cryptococcus","Tremellaceae","Tremellales"],"Properties":[-4,4,-2]},"657":{"Path":["7","39","64","657"],"Coordinates":[-0.40293457557159568,0.54668438427040877,-0.24351933328670553],"Categories":["Nakaseomyces delphensis","Nakaseomyces delphensis","Nakaseomyces","Saccharomycetaceae","Saccharomycetales"],"Properties":[-4,4,-2]}}