{"2150":{"Path":["0","0","2151","2150"],"Coordinates":[0.38639891617506206,0.4886125858577634,0.23270820544993864],"Categories":["Myxozyma udenii","Myxozyma udenii","Myxozyma","Lipomycetaceae","Saccharomycetales"],"Properties":[3,3,2]}}