{"1959":{"Path":["0","0","1959","1959"],"Coordinates":[0.505857574876103,0.48538276923137558,0.34655774604027872],"Categories":["Candida nanaspora","Candida nanaspora","Candida","","Saccharomycetales"],"Properties":[5,3,3]}}