{"365":{"Path":["0","0","365","365"],"Coordinates":[0.33667177267750065,0.65191965019748788,0.52624241571662789],"Categories":["Zygosaccharomyces bailii","Zygosaccharomyces bailii","Zygosaccharomyces","Saccharomycetaceae","Saccharomycetales"],"Properties":[3,5,4]},"370":{"Path":["0","0","365","370"],"Coordinates":[0.61312551557165351,0.535859152064488,0.63260077058450126],"Categories":["Zygosaccharomyces bailii","Zygosaccharomyces bailii","Zygosaccharomyces","Saccharomycetaceae","Saccharomycetales"],"Properties":[6,4,5]}}