{"1225":{"Path":["0","0","437","1225"],"Coordinates":[0.52876704366637706,0.476344543160816,0.50677845617183681],"Categories":["Debaryomyces macquariensis","Debaryomyces macquariensis","Debaryomyces","Saccharomycetaceae","Saccharomycetales"],"Properties":[5,3,4]}}