{"3974":{"Path":["0","0","3974","3974"],"Coordinates":[0.36510346579510744,0.64829876050432256,0.73052092229002841],"Categories":["Nakazawaea laoshanensis","Nakazawaea laoshanensis","Nakazawaea","Saccharomycetaceae","Saccharomycetales"],"Properties":[3,5,6]}}