{"3764":{"Path":["0","0","3764","3764"],"Coordinates":[0.67814735399120141,0.79242502736455611,-0.0066434500843858824],"Categories":["Kazachstania hellenica","Kazachstania hellenica","Kazachstania","Saccharomycetaceae","Saccharomycetales"],"Properties":[6,6,0]},"3765":{"Path":["0","0","3764","3765"],"Coordinates":[0.68536825563693737,0.79537007271955829,-0.0048587127704966954],"Categories":["Kazachstania hellenica","Kazachstania hellenica","Kazachstania","Saccharomycetaceae","Saccharomycetales"],"Properties":[6,6,0]}}