{"1308":{"Path":["0","0","1308","1308"],"Coordinates":[0.59192479297176293,0.42292872455968133,0.50131251319717407],"Categories":["Wickerhamomyces anomalus","Wickerhamomyces anomalus","Wickerhamomyces","","Saccharomycetales"],"Properties":[5,3,4]}}