{"3616":{"Path":["0","0","3616","3616"],"Coordinates":[0.44871556456314388,0.347875863477718,0.82176441421937385],"Categories":["Candida marilandica","Candida marilandica","Candida","","Saccharomycetales"],"Properties":[4,2,7]}}