{"3923":{"Path":["0","0","3923","3923"],"Coordinates":[0.40632955410416044,0.45607186155185392,0.25406605852622527],"Categories":["Candida uthaithanina","Candida uthaithanina","Candida","","Saccharomycetales"],"Properties":[4,3,2]}}