{"4250":{"Path":["0","0","4251","4251"],"Coordinates":[0.532741176219138,0.81002267821390017,0.58191538987394609],"Categories":["Citeromyces nyonsensis","Citeromyces nyonsensis","Citeromyces","Saccharomycetaceae","Saccharomycetales"],"Properties":[5,6,5]},"4251":{"Path":["0","0","4251","4251"],"Coordinates":[0.53121928071324642,0.8095621473482757,0.583056021435842],"Categories":["Citeromyces nyonsensis","Citeromyces nyonsensis","Citeromyces","Saccharomycetaceae","Saccharomycetales"],"Properties":[5,6,5]}}