{"31":{"Path":["0","31","31","31"],"Coordinates":[-0.42060028231712782,0.4724755133048994,0.031546179589739029],"Categories":["Filobasidiella neoformans","Filobasidiella neoformans","Filobasidiella","","Tremellales"],"Properties":[-4,3,0]},"481":{"Path":["0","31","31","481"],"Coordinates":[-0.41973853924194582,0.46882344453865388,0.041598574380159271],"Categories":["Candida pararugosa","Candida pararugosa","Candida","","Saccharomycetales"],"Properties":[-4,3,0]},"632":{"Path":["0","31","31","632"],"Coordinates":[-0.42288332640770837,0.45996956028037483,0.023042919162630942],"Categories":["Yarrowia deformans","Yarrowia deformans","Yarrowia","","Saccharomycetales"],"Properties":[-4,3,0]}}