{"2871":{"Path":["0","0","2871","2871"],"Coordinates":[0.38630267363142162,0.48563174377558954,0.57464821636943664],"Categories":["Holtermanniella nyarrowii","Holtermanniella nyarrowii","Holtermanniella","",""],"Properties":[3,3,5]},"3116":{"Path":["0","0","2871","3116"],"Coordinates":[0.82128424359124019,0.46799128505507809,0.30755246834496269],"Categories":["Holtermanniella wattica","Holtermanniella wattica","Holtermanniella","",""],"Properties":[8,3,2]}}