{"4":{"Path":["0","0","8","8"],"Coordinates":[0.61089681741474045,0.49129436265024895,0.41349824490678455],"Categories":["Dekkera bruxellensis","Dekkera bruxellensis","Dekkera","Saccharomycetaceae","Saccharomycetales"],"Properties":[6,3,3]},"5":{"Path":["0","0","8","8"],"Coordinates":[0.60884627310765016,0.489479214180627,0.41304318878276397],"Categories":["Dekkera bruxellensis","Dekkera bruxellensis","Dekkera","Saccharomycetaceae","Saccharomycetales"],"Properties":[6,3,3]},"6":{"Path":["0","0","8","8"],"Coordinates":[0.60891313230912092,0.48953919992523559,0.41305780407322712],"Categories":["Dekkera bruxellensis","Dekkera bruxellensis","Dekkera","Saccharomycetaceae","Saccharomycetales"],"Properties":[6,3,3]},"7":{"Path":["0","0","8","8"],"Coordinates":[0.60886009754326009,0.48949177302171615,0.413046159937862],"Categories":["Dekkera bruxellensis","Dekkera bruxellensis","Dekkera","Saccharomycetaceae","Saccharomycetales"],"Properties":[6,3,3]},"8":{"Path":["0","0","8","8"],"Coordinates":[0.60887914403911325,0.4895092433540818,0.41305022783513273],"Categories":["Dekkera bruxellensis","Dekkera bruxellensis","Dekkera","Saccharomycetaceae","Saccharomycetales"],"Properties":[6,3,3]},"9":{"Path":["0","0","8","8"],"Coordinates":[0.6089223687556361,0.48954666084948545,0.41306004540167185],"Categories":["Dekkera bruxellensis","Dekkera bruxellensis","Dekkera","Saccharomycetaceae","Saccharomycetales"],"Properties":[6,3,3]},"10":{"Path":["0","0","8","8"],"Coordinates":[0.60876416978077175,0.48940737171631338,0.41302468988056584],"Categories":["Dekkera bruxellensis","Dekkera bruxellensis","Dekkera","Saccharomycetaceae","Saccharomycetales"],"Properties":[6,3,3]},"11":{"Path":["0","0","8","8"],"Coordinates":[0.60889318985590823,0.48952120716678055,0.41305345164595314],"Categories":["Dekkera bruxellensis","Dekkera bruxellensis","Dekkera","Saccharomycetaceae","Saccharomycetales"],"Properties":[6,3,3]},"16":{"Path":["0","0","8","8"],"Coordinates":[0.61192229376314011,0.49219955833778972,0.41372646481517089],"Categories":["Dekkera bruxellensis","Dekkera bruxellensis","Dekkera","Saccharomycetaceae","Saccharomycetales"],"Properties":[6,3,3]}}