{"26":{"Path":["0","0","26","26"],"Coordinates":[0.42979784099342022,0.53850393763360072,0.63446251610621374],"Categories":["Pichia membranifaciens","Pichia membranifaciens","Pichia","Saccharomycetaceae","Saccharomycetales"],"Properties":[4,4,5]}}