{"482":{"Path":["0","0","483","482"],"Coordinates":[0.48499301932443789,0.15807842123891028,0.576763639075672],"Categories":["Trigonopsis variabilis","Trigonopsis variabilis","Trigonopsis","","Saccharomycetales"],"Properties":[4,1,5]}}