{"2856":{"Path":["0","0","2856","2856"],"Coordinates":[0.73341102069841491,0.47574831067421947,0.41999443442315465],"Categories":["Danielozyma litseae","Danielozyma litseae","Danielozyma","",""],"Properties":[7,3,3]}}