{"3928":{"Path":["0","0","3928","3928"],"Coordinates":[0.36932438406785889,0.73307781362368818,0.41683614936579083],"Categories":["Rhodotorula straminea","Rhodotorula straminea","Rhodotorula","","Sporidiobolales"],"Properties":[3,5,3]}}