{"4253":{"Path":["0","0","0","4253"],"Coordinates":[0.47301428191385736,0.43028233640079316,0.65638489104602982],"Categories":["Leucosporidium escuderoi","Leucosporidium escuderoi","Leucosporidiella","Leucosporidiaceae","Leucosporidiales"],"Properties":[4,3,5]}}