{"3638":{"Path":["0","0","3638","3638"],"Coordinates":[0.19251279886254924,0.55406913484482945,0.91463230100811854],"Categories":["Kazachstania siamensis","Kazachstania siamensis","Kazachstania","Saccharomycetaceae","Saccharomycetales"],"Properties":[1,4,8]}}