{"2356":{"Path":["0","2356","2356","2356"],"Coordinates":[0.82121212801686827,0.61793005755647834,0.5325622217216488],"Categories":["Candida tartarivorans","Candida tartarivorans","Candida","","Saccharomycetales"],"Properties":[8,4,4]}}