{"1607":{"Path":["0","0","1607","1607"],"Coordinates":[0.40414596320776686,0.84346351387133145,0.58014152422239951],"Categories":["Candida fructus","Candida fructus","Candida","","Saccharomycetales"],"Properties":[4,6,5]}}