{"1947":{"Path":["0","0","2329","1947"],"Coordinates":[0.32027465849499737,0.38106509326393179,0.42854014768129689],"Categories":["Sporobolomyces subbrunneus","Sporobolomyces subbrunneus","Sporobolomyces","","Sporidiobolales"],"Properties":[3,3,3]},"2329":{"Path":["0","0","2329","2329"],"Coordinates":[0.56041931600981743,0.43129514816488157,0.36014233302637633],"Categories":["Sporobolomyces coprosmicola","Sporobolomyces coprosmicola","Sporobolomyces","","Sporidiobolales"],"Properties":[5,3,3]}}