{"1863":{"Path":["0","0","1863","1863"],"Coordinates":[0.36388211197162751,0.38529330174824805,0.63149594099477258],"Categories":["Lipomyces oligophaga","Lipomyces oligophaga","Lipomyces","Lipomycetaceae","Saccharomycetales"],"Properties":[3,3,5]},"1864":{"Path":["0","0","1863","1864"],"Coordinates":[0.35477460936185023,0.38890276736779988,0.640041416648835],"Categories":["Lipomyces oligophaga","Lipomyces oligophaga","Lipomyces","Lipomycetaceae","Saccharomycetales"],"Properties":[3,3,5]}}