{"3941":{"Path":["0","0","3728","3941"],"Coordinates":[0.19227394437170264,0.39086396041768007,0.26496860996669158],"Categories":["Hannaella pagnoccae","Hannaella pagnoccae","Hannaella","","Tremellales"],"Properties":[1,3,2]}}