{"1419":{"Path":["0","0","1419","1419"],"Coordinates":[0.62107526660979973,0.57625392904354855,0.22822203527209342],"Categories":["Nakazawaea ishiwadae","Nakazawaea ishiwadae","Nakazawaea","Saccharomycetaceae","Saccharomycetales"],"Properties":[6,4,2]}}