{"1325":{"Path":["0","0","974","1325"],"Coordinates":[0.39073269169104036,0.53719552797409842,0.69755641851997408],"Categories":["Scheffersomyces stipitis","Scheffersomyces stipitis","Scheffersomyces","Debaryomycetaceae","Saccharomycetales"],"Properties":[3,4,6]}}