{"2982":{"Path":["0","0","2983","2982"],"Coordinates":[0.33945590487744709,0.63657826839856979,0.43044103207273859],"Categories":["Sporobolomyces ogasawarensis","Sporobolomyces ogasawarensis","Sporobolomyces","","Sporidiobolales"],"Properties":[3,5,3]}}