{"3717":{"Path":["0","0","3717","3717"],"Coordinates":[0.43000073900824176,0.58741248728652729,0.28698024755217488],"Categories":["Pichia emeiensis","Pichia emeiensis","Pichia","Saccharomycetaceae","Saccharomycetales"],"Properties":[4,4,2]}}