{"1410":{"Path":["0","0","930","1410"],"Coordinates":[0.51636928995055,0.50101248701453183,0.57372417493960459],"Categories":["Ambrosiozyma ambrosiae","Ambrosiozyma ambrosiae","Ambrosiozyma","","Saccharomycetales"],"Properties":[5,4,5]}}