{"1215":{"Path":["0","0","702","1215"],"Coordinates":[0.47036783036877611,0.30837223889274651,0.49233458825113052],"Categories":["Priceomyces medius","Priceomyces medius","Priceomyces","Debaryomycetaceae","Saccharomycetales"],"Properties":[4,2,4]}}