{"3612":{"Path":["0","0","3612","3612"],"Coordinates":[0.444616660561662,0.541564510597998,0.28520077492451046],"Categories":["Candida boreocaroliniensis","Candida boreocaroliniensis","Candida","","Saccharomycetales"],"Properties":[4,4,2]}}