{"4112":{"Path":["0","0","4112","4112"],"Coordinates":[0.16742653703581284,0.73482644854051937,0.25161803440227309],"Categories":["Wickerhamomyces ochangensis","Wickerhamomyces ochangensis","Wickerhamomyces","","Saccharomycetales"],"Properties":[1,5,2]}}