{"2862":{"Path":["2862","2862","2862","2862"],"Coordinates":[0.13215905313578125,1.1936237026462675,1.1144308568525196],"Categories":["Danielozyma litseae","Danielozyma litseae","Danielozyma","",""],"Properties":[1,1,1]}}