{"3434":{"Path":["0","0","3434","3434"],"Coordinates":[0.42368971200583116,0.62644389412582591,0.37885337331750896],"Categories":["Kuraishia molischiana","Kuraishia molischiana","Kuraishia","Saccharomycetaceae","Saccharomycetales"],"Properties":[4,5,3]}}