{"3017":{"Path":["0","0","732","3017"],"Coordinates":[0.59720964546327227,0.349698635438553,0.591206160967527],"Categories":["Sporobolomyces vermiculatus","Sporobolomyces vermiculatus","Sporobolomyces","","Sporidiobolales"],"Properties":[5,2,5]}}