{"3801":{"Path":["0","0","37","3802"],"Coordinates":[0.30449706216394012,0.55138129334956554,0.32310507930712062],"Categories":["Derxomyces simaoensis","Derxomyces simaoensis","Derxomyces","","Tremellales"],"Properties":[3,4,2]},"3802":{"Path":["0","0","37","3802"],"Coordinates":[0.30469499445518455,0.554721748701389,0.31812490051007353],"Categories":["Derxomyces simaoensis","Derxomyces simaoensis","Derxomyces","","Tremellales"],"Properties":[3,4,2]}}