{"4226":{"Path":["0","0","4226","4226"],"Coordinates":[0.31769549468967706,0.2443386543255418,0.7662828802482029],"Categories":["Wickerhamiella cachassae","Wickerhamiella cachassae","Wickerhamiella","","Saccharomycetales"],"Properties":[3,1,6]}}