{"3938":{"Path":["0","0","3939","3938"],"Coordinates":[0.44954864036044612,0.43668262735348273,0.36828266406374283],"Categories":["Candida awuaii","Candida awuaii","Candida","","Saccharomycetales"],"Properties":[4,3,3]}}