{"47":{"Path":["0","0","47","47"],"Coordinates":[0.55418798163467609,0.598676980736044,0.49262259707013883],"Categories":["Candida glabrata","Candida glabrata","Candida","","Saccharomycetales"],"Properties":[5,4,4]}}