{"3554":{"Path":["0","0","1630","3554"],"Coordinates":[0.48528453146759309,0.619248346668699,0.40678145681175942],"Categories":["Cryptococcus randhawai","Cryptococcus randhawai","Cryptococcus","Tremellaceae","Tremellales"],"Properties":[4,4,3]}}