{"2635":{"Path":["0","0","2635","2635"],"Coordinates":[0.65723373566410825,0.30267712425980364,0.45758196819054081],"Categories":["Rhodotorula retinophila","Rhodotorula retinophila","Rhodotorula","","Sporidiobolales"],"Properties":[6,2,4]}}