{"1315":{"Path":["0","0","1315","1315"],"Coordinates":[-0.17248794965947237,1.1036995314546,0.35028825545995923],"Categories":["Ogataea nonfermentans","Ogataea nonfermentans","Ogataea","Saccharomycetaceae","Saccharomycetales"],"Properties":[-1,0,3]}}