{"3917":{"Path":["0","0","3917","3917"],"Coordinates":[0.28916522378553333,0.34516998160147838,0.68128533068798214],"Categories":["Geotrichum siamensis","Geotrichum siamensis","Geotrichum","Dipodascaceae","Saccharomycetales"],"Properties":[2,2,6]}}