{"1185":{"Path":["0","0","1184","1185"],"Coordinates":[0.73217948700794688,0.38128644422771529,0.29143485275920489],"Categories":["Candida intermedia","Candida intermedia","Candida","","Saccharomycetales"],"Properties":[7,3,2]}}