{"4060":{"Path":["0","0","1265","4060"],"Coordinates":[0.44465136067802197,0.53242972140082634,0.64609745984046762],"Categories":["Candida nakhonratchasimensis","Candida nakhonratchasimensis","Candida","","Saccharomycetales"],"Properties":[4,4,5]},"4061":{"Path":["0","0","1265","4060"],"Coordinates":[0.44466517402103911,0.53243806682060735,0.64610060634265143],"Categories":["Candida nakhonratchasimensis","Candida nakhonratchasimensis","Candida","","Saccharomycetales"],"Properties":[4,4,5]}}