{"4148":{"Path":["0","0","4148","4148"],"Coordinates":[0.19691125406780929,0.4877788833082119,0.27198376555594567],"Categories":["Trichosporon vanderwaltii","Trichosporon vanderwaltii","Trichosporon","Trichosporonaceae","Tremellales"],"Properties":[1,3,2]}}