{"1229":{"Path":["0","1229","1229","1229"],"Coordinates":[0.341766139168799,-0.23509830334098891,0.6496031660076852],"Categories":["Aciculoconidium aculeatum","Aciculoconidium aculeatum","Aciculoconidium","","Saccharomycetales"],"Properties":[3,-1,5]}}