{"416":{"Path":["0","416","416","416"],"Coordinates":[0.21248812208530124,0.51899262709053939,0.65192178922656863],"Categories":["Zygotorulaspora florentina","Zygotorulaspora florentina","Zygotorulaspora","Saccharomycetaceae","Saccharomycetales"],"Properties":[2,4,5]}}