{"805":{"Path":["8","8","50","805"],"Coordinates":[-0.575219966563565,0.40742022433398639,0.009396699444360123],"Categories":["Eremothecium coryli","Eremothecium coryli","Eremothecium","Eremotheciaceae","Saccharomycetales"],"Properties":[-5,3,0]},"2602":{"Path":["8","8","50","805"],"Coordinates":[-0.570550290475892,0.40691370500371465,0.011906541192782959],"Categories":["Bandoniozyma noutii","Bandoniozyma noutii","Bandoniozyma","","Tremellales"],"Properties":[-5,3,0]}}