{"3730":{"Path":["0","0","3730","3730"],"Coordinates":[0.057395760858628374,0.16871610976661217,0.24153181289035341],"Categories":["Candida ratchasimensis","Candida ratchasimensis","Candida","","Saccharomycetales"],"Properties":[0,1,2]}}