{"4053":{"Path":["0","0","4053","4053"],"Coordinates":[0.0076227055446430438,0.39672032033783611,0.42897516554632353],"Categories":["Candida spenceri","Candida spenceri","Candida","","Saccharomycetales"],"Properties":[0,3,3]}}