{"327":{"Path":["0","0","327","327"],"Coordinates":[0.57444533787950669,0.49932858672158148,0.52272852624242627],"Categories":["Yarrowia lipolytica","Yarrowia lipolytica","Yarrowia","","Saccharomycetales"],"Properties":[5,3,4]},"1487":{"Path":["0","0","327","1487"],"Coordinates":[0.43614077224402953,0.48579019048030064,0.61827225693281507],"Categories":["Yarrowia lipolytica","Yarrowia lipolytica","Yarrowia","","Saccharomycetales"],"Properties":[4,3,5]}}