{"578":{"Path":["0","0","578","578"],"Coordinates":[0.53550532845246124,0.52840799430135355,0.28055993067783114],"Categories":["Cryptococcus wieringae","Cryptococcus wieringae","Cryptococcus","Tremellaceae","Tremellales"],"Properties":[5,4,2]}}