{"1089":{"Path":["0","0","1089","1089"],"Coordinates":[0.53659362197471694,0.62133716856164,0.58396469087248193],"Categories":["Saturnispora saitoi","Saturnispora saitoi","Saturnispora","Saccharomycetaceae","Saccharomycetales"],"Properties":[5,4,5]}}