{"2483":{"Path":["0","0","2483","2483"],"Coordinates":[0.58787758817688274,0.70581174776796141,0.63098938905987734],"Categories":["Sugiyamaella chiloensis","Sugiyamaella chiloensis","Sugiyamaella","Trichomonascaceae","Saccharomycetales"],"Properties":[5,5,5]}}