{"1917":{"Path":["0","0","1917","1917"],"Coordinates":[0.4690424418006286,0.42769642574923533,0.545774435828354],"Categories":["Sporobolomyces kluyveri-nielii","Sporobolomyces kluyveri-nielii","Sporobolomyces","","Sporidiobolales"],"Properties":[4,3,4]}}