{"4064":{"Path":["0","0","4063","4064"],"Coordinates":[0.55845450084698878,0.48553470297778695,0.74574123366940626],"Categories":["Candida pattaniensis","Candida pattaniensis","Candida","","Saccharomycetales"],"Properties":[5,3,6]}}