{"3350":{"Path":["0","0","3351","3350"],"Coordinates":[0.63072812347350837,0.5085354879064814,0.65882844405758056],"Categories":["Geotrichum carabidarum","Geotrichum carabidarum","Geotrichum","Dipodascaceae","Saccharomycetales"],"Properties":[6,4,5]},"3351":{"Path":["0","0","3351","3351"],"Coordinates":[0.62344677372048074,0.511485390457466,0.65731847031152391],"Categories":["Geotrichum carabidarum","Geotrichum carabidarum","Geotrichum","Dipodascaceae","Saccharomycetales"],"Properties":[6,4,5]}}