{"3597":{"Path":["0","0","3598","3597"],"Coordinates":[0.6083916495151297,0.48231687959441311,0.75529138912639282],"Categories":["Metschnikowia orientalis","Metschnikowia orientalis","Metschnikowia","Metschnikowiaceae","Saccharomycetales"],"Properties":[6,3,6]},"3598":{"Path":["0","0","3598","3598"],"Coordinates":[0.57267025071917466,0.49315881103068532,0.74793914049947507],"Categories":["Metschnikowia orientalis","Metschnikowia orientalis","Metschnikowia","Metschnikowiaceae","Saccharomycetales"],"Properties":[5,3,6]}}