{"2363":{"Path":["0","0","2363","2363"],"Coordinates":[0.53014893361980375,0.40294034514717475,0.49039668897507932],"Categories":["Bensingtonia musae","Bensingtonia musae","Bensingtonia","Agaricostilbaceae","Agaricostilbales"],"Properties":[5,3,4]}}