{"2707":{"Path":["0","0","2709","2707"],"Coordinates":[0.63143559142548833,0.304525593059726,0.45292878416314358],"Categories":["Candida tallmaniae","Candida tallmaniae","Candida","","Saccharomycetales"],"Properties":[6,2,4]},"2708":{"Path":["0","0","2709","2707"],"Coordinates":[0.631444140347297,0.30451137031151293,0.45292857999330088],"Categories":["Candida tallmaniae","Candida tallmaniae","Candida","","Saccharomycetales"],"Properties":[6,2,4]}}