{"17":{"Path":["1","17","17","17"],"Coordinates":[-0.4262235212253348,0.1559941272082313,-0.303295191204307],"Categories":["Candida tropicalis","Candida tropicalis","Candida","","Saccharomycetales"],"Properties":[-4,1,-2]},"268":{"Path":["1","17","17","268"],"Coordinates":[-0.4281118467812855,0.14705288552375737,-0.29928505690642065],"Categories":["Sporobolomyces roseus","Sporobolomyces roseus","Sporobolomyces","","Sporidiobolales"],"Properties":[-4,1,-2]},"499":{"Path":["1","17","17","499"],"Coordinates":[-0.41880733438730294,0.16319593469944141,-0.29995559961789819],"Categories":["Saccharomyces pastorianus","Saccharomyces pastorianus","Saccharomyces","Saccharomycetaceae","Saccharomycetales"],"Properties":[-4,1,-2]}}