{"3320":{"Path":["0","0","2308","3320"],"Coordinates":[0.63686216000368778,0.15882924281594102,0.80259854995395163],"Categories":["Candida blattae","Candida blattae","Candida","","Saccharomycetales"],"Properties":[6,1,7]},"3321":{"Path":["0","0","2308","3320"],"Coordinates":[0.64062005675252409,0.15636946444336547,0.80570280664542138],"Categories":["Candida blattae","Candida blattae","Candida","","Saccharomycetales"],"Properties":[6,1,7]}}