{"1015":{"Path":["0","0","1015","1015"],"Coordinates":[0.54213688104442037,0.73910292045036974,0.91851874220082863],"Categories":["Clavispora lusitaniae","Clavispora lusitaniae","Clavispora","Metschnikowiaceae","Saccharomycetales"],"Properties":[5,5,8]},"1017":{"Path":["0","0","1015","1017"],"Coordinates":[0.33169881335041212,0.5743400002627802,0.62742758452810465],"Categories":["Clavispora lusitaniae","Clavispora lusitaniae","Clavispora","Metschnikowiaceae","Saccharomycetales"],"Properties":[3,4,5]}}