{"3968":{"Path":["0","1761","3968","3968"],"Coordinates":[0.86160731566681459,0.66706357791836113,0.39238420044228411],"Categories":["Candida carvajalis","Candida carvajalis","Candida","","Saccharomycetales"],"Properties":[8,5,3]}}