{"532":{"Path":["0","0","532","532"],"Coordinates":[0.68956021369893283,0.62933530181166086,0.459792623385902],"Categories":["Kazachstania pintolopesii","Kazachstania pintolopesii","Kazachstania","Saccharomycetaceae","Saccharomycetales"],"Properties":[6,5,4]},"817":{"Path":["0","0","532","817"],"Coordinates":[0.51568316525438729,0.49128221746582029,0.50471787766903664],"Categories":["Kazachstania heterogenica","Kazachstania heterogenica","Kazachstania","Saccharomycetaceae","Saccharomycetales"],"Properties":[5,3,4]}}