{"2291":{"Path":["0","0","2292","2291"],"Coordinates":[0.72906726077678286,0.11130853948329107,0.24426787035617081],"Categories":["Saccharomycopsis amapae","Saccharomycopsis amapae","Saccharomycopsis","Saccharomycopsidaceae","Saccharomycetales"],"Properties":[7,0,2]},"2292":{"Path":["0","0","2292","2292"],"Coordinates":[0.69603279716994038,0.202367024859735,0.31990317874775714],"Categories":["Saccharomycopsis amapae","Saccharomycopsis amapae","Saccharomycopsis","Saccharomycopsidaceae","Saccharomycetales"],"Properties":[6,1,2]}}