{"1276":{"Path":["0","0","1277","1277"],"Coordinates":[0.75466302413591013,0.72871998481797284,0.31305444988501652],"Categories":["Millerozyma acaciae","Millerozyma acaciae","Millerozyma","Debaryomycetaceae","Saccharomycetales"],"Properties":[7,5,2]},"1277":{"Path":["0","0","1277","1277"],"Coordinates":[0.754650552722523,0.72871873832268264,0.31306583059417548],"Categories":["Millerozyma acaciae","Millerozyma acaciae","Millerozyma","Debaryomycetaceae","Saccharomycetales"],"Properties":[7,5,2]}}