{"3146":{"Path":["0","0","37","3147"],"Coordinates":[0.53997763202927185,0.42422497180196755,0.36163824029285951],"Categories":["Dioszegia changbaiensis","Dioszegia changbaiensis","Dioszegia","Tremellaceae","Tremellales"],"Properties":[5,3,3]},"3147":{"Path":["0","0","37","3147"],"Coordinates":[0.53839345427313856,0.424279160923845,0.36145927464441879],"Categories":["Dioszegia changbaiensis","Dioszegia changbaiensis","Dioszegia","Tremellaceae","Tremellales"],"Properties":[5,3,3]}}