{"4220":{"Path":["0","0","4220","4220"],"Coordinates":[0.27353039702138443,0.6800954215795727,0.569855634306762],"Categories":["Yamadazyma siamensis","Yamadazyma siamensis","Yamadazyma","Saccharomycetaceae","Saccharomycetales"],"Properties":[2,5,5]},"4221":{"Path":["0","0","4220","4220"],"Coordinates":[0.27208330001090258,0.6821276384343159,0.56818949958905374],"Categories":["Yamadazyma siamensis","Yamadazyma siamensis","Yamadazyma","Saccharomycetaceae","Saccharomycetales"],"Properties":[2,5,5]}}