{"792":{"Path":["7","20","195","792"],"Coordinates":[-0.58751854434903428,0.53690952711505591,-0.043352512533061077],"Categories":["Guehomyces pullulans","Guehomyces pullulans","Guehomyces","Cystofilobasidiaceae","Cystofilobasidiales"],"Properties":[-5,4,0]},"2157":{"Path":["7","20","195","792"],"Coordinates":[-0.58696308726663349,0.535282263097167,-0.041173286648539469],"Categories":["Sporobolomyces ruber","Sporobolomyces ruber","Sporobolomyces","","Sporidiobolales"],"Properties":[-5,4,0]}}