{"3589":{"Path":["0","0","2308","3589"],"Coordinates":[0.37836969281535926,0.75102966636563429,0.55767187370545945],"Categories":["Candida dosseyi","Candida dosseyi","Candida","","Saccharomycetales"],"Properties":[3,6,5]}}