{"2487":{"Path":["0","0","2487","2487"],"Coordinates":[0.60866211290530225,0.74888561981832624,0.45204655052593185],"Categories":["Candida castrensis","Candida castrensis","Candida","","Saccharomycetales"],"Properties":[6,5,4]}}