{"1085":{"Path":["0","0","1085","1085"],"Coordinates":[0.44841071997329779,0.398169345989685,0.56363243894322224],"Categories":["Trichomonascus ciferrii","Trichomonascus ciferrii","Trichomonascus","Endomycetaceae","Saccharomycetales"],"Properties":[4,3,5]},"2112":{"Path":["0","0","1085","2112"],"Coordinates":[0.49164278733583627,0.70292449306146654,0.44981023405773141],"Categories":["Candida mucifera","Candida mucifera","Candida","","Saccharomycetales"],"Properties":[4,5,4]}}