{"264":{"Path":["0","0","264","264"],"Coordinates":[0.56688181294402229,0.505560376309012,0.6051694056292],"Categories":["Sporobolomyces roseus","Sporobolomyces roseus","Sporobolomyces","","Sporidiobolales"],"Properties":[5,4,5]},"3179":{"Path":["0","0","264","3179"],"Coordinates":[0.64976210879243146,0.36272774657313983,0.57713711931506229],"Categories":["Sporobolomyces jilinensis","Sporobolomyces jilinensis","Sporobolomyces","","Sporidiobolales"],"Properties":[6,2,5]}}