{"558":{"Path":["0","0","555","558"],"Coordinates":[0.48024258996605673,0.11630586391266785,0.5175975788712841],"Categories":["Candida blankii","Candida blankii","Candida","","Saccharomycetales"],"Properties":[4,0,4]}}