{"1495":{"Path":["0","0","1495","1495"],"Coordinates":[0.3166262716680206,0.45185555013351614,0.43813196711418156],"Categories":["Candida dendrica","Candida dendrica","Candida","","Saccharomycetales"],"Properties":[3,3,3]},"1496":{"Path":["0","0","1495","1495"],"Coordinates":[0.31660581247453679,0.45183037537188125,0.4381170313215304],"Categories":["Candida dendrica","Candida dendrica","Candida","","Saccharomycetales"],"Properties":[3,3,3]}}