{"1409":{"Path":["0","0","1409","1409"],"Coordinates":[0.47954024501249221,0.36538274841925794,0.38729307999245266],"Categories":["Wickerhamomyces sydowiorum","Wickerhamomyces sydowiorum","Wickerhamomyces","","Saccharomycetales"],"Properties":[4,2,3]}}