{"812":{"Path":["0","0","813","813"],"Coordinates":[0.71531183058844472,0.311699584859101,0.83227473581893852],"Categories":["Wickerhamomyces bovis","Wickerhamomyces bovis","Wickerhamomyces","","Saccharomycetales"],"Properties":[7,2,7]},"813":{"Path":["0","0","813","813"],"Coordinates":[0.713646842928385,0.31345838143757837,0.83176523479891007],"Categories":["Wickerhamomyces bovis","Wickerhamomyces bovis","Wickerhamomyces","","Saccharomycetales"],"Properties":[7,2,7]}}