{"3":{"Path":["3","3","3","3"],"Coordinates":[-0.36208619985506646,0.26557594492113556,-0.25684910138938005],"Categories":["Candida lactis-condensi","Candida lactis-condensi","Candida","","Saccharomycetales"],"Properties":[-3,2,-2]},"23":{"Path":["3","23","23","23"],"Coordinates":[-0.30116492663875044,0.2190366878244375,-0.18934064718446372],"Categories":["Pichia membranifaciens","Pichia membranifaciens","Pichia","Saccharomycetaceae","Saccharomycetales"],"Properties":[-3,1,-1]},"36":{"Path":["3","36","36","36"],"Coordinates":[-0.24622868087858951,0.20777693273698078,-0.23332937952290311],"Categories":["Filobasidiella neoformans","Filobasidiella neoformans","Filobasidiella","","Tremellales"],"Properties":[-2,1,-2]},"43":{"Path":["3","43","43","43"],"Coordinates":[-0.32873054958036141,0.33239947265938385,-0.32771029004995161],"Categories":["Candida glabrata","Candida glabrata","Candida","","Saccharomycetales"],"Properties":[-3,2,-2]},"46":{"Path":["3","46","46","46"],"Coordinates":[-0.29520188512751744,0.23394937338372193,-0.16631493510449569],"Categories":["Candida glabrata","Candida glabrata","Candida","","Saccharomycetales"],"Properties":[-2,1,-1]}}