{"4180":{"Path":["0","0","4180","4180"],"Coordinates":[0.820719260470631,0.354664106261799,0.4920168917523447],"Categories":["Wickerhamomyces xylosica","Wickerhamomyces xylosica","Wickerhamomyces","","Saccharomycetales"],"Properties":[8,2,4]}}