{"1966":{"Path":["0","0","1967","1966"],"Coordinates":[0.71848312062785868,0.591665097648655,0.72524514748066926],"Categories":["Cyberlindnera japonica","Cyberlindnera japonica","Cyberlindnera","","Saccharomycetales"],"Properties":[7,4,6]}}