{"3863":{"Path":["0","0","3863","3863"],"Coordinates":[0.87595939318163085,0.72982111325892829,0.58812434925023616],"Categories":["Kazachstania wufongensis","Kazachstania wufongensis","Kazachstania","Saccharomycetaceae","Saccharomycetales"],"Properties":[8,5,5]}}