{"3906":{"Path":["0","0","3906","3906"],"Coordinates":[0.61097686343158131,0.588729049906382,0.67151454338782623],"Categories":["Jaminaea angkorensis","Jaminaea angkorensis","Jaminaea","","Microstromatales"],"Properties":[6,4,6]}}