{"3231":{"Path":["0","0","3232","3232"],"Coordinates":[0.36810863654490733,0.68198253707451828,0.51414459664984868],"Categories":["Pichia myanmarensis","Pichia myanmarensis","Pichia","Saccharomycetaceae","Saccharomycetales"],"Properties":[3,5,4]},"3232":{"Path":["0","0","3232","3232"],"Coordinates":[0.36263448697377515,0.6780491246031537,0.51608149558659766],"Categories":["Pichia myanmarensis","Pichia myanmarensis","Pichia","Saccharomycetaceae","Saccharomycetales"],"Properties":[3,5,4]}}