{"3525":{"Path":["0","0","3525","3525"],"Coordinates":[0.29467984556949345,0.86048847400178186,0.31217679317933111],"Categories":["Cryptococcus dejecticola","Cryptococcus dejecticola","Cryptococcus","Tremellaceae","Tremellales"],"Properties":[2,6,2]},"3767":{"Path":["0","0","3525","3767"],"Coordinates":[0.305607543904655,0.59076094982207439,0.51404943237095979],"Categories":["Cryptococcus pinus","Cryptococcus pinus","Cryptococcus","Tremellaceae","Tremellales"],"Properties":[3,4,4]}}