{"2083":{"Path":["0","0","2084","2083"],"Coordinates":[0.708542570756742,0.88348715707034131,0.68818107298953046],"Categories":["Myxozyma kluyveri","Myxozyma kluyveri","Myxozyma","Lipomycetaceae","Saccharomycetales"],"Properties":[7,7,6]}}