{"1049":{"Path":["0","0","393","1049"],"Coordinates":[0.6374432252063118,0.20727576462874026,0.58214864401638611],"Categories":["Lachancea cidri","Lachancea cidri","Lachancea","Saccharomycetaceae","Saccharomycetales"],"Properties":[6,1,5]}}