{"4075":{"Path":["0","0","4075","4075"],"Coordinates":[0.1976579700459033,0.75871863888945112,0.55282772045064243],"Categories":["Candida berkhoutiae","Candida berkhoutiae","Candida","","Saccharomycetales"],"Properties":[1,6,4]}}