{"2284":{"Path":["0","794","2284","2284"],"Coordinates":[0.63900828542992383,0.72667953931321272,0.24705530701385214],"Categories":["Saccharomycopsis fermentans","Saccharomycopsis fermentans","Saccharomycopsis","Saccharomycopsidaceae","Saccharomycetales"],"Properties":[6,5,2]},"3077":{"Path":["0","794","2284","3077"],"Coordinates":[0.51283970738874907,0.53707248817777364,0.4033057892692154],"Categories":["Saccharomycopsis babjevae","Saccharomycopsis babjevae","Saccharomycopsis","Saccharomycopsidaceae","Saccharomycetales"],"Properties":[5,4,3]}}