{"1085":{"Path":["0","0","1085","1085"],"Coordinates":[0.44805204512811264,0.5438771750458,0.35090070158350933],"Categories":["Trichomonascus ciferrii","Trichomonascus ciferrii","Trichomonascus","Endomycetaceae","Saccharomycetales"],"Properties":[4,4,3]},"2112":{"Path":["0","0","1085","2112"],"Coordinates":[0.55257110452279845,0.35922952232590005,0.38615577230634884],"Categories":["Candida mucifera","Candida mucifera","Candida","","Saccharomycetales"],"Properties":[5,2,3]}}