{"2938":{"Path":["0","0","2938","2938"],"Coordinates":[0.80519011739114987,0.10718268104681217,1.1097584549075226],"Categories":["Metschnikowia koreensis","Metschnikowia koreensis","Metschnikowia","Metschnikowiaceae","Saccharomycetales"],"Properties":[8,0,0]}}