{"1602":{"Path":["0","0","1602","1602"],"Coordinates":[0.39089594189249954,0.65840825240204437,0.21974573424494096],"Categories":["Rhodotorula auriculariae","Rhodotorula auriculariae","Rhodotorula","","Sporidiobolales"],"Properties":[3,5,1]}}