{"1395":{"Path":["0","0","1395","1395"],"Coordinates":[0.597268693012417,0.15767672790006543,0.66811950838723677],"Categories":["Metschnikowia lunata","Metschnikowia lunata","Metschnikowia","Metschnikowiaceae","Saccharomycetales"],"Properties":[5,1,6]}}