{"134":{"Path":["0","0","134","134"],"Coordinates":[0.55956926682085839,0.46943071343596038,0.61261151836068062],"Categories":["Kloeckera lindneri","Kloeckera lindneri","Kloeckera","Saccharomycodaceae","Saccharomycetales"],"Properties":[5,3,5]}}