{"3116":{"Path":["0","0","2871","3116"],"Coordinates":[0.44137490220387365,0.60363133386000178,0.26747474595805293],"Categories":["Holtermanniella wattica","Holtermanniella wattica","Holtermanniella","",""],"Properties":[4,4,2]},"3117":{"Path":["0","0","2871","3116"],"Coordinates":[0.44133982320173609,0.60362230775631787,0.26740689969277792],"Categories":["Holtermanniella wattica","Holtermanniella wattica","Holtermanniella","",""],"Properties":[4,4,2]}}