{"2783":{"Path":["0","0","2783","2783"],"Coordinates":[0.42418682143810788,0.53207788642405918,0.57353702664455952],"Categories":["Cryptococcus cylindricus","Cryptococcus cylindricus","Cryptococcus","Tremellaceae","Tremellales"],"Properties":[4,4,5]}}