{"964":{"Path":["0","0","964","964"],"Coordinates":[0.56595399214385445,0.49511715617926577,0.54058890744331167],"Categories":["Rhodotorula ingeniosa","Rhodotorula ingeniosa","Rhodotorula","","Sporidiobolales"],"Properties":[5,3,4]}}