{"793":{"Path":["0","793","793","793"],"Coordinates":[0.039677244563714624,0.8105442429308013,0.41019812504774594],"Categories":["Ambrosiozyma monospora","Ambrosiozyma monospora","Ambrosiozyma","","Saccharomycetales"],"Properties":[0,6,3]}}