{"1609":{"Path":["0","0","1609","1609"],"Coordinates":[0.43939212338461087,0.293943892348256,0.5375535831077598],"Categories":["Trichosporon brassicae","Trichosporon brassicae","Trichosporon","Trichosporonaceae","Tremellales"],"Properties":[4,2,4]}}