{"3361":{"Path":["0","0","3361","3361"],"Coordinates":[0.49854530101529965,0.82920425707197609,0.17824007683635046],"Categories":["Candida bohiensis","Candida bohiensis","Candida","","Saccharomycetales"],"Properties":[4,6,1]},"3362":{"Path":["0","0","3361","3361"],"Coordinates":[0.49999355202632562,0.82968891188506977,0.17694869026498289],"Categories":["Candida bohiensis","Candida bohiensis","Candida","","Saccharomycetales"],"Properties":[4,6,1]}}