{"352":{"Path":["1","11","157","352"],"Coordinates":[-0.32943072418009878,0.092126219534630321,-0.17662704122014675],"Categories":["Leucosporidium scottii","Leucosporidium scottii","Leucosporidium","Sporidiobolaceae","Sporidiobolales"],"Properties":[-3,0,-1]},"3405":{"Path":["1","11","157","352"],"Coordinates":[-0.33097439981129489,0.089172686523190534,-0.17568654607935924],"Categories":["Candida lessepsii","Candida lessepsii","Candida","","Saccharomycetales"],"Properties":[-3,0,-1]}}