{"3465":{"Path":["0","0","3465","3465"],"Coordinates":[0.5447661006614255,0.749973980493222,0.64481802072905758],"Categories":["Cryptococcus armeniacus","Cryptococcus armeniacus","Cryptococcus","Tremellaceae","Tremellales"],"Properties":[5,5,5]}}