{"3292":{"Path":["0","0","3292","3292"],"Coordinates":[0.37312214943567651,0.46100420870226078,0.37860769741943207],"Categories":["Candida elateridarum","Candida elateridarum","Candida","","Saccharomycetales"],"Properties":[3,3,3]}}