{"3170":{"Path":["0","0","3170","3170"],"Coordinates":[0.66498044560837577,0.57099217332759822,0.43897024405760832],"Categories":["Candida aurita","Candida aurita","Candida","","Saccharomycetales"],"Properties":[6,4,3]}}