{"68":{"Path":["0","0","68","68"],"Coordinates":[0.6386478079257446,0.48961300327814966,0.58272307212588947],"Categories":["Cryptococcus magnus","Cryptococcus magnus","Cryptococcus","Tremellaceae","Tremellales"],"Properties":[6,3,5]},"69":{"Path":["0","0","68","68"],"Coordinates":[0.63864635066906472,0.48961022808616883,0.58273913920500786],"Categories":["Cryptococcus magnus","Cryptococcus magnus","Cryptococcus","Tremellaceae","Tremellales"],"Properties":[6,3,5]},"70":{"Path":["0","0","68","68"],"Coordinates":[0.638649696651696,0.48961822955326323,0.58273931839009951],"Categories":["Cryptococcus magnus","Cryptococcus magnus","Cryptococcus","Tremellaceae","Tremellales"],"Properties":[6,3,5]},"71":{"Path":["0","0","68","68"],"Coordinates":[0.63864626806134128,0.48960950227871308,0.58272714819620219],"Categories":["Cryptococcus magnus","Cryptococcus magnus","Cryptococcus","Tremellaceae","Tremellales"],"Properties":[6,3,5]},"72":{"Path":["0","0","68","68"],"Coordinates":[0.63864638845669031,0.489610648094903,0.58274659799766726],"Categories":["Cryptococcus magnus","Cryptococcus magnus","Cryptococcus","Tremellaceae","Tremellales"],"Properties":[6,3,5]},"73":{"Path":["0","0","68","68"],"Coordinates":[0.638645961111427,0.48960841454824433,0.58271901411529881],"Categories":["Cryptococcus magnus","Cryptococcus magnus","Cryptococcus","Tremellaceae","Tremellales"],"Properties":[6,3,5]}}