{"3716":{"Path":["0","0","3716","3716"],"Coordinates":[0.84473165688341878,0.52169094001758276,0.55818427371592272],"Categories":["Kazachstania jiainicus","Kazachstania jiainicus","Kazachstania","Saccharomycetaceae","Saccharomycetales"],"Properties":[8,4,5]}}