{"798":{"Path":["0","797","797","798"],"Coordinates":[0.62040898852225546,0.66795692000676321,0.33552788673085793],"Categories":["Saccharomycopsis selenospora","Saccharomycopsis selenospora","Saccharomycopsis","Saccharomycopsidaceae","Saccharomycetales"],"Properties":[6,5,3]}}