{"4055":{"Path":["0","0","4055","4055"],"Coordinates":[0.44621811690869889,0.2691031894230112,0.37675650729257748],"Categories":["Candida cabralensis","Candida cabralensis","Candida","","Saccharomycetales"],"Properties":[4,2,3]}}