{"1576":{"Path":["0","0","1265","1576"],"Coordinates":[0.45976233077327,0.45497119713213985,0.43031437122087929],"Categories":["Cyberlindnera sargentensis","Cyberlindnera sargentensis","Cyberlindnera","","Saccharomycetales"],"Properties":[4,3,3]}}