{"1646":{"Path":["0","0","1646","1646"],"Coordinates":[0.668673964298168,0.2339944131037959,0.54963711578710894],"Categories":["Ogataea methanolica","Ogataea methanolica","Ogataea","Saccharomycetaceae","Saccharomycetales"],"Properties":[6,1,4]},"1647":{"Path":["0","0","1646","1647"],"Coordinates":[0.65836325773195825,0.23312011362675889,0.55457750828050567],"Categories":["Ogataea methanolica","Ogataea methanolica","Ogataea","Saccharomycetaceae","Saccharomycetales"],"Properties":[6,1,4]}}