{"3424":{"Path":["0","0","37","3424"],"Coordinates":[0.45866462024727661,0.30086725652339208,0.63669479981670041],"Categories":["Trichosporon otae","Trichosporon otae","Trichosporon","Trichosporonaceae","Tremellales"],"Properties":[4,2,5]}}