{"1050":{"Path":["0","1050","1050","1050"],"Coordinates":[0.66929479446010731,0.39593615482773775,1.0711315426202468],"Categories":["Saprochaete ingens","Saprochaete ingens","Saprochaete","Dipodascaceae","Saccharomycetales"],"Properties":[6,3,0]}}