{"2774":{"Path":["0","0","1265","2774"],"Coordinates":[0.59992417929378261,0.60706751135403447,0.61626730060082624],"Categories":["Candida mycetangii","Candida mycetangii","Candida","","Saccharomycetales"],"Properties":[5,4,5]}}