{"2391":{"Path":["0","0","2391","2391"],"Coordinates":[0.34214834460959842,0.50069724879793043,0.63387065842497392],"Categories":["Rhodotorula cresolica","Rhodotorula cresolica","Rhodotorula","","Sporidiobolales"],"Properties":[3,4,5]}}