{"3356":{"Path":["0","0","3356","3356"],"Coordinates":[0.73538302177996839,0.61467086166639373,0.32289906129340828],"Categories":["Candida buenavistaensis","Candida buenavistaensis","Candida","","Saccharomycetales"],"Properties":[7,4,2]}}