{"22":{"Path":["1","22","22","22"],"Coordinates":[-0.3516881620696905,0.24333261306335591,-0.14375731715290857],"Categories":["Candida tropicalis","Candida tropicalis","Candida","","Saccharomycetales"],"Properties":[-3,1,-1]},"93":{"Path":["1","22","93","93"],"Coordinates":[-0.32893782985091885,0.22401222014768712,-0.12919357036614459],"Categories":["Cryptococcus diffluens","Cryptococcus diffluens","Cryptococcus","Tremellaceae","Tremellales"],"Properties":[-3,1,-1]},"205":{"Path":["1","22","205","205"],"Coordinates":[-0.34322855696199484,0.27010661840635142,-0.11714356650060383],"Categories":["Naumovozyma dairenensis","Naumovozyma dairenensis","Naumovozyma","Saccharomycetaceae","Saccharomycetales"],"Properties":[-3,2,-1]}}