{"4077":{"Path":["0","0","4077","4077"],"Coordinates":[0.70410228072520975,0.75221687425985184,0.31609169261642522],"Categories":["Candida nongkhaiensis","Candida nongkhaiensis","Candida","","Saccharomycetales"],"Properties":[7,6,2]}}