{"743":{"Path":["0","0","743","743"],"Coordinates":[0.6836463066574423,0.3816180879460716,0.55510944768337911],"Categories":["Hyphopichia pseudoburtonii","Hyphopichia pseudoburtonii","Hyphopichia","Saccharomycetaceae","Saccharomycetales"],"Properties":[6,3,4]}}