{"1691":{"Path":["0","0","1691","1691"],"Coordinates":[0.26894400949010372,0.69635525916398477,0.50241696638515332],"Categories":["Pichia scutulata","Pichia scutulata","Pichia","Saccharomycetaceae","Saccharomycetales"],"Properties":[2,5,4]}}