{"1879":{"Path":["0","0","1879","1879"],"Coordinates":[0.22103020933420745,0.54467489033038674,1.1375471028388511],"Categories":["Pichia deserticola","Pichia deserticola","Pichia","Saccharomycetaceae","Saccharomycetales"],"Properties":[2,4,1]}}