{"973":{"Path":["0","0","696","973"],"Coordinates":[0.42283945727743538,0.52650246595592609,0.65304677241292408],"Categories":["Candida anglica","Candida anglica","Candida","","Saccharomycetales"],"Properties":[4,4,5]}}