{"2567":{"Path":["0","0","2098","2567"],"Coordinates":[0.52061947853237389,0.48884537718803805,0.29126742798502048],"Categories":["Derxomyces huiaensis","Derxomyces huiaensis","Derxomyces","","Tremellales"],"Properties":[5,3,2]},"2568":{"Path":["0","0","2098","2567"],"Coordinates":[0.5206089333339472,0.48885358047764332,0.29125954138387045],"Categories":["Derxomyces huiaensis","Derxomyces huiaensis","Derxomyces","","Tremellales"],"Properties":[5,3,2]}}