{"2743":{"Path":["0","0","2744","2744"],"Coordinates":[0.24253625931935621,0.33012594535131989,0.49297323723711195],"Categories":["Candida tolerans","Candida tolerans","Candida","","Saccharomycetales"],"Properties":[2,2,4]},"2744":{"Path":["0","0","2744","2744"],"Coordinates":[0.24239730736336726,0.33043074040387049,0.49337973525186074],"Categories":["Candida tolerans","Candida tolerans","Candida","","Saccharomycetales"],"Properties":[2,2,4]}}