{"3079":{"Path":["0","0","3079","3079"],"Coordinates":[0.17297342512084088,0.40441342806257491,0.22916393444016373],"Categories":["Malassezia dermatis","Malassezia dermatis","Malassezia","","Malasseziales"],"Properties":[1,3,2]},"3669":{"Path":["0","0","3079","3669"],"Coordinates":[0.34812820893567625,0.16517914517364307,0.50197215364652925],"Categories":["Malassezia caprae","Malassezia caprae","Malassezia","","Malasseziales"],"Properties":[3,1,4]}}