{"2011":{"Path":["0","0","2010","2011"],"Coordinates":[0.35057751457464059,0.294093332033038,0.43406253071934559],"Categories":["Bensingtonia yamatoana","Bensingtonia yamatoana","Bensingtonia","Agaricostilbaceae","Agaricostilbales"],"Properties":[3,2,3]},"2012":{"Path":["0","0","2010","2011"],"Coordinates":[0.3505691124147301,0.29408076530202309,0.43406780508921117],"Categories":["Bensingtonia yamatoana","Bensingtonia yamatoana","Bensingtonia","Agaricostilbaceae","Agaricostilbales"],"Properties":[3,2,3]}}