{"793":{"Path":["0","793","793","793"],"Coordinates":[0.039677244563714624,0.8105442429308013,0.41019812504774594],"Categories":["Ambrosiozyma monospora","Ambrosiozyma monospora","Ambrosiozyma","","Saccharomycetales"],"Properties":[0,6,3]},"1499":{"Path":["0","793","1499","1499"],"Coordinates":[0.0778044021803075,0.827454104289802,0.36420886114028939],"Categories":["Ambrosiozyma cicatricosa","Ambrosiozyma cicatricosa","Ambrosiozyma","","Saccharomycetales"],"Properties":[0,6,3]}}