{"1944":{"Path":["0","0","1946","1946"],"Coordinates":[0.53560439091703882,0.49191964616621819,0.6719257457826141],"Categories":["Candida tsuchiyae","Candida tsuchiyae","Candida","","Saccharomycetales"],"Properties":[5,3,6]},"1946":{"Path":["0","0","1946","1946"],"Coordinates":[0.533899688347925,0.48932784595232659,0.6680044499761072],"Categories":["Candida tsuchiyae","Candida tsuchiyae","Candida","","Saccharomycetales"],"Properties":[5,3,6]}}