{"3096":{"Path":["0","0","2902","3096"],"Coordinates":[0.72462262057960036,0.74830796475175465,0.50415903337590862],"Categories":["Ogataea zsoltii","Ogataea zsoltii","Ogataea","Saccharomycetaceae","Saccharomycetales"],"Properties":[7,5,4]}}