{"2013":{"Path":["0","0","2013","2013"],"Coordinates":[0.56859324199796191,0.65625639917642886,0.36544214817228049],"Categories":["Lipomyces suomiensis","Lipomyces suomiensis","Lipomyces","Lipomycetaceae","Saccharomycetales"],"Properties":[5,5,3]}}