{"4131":{"Path":["0","0","4130","4131"],"Coordinates":[0.257063922147089,0.57869328606473858,0.56972204935132942],"Categories":["Ambrosiozyma maleeae","Ambrosiozyma maleeae","Ambrosiozyma","","Saccharomycetales"],"Properties":[2,4,5]}}