{"3594":{"Path":["0","0","3594","3594"],"Coordinates":[0.60707638177168621,0.45994641495544875,0.64319642985288961],"Categories":["Kazachstania gamospora","Kazachstania gamospora","Kazachstania","Saccharomycetaceae","Saccharomycetales"],"Properties":[6,3,5]}}