{"973":{"Path":["0","0","696","973"],"Coordinates":[0.69426587853984556,0.55147535556799754,0.37970504821341489],"Categories":["Candida anglica","Candida anglica","Candida","","Saccharomycetales"],"Properties":[6,4,3]}}