{"3119":{"Path":["0","0","3119","3119"],"Coordinates":[0.15670974955620209,0.11995790600828041,0.38483702937191033],"Categories":["Bensingtonia sorbi","Bensingtonia sorbi","Bensingtonia","Agaricostilbaceae","Agaricostilbales"],"Properties":[1,0,3]}}