{"3568":{"Path":["0","0","3568","3568"],"Coordinates":[0.20193892512962691,0.48249959393926972,0.47278758685722588],"Categories":["Metschnikowia aberdeeniae","Metschnikowia aberdeeniae","Metschnikowia","Metschnikowiaceae","Saccharomycetales"],"Properties":[2,3,4]}}