{"3974":{"Path":["0","0","3974","3974"],"Coordinates":[0.45362125715108775,0.39814650816673958,0.52792471988880041],"Categories":["Nakazawaea laoshanensis","Nakazawaea laoshanensis","Nakazawaea","Saccharomycetaceae","Saccharomycetales"],"Properties":[4,3,4]}}