{"17":{"Path":["1","17","17","17"],"Coordinates":[-0.4262235212253348,0.1559941272082313,-0.303295191204307],"Categories":["Candida tropicalis","Candida tropicalis","Candida","","Saccharomycetales"],"Properties":[-4,1,-2]},"66":{"Path":["1","17","66","66"],"Coordinates":[-0.402907243315807,0.13136242664691725,-0.28506725471865291],"Categories":["Cryptococcus laurentii","Cryptococcus laurentii","Cryptococcus","Tremellaceae","Tremellales"],"Properties":[-4,1,-2]},"73":{"Path":["1","17","73","73"],"Coordinates":[-0.39881438656598833,0.17377336511114591,-0.30573280683014264],"Categories":["Cryptococcus magnus","Cryptococcus magnus","Cryptococcus","Tremellaceae","Tremellales"],"Properties":[-3,1,-2]}}