{"3498":{"Path":["0","0","3498","3498"],"Coordinates":[0.7495340545424436,0.77547647477308645,0.30467025585647672],"Categories":["Candida riodocensis","Candida riodocensis","Candida","","Saccharomycetales"],"Properties":[7,6,2]}}