{"840":{"Path":["0","0","840","840"],"Coordinates":[0.57707413995485568,0.38159928351771794,0.20189480049777084],"Categories":["Citeromyces matritensis","Citeromyces matritensis","Citeromyces","Saccharomycetaceae","Saccharomycetales"],"Properties":[5,3,1]}}