{"1222":{"Path":["0","0","1222","1222"],"Coordinates":[0.50611993094201113,0.3955776839671688,0.49477766749414714],"Categories":["Cyberlindnera petersonii","Cyberlindnera petersonii","Cyberlindnera","","Saccharomycetales"],"Properties":[5,3,4]}}