{"3134":{"Path":["0","0","3134","3134"],"Coordinates":[0.56475500062701356,0.63753439508824838,0.75002021816562858],"Categories":["Cryptococcus allantoinivorans","Cryptococcus allantoinivorans","Cryptococcus","Tremellaceae","Tremellales"],"Properties":[5,5,6]}}