{"1367":{"Path":["0","0","1367","1367"],"Coordinates":[0.45619998769478159,0.365507050225498,0.33008399633778457],"Categories":["Cryptococcus longus","Cryptococcus longus","Cryptococcus","Tremellaceae","Tremellales"],"Properties":[4,2,2]}}