{"4146":{"Path":["0","0","4146","4146"],"Coordinates":[0.72703284814311486,0.56436177446243951,0.55915082638348113],"Categories":["Candida mattraensis","Candida mattraensis","Candida","","Saccharomycetales"],"Properties":[7,4,5]},"4147":{"Path":["0","0","4146","4147"],"Coordinates":[0.72858267927502385,0.55458146445422329,0.56054494244957931],"Categories":["Candida mattraensis","Candida mattraensis","Candida","","Saccharomycetales"],"Properties":[7,4,5]}}