{"3552":{"Path":["0","0","3553","3553"],"Coordinates":[0.3191379323513302,0.3710347877225228,0.60908494441563177],"Categories":["Candida corydali","Candida corydali","Candida","","Saccharomycetales"],"Properties":[3,2,5]},"3553":{"Path":["0","0","3553","3553"],"Coordinates":[0.32084251853213969,0.37200805198811893,0.60870135265075775],"Categories":["Candida corydali","Candida corydali","Candida","","Saccharomycetales"],"Properties":[3,2,5]}}