{"514":{"Path":["7","10","166","514"],"Coordinates":[-0.37743670989039796,0.49960916332467947,-0.11666728160130757],"Categories":["Filobasidium uniguttulatum","Filobasidium uniguttulatum","Filobasidium","Filobasidiaceae","Filobasidiales"],"Properties":[-3,3,-1]}}