{"2825":{"Path":["0","0","2825","2825"],"Coordinates":[0.53785956110012056,0.71409599163181225,0.88722116270924112],"Categories":["Barnettozyma hawaiiensis","Barnettozyma hawaiiensis","Barnettozyma","","Saccharomycetales"],"Properties":[5,5,7]}}