{"3030":{"Path":["0","0","3030","3030"],"Coordinates":[0.46248124879570435,0.67575586507003549,0.75651255014977348],"Categories":["Starmerella meliponinorum","Starmerella meliponinorum","Starmerella","Saccharomycetaceae","Saccharomycetales"],"Properties":[4,5,6]},"3031":{"Path":["0","0","3030","3030"],"Coordinates":[0.46236967869000817,0.67480819869635278,0.75681168634137774],"Categories":["Starmerella meliponinorum","Starmerella meliponinorum","Starmerella","Saccharomycetaceae","Saccharomycetales"],"Properties":[4,5,6]}}