{"1409":{"Path":["0","0","1409","1409"],"Coordinates":[0.64150074081533937,0.60510043581208417,0.31029195133623394],"Categories":["Wickerhamomyces sydowiorum","Wickerhamomyces sydowiorum","Wickerhamomyces","","Saccharomycetales"],"Properties":[6,4,2]}}