{"2355":{"Path":["0","0","2355","2355"],"Coordinates":[0.59126724822282262,0.41984995344289383,0.46514475213849243],"Categories":["Candida infanticola","Candida infanticola","Candida","","Saccharomycetales"],"Properties":[5,3,4]}}