{"12":{"Path":["0","0","12","12"],"Coordinates":[0.61443435942234093,0.51713174427997111,0.67908464294497572],"Categories":["Dekkera anomala","Dekkera anomala","Dekkera","Saccharomycetaceae","Saccharomycetales"],"Properties":[6,4,6]}}