{"2646":{"Path":["0","0","2646","2646"],"Coordinates":[0.36089211958488782,0.59247445025909029,0.29267659447649008],"Categories":["Wickerhamiella australiensis","Wickerhamiella australiensis","Wickerhamiella","","Saccharomycetales"],"Properties":[3,4,2]},"2647":{"Path":["0","0","2646","2646"],"Coordinates":[0.35972897356051725,0.587613233965181,0.29280176424049542],"Categories":["Wickerhamiella australiensis","Wickerhamiella australiensis","Wickerhamiella","","Saccharomycetales"],"Properties":[3,4,2]}}