{"3925":{"Path":["0","0","3924","3925"],"Coordinates":[0.61716250806775941,0.56816708645930813,0.45967964109075732],"Categories":["Candida jalapaonensis","Candida jalapaonensis","Candida","","Saccharomycetales"],"Properties":[6,4,4]}}