{"793":{"Path":["0","793","793","793"],"Coordinates":[0.16330760344391476,0.3989747356332124,0.36343999126549786],"Categories":["Ambrosiozyma monospora","Ambrosiozyma monospora","Ambrosiozyma","","Saccharomycetales"],"Properties":[1,3,3]},"1499":{"Path":["0","793","1499","1499"],"Coordinates":[0.15082017175162754,0.36070791888084147,0.41604717862411866],"Categories":["Ambrosiozyma cicatricosa","Ambrosiozyma cicatricosa","Ambrosiozyma","","Saccharomycetales"],"Properties":[1,2,3]}}