{"3258":{"Path":["0","0","3258","3258"],"Coordinates":[0.27635153406506768,0.20801361632929707,0.50388422854687287],"Categories":["Candida emberorum","Candida emberorum","Candida","","Saccharomycetales"],"Properties":[2,1,4]},"3259":{"Path":["0","0","3258","3259"],"Coordinates":[0.2624564935525614,0.198288769186172,0.5050483579205518],"Categories":["Candida emberorum","Candida emberorum","Candida","","Saccharomycetales"],"Properties":[2,1,4]}}