{"4146":{"Path":["0","0","4146","4146"],"Coordinates":[0.67900035287542648,0.42487945146157891,0.22474264472022551],"Categories":["Candida mattraensis","Candida mattraensis","Candida","","Saccharomycetales"],"Properties":[6,3,2]}}