{"384":{"Path":["0","0","384","384"],"Coordinates":[0.47102504542089496,0.39481567154103675,0.51526116488251028],"Categories":["Komagataella pastoris","Komagataella pastoris","Komagataella","Saccharomycetaceae","Saccharomycetales"],"Properties":[4,3,4]}}