{"2116":{"Path":["0","0","2116","2116"],"Coordinates":[0.25536142132776707,0.59182523107741725,0.5447529546143951],"Categories":["Rhodotorula yarrowii","Rhodotorula yarrowii","Rhodotorula","","Sporidiobolales"],"Properties":[2,4,4]}}