{"1442":{"Path":["0","0","1442","1442"],"Coordinates":[0.54726139635565463,0.40290137152424282,0.17360459974125489],"Categories":["Brettanomyces naardenensis","Brettanomyces naardenensis","Brettanomyces","Pichiaceae","Saccharomycetales"],"Properties":[5,3,1]}}