{"4251":{"Path":["0","0","4251","4251"],"Coordinates":[0.22827543102282924,0.73044286189329011,0.60310266728704842],"Categories":["Citeromyces nyonsensis","Citeromyces nyonsensis","Citeromyces","Saccharomycetaceae","Saccharomycetales"],"Properties":[2,5,5]}}