{"2649":{"Path":["0","2649","2649","2649"],"Coordinates":[0.46253001459188764,0.76487236622632448,0.36842751159735432],"Categories":["Bensingtonia sakaguchii","Bensingtonia sakaguchii","Bensingtonia","Agaricostilbaceae","Agaricostilbales"],"Properties":[4,6,3]}}