{"1316":{"Path":["0","0","411","1316"],"Coordinates":[0.54106920022275806,0.48641762995498022,0.50663034487660841],"Categories":["Ogataea henricii","Ogataea henricii","Ogataea","Saccharomycetaceae","Saccharomycetales"],"Properties":[5,3,4]}}