{"1723":{"Path":["0","0","1723","1723"],"Coordinates":[0.10656670897837339,0.697516429047965,0.75435282915276736],"Categories":["Candida sonorensis","Candida sonorensis","Candida","","Saccharomycetales"],"Properties":[1,5,6]}}