{"3998":{"Path":["0","0","3998","3998"],"Coordinates":[0.50584187643144185,0.47593495428314136,0.57768475793007634],"Categories":["Mingxiaea wuzhishanensis","Mingxiaea wuzhishanensis","Mingxiaea","","Tremellales"],"Properties":[5,3,5]}}