{"2275":{"Path":["0","2275","2275","2275"],"Coordinates":[0.32684979847249757,0.65376563026421608,0.72180028081279912],"Categories":["Myxozyma monticola","Myxozyma monticola","Myxozyma","Lipomycetaceae","Saccharomycetales"],"Properties":[3,5,6]}}