{"3495":{"Path":["0","0","3495","3495"],"Coordinates":[0.27533658055478449,0.41041711364778882,0.85052664533442945],"Categories":["Candida cellae","Candida cellae","Candida","","Saccharomycetales"],"Properties":[2,3,7]}}