{"3998":{"Path":["0","0","3998","3998"],"Coordinates":[0.10973785709763013,0.74380134534789011,0.13638623154255816],"Categories":["Mingxiaea wuzhishanensis","Mingxiaea wuzhishanensis","Mingxiaea","","Tremellales"],"Properties":[1,5,1]}}