{"404":{"Path":["0","0","404","404"],"Coordinates":[0.276784568405711,0.41500673094786505,0.45337116410765321],"Categories":["Zygosaccharomyces rouxii","Zygosaccharomyces rouxii","Zygosaccharomyces","Saccharomycetaceae","Saccharomycetales"],"Properties":[2,3,4]},"409":{"Path":["0","0","404","409"],"Coordinates":[0.4387723237565776,0.714514332076719,0.65735178833404939],"Categories":["Zygosaccharomyces rouxii","Zygosaccharomyces rouxii","Zygosaccharomyces","Saccharomycetaceae","Saccharomycetales"],"Properties":[4,5,5]}}