{"18":{"Path":["2","18","18","18"],"Coordinates":[-0.39526957250395273,0.46301261575766772,-0.048211007428439534],"Categories":["Candida tropicalis","Candida tropicalis","Candida","","Saccharomycetales"],"Properties":[-3,3,0]},"1498":{"Path":["2","18","18","18"],"Coordinates":[-0.3964979544108857,0.45863195280740565,-0.048631705250931717],"Categories":["Starmera dryadoides","Starmera dryadoides","Starmera","Phaffomycetaceae","Saccharomycetales"],"Properties":[-3,3,0]},"3802":{"Path":["2","18","18","18"],"Coordinates":[-0.39258073673331284,0.45904234760664558,-0.049670301447835796],"Categories":["Derxomyces simaoensis","Derxomyces simaoensis","Derxomyces","","Tremellales"],"Properties":[-3,3,0]}}