{"1657":{"Path":["0","0","1657","1657"],"Coordinates":[0.419038627542409,0.39221995250885294,0.3971195555285007],"Categories":["Candida savonica","Candida savonica","Candida","","Saccharomycetales"],"Properties":[4,3,3]},"1658":{"Path":["0","0","1657","1657"],"Coordinates":[0.4190689382343834,0.39215540745116845,0.39711555486864736],"Categories":["Candida savonica","Candida savonica","Candida","","Saccharomycetales"],"Properties":[4,3,3]}}