{"3725":{"Path":["0","0","3725","3725"],"Coordinates":[0.36118462521835415,0.53775990752863079,0.72203447719356406],"Categories":["Candida jianshihensis","Candida jianshihensis","Candida","","Saccharomycetales"],"Properties":[3,4,6]}}