{"3083":{"Path":["0","0","3983","3983"],"Coordinates":[0.69974250003155181,0.32109441037994596,0.13711896776495541],"Categories":["Wickerhamomyces patagonicus","Komagataella pseudopastoris","Komagataella","Saccharomycetaceae","Saccharomycetales"],"Properties":[6,2,1]},"3983":{"Path":["0","0","3983","3983"],"Coordinates":[0.71589720440986215,0.64094017863716979,0.18457166823975302],"Categories":["Wickerhamomyces patagonicus","Wickerhamomyces patagonicus","Wickerhamomyces","","Saccharomycetales"],"Properties":[7,5,1]}}