{"3730":{"Path":["0","0","3730","3730"],"Coordinates":[0.38683941061319638,0.022416139570886295,0.054192415854664985],"Categories":["Candida ratchasimensis","Candida ratchasimensis","Candida","","Saccharomycetales"],"Properties":[3,0,0]}}