{"3500":{"Path":["0","0","3501","3500"],"Coordinates":[0.42010073741204534,0.65246903394360956,0.70659751023853778],"Categories":["Ogataea siamensis","Ogataea siamensis","Ogataea","Saccharomycetaceae","Saccharomycetales"],"Properties":[4,5,6]}}