{"68":{"Path":["0","0","68","68"],"Coordinates":[0.31610907217896494,0.39735501940701468,0.419643263271237],"Categories":["Cryptococcus magnus","Cryptococcus magnus","Cryptococcus","Tremellaceae","Tremellales"],"Properties":[3,3,3]}}