{"3828":{"Path":["0","0","3828","3828"],"Coordinates":[0.80808179423818727,0.24886288629613676,0.0700117553948865],"Categories":["Kloeckera hatyaiensis","Kloeckera hatyaiensis","Kloeckera","Saccharomycodaceae","Saccharomycetales"],"Properties":[8,1,0]}}