{"4021":{"Path":["0","0","4021","4021"],"Coordinates":[0.54181182441947628,0.19440167389916105,0.13370242148521588],"Categories":["Spathaspora arborariae","Spathaspora arborariae","Spathaspora","","Saccharomycetales"],"Properties":[5,1,1]}}