{"3":{"Path":["3","3","3","3"],"Coordinates":[-0.36208619985506646,0.26557594492113556,-0.25684910138938005],"Categories":["Candida lactis-condensi","Candida lactis-condensi","Candida","","Saccharomycetales"],"Properties":[-3,2,-2]},"2429":{"Path":["3","3","3","3"],"Coordinates":[-0.3580520007462904,0.26835122609129375,-0.25399638956569304],"Categories":["Sporobolomyces foliicola","Sporobolomyces foliicola","Sporobolomyces","","Sporidiobolales"],"Properties":[-3,2,-2]},"3642":{"Path":["3","3","3","3"],"Coordinates":[-0.3633278171140451,0.26738448900405976,-0.255081499203045],"Categories":["Candida stri","Candida stri","Candida","","Saccharomycetales"],"Properties":[-3,2,-2]}}