{"3161":{"Path":["0","3161","3161","3161"],"Coordinates":[0.48180816584721237,0.56587544207547336,0.78883744529897315],"Categories":["Candida bombiphila","Candida bombiphila","Candida","","Saccharomycetales"],"Properties":[4,4,7]}}