{"910":{"Path":["0","0","910","910"],"Coordinates":[0.34083654434450872,0.39881552214778326,0.34143700950028111],"Categories":["Candida diversa","Candida diversa","Candida","","Saccharomycetales"],"Properties":[3,3,3]},"911":{"Path":["0","0","910","910"],"Coordinates":[0.55983258278727488,0.2604056908182017,0.38044429522038914],"Categories":["Candida diversa","Candida diversa","Candida","","Saccharomycetales"],"Properties":[5,2,3]}}