{"2547":{"Path":["0","0","2547","2547"],"Coordinates":[0.32627659077907351,0.44234038667092263,0.38556938183774142],"Categories":["Fellomyces mexicanus","Fellomyces mexicanus","Fellomyces","Cuniculitremaceae","Tremellales"],"Properties":[3,3,3]}}