{"1456":{"Path":["0","0","1457","1457"],"Coordinates":[0.64901206912372811,0.24385869867315269,0.57987877109108732],"Categories":["Zygoascus tannicolus","Zygoascus tannicolus","Zygoascus","","Saccharomycetales"],"Properties":[6,1,5]},"1457":{"Path":["0","0","1457","1457"],"Coordinates":[0.64975588180610278,0.24425181788580327,0.5800861552884008],"Categories":["Zygoascus tannicolus","Zygoascus tannicolus","Zygoascus","","Saccharomycetales"],"Properties":[6,1,5]}}