{"4263":{"Path":["0","0","4263","4263"],"Coordinates":[0.62159351979844324,0.38532018994683159,0.44161018970581128],"Categories":["Hemisphaericaspora nanyangensis","Hemisphaericaspora nanyangensis","Hemisphaericaspora","Debaryomycetaceae","Saccharomycetales"],"Properties":[6,3,3]}}