{"3412":{"Path":["0","0","2408","3412"],"Coordinates":[0.39727091773316542,0.62679259650616881,0.50743990081686108],"Categories":["Metschnikowia viticola","Metschnikowia viticola","Metschnikowia","Metschnikowiaceae","Saccharomycetales"],"Properties":[3,5,4]},"3413":{"Path":["0","0","2408","3412"],"Coordinates":[0.39640348718855428,0.62963037100560437,0.50699876575746394],"Categories":["Metschnikowia viticola","Metschnikowia viticola","Metschnikowia","Metschnikowiaceae","Saccharomycetales"],"Properties":[3,5,4]}}