{"1783":{"Path":["0","0","1784","1783"],"Coordinates":[0.40173905905799412,0.59519810956572206,0.47548233219216635],"Categories":["Pichia heedii","Pichia heedii","Pichia","Saccharomycetaceae","Saccharomycetales"],"Properties":[4,4,4]},"1784":{"Path":["0","0","1784","1784"],"Coordinates":[0.36190749301929576,0.58698701996224856,0.47028383679171187],"Categories":["Pichia heedii","Pichia heedii","Pichia","Saccharomycetaceae","Saccharomycetales"],"Properties":[3,4,4]}}