{"86":{"Path":["0","0","82","86"],"Coordinates":[0.83593018022606835,0.71749042772598748,0.39619721984971318],"Categories":["Candida stellata","Candida stellata","Candida","","Saccharomycetales"],"Properties":[8,5,3]},"87":{"Path":["0","0","82","86"],"Coordinates":[0.83594124795778613,0.71750046010088364,0.39619861835147369],"Categories":["Candida stellata","Candida stellata","Candida","","Saccharomycetales"],"Properties":[8,5,3]}}