{"1649":{"Path":["0","0","1649","1649"],"Coordinates":[0.30299944962675635,0.3434876214563426,-0.23637341868670719],"Categories":["Rhodotorula bacarum","Rhodotorula bacarum","Rhodotorula","","Sporidiobolales"],"Properties":[3,2,-2]}}