{"4208":{"Path":["0","0","2401","4208"],"Coordinates":[0.587139914431611,0.54408403247975767,0.57373897640253135],"Categories":["Bandoniozyma aquatica","Bandoniozyma aquatica","Bandoniozyma","","Tremellales"],"Properties":[5,4,5]}}