{"1586":{"Path":["0","0","1586","1586"],"Coordinates":[0.56202725045329482,0.62971646279392468,0.78011253654411983],"Categories":["Sakaguchia dacryoidea","Sakaguchia dacryoidea","Sakaguchia","Sporidiobolaceae","Sporidiobolales"],"Properties":[5,5,7]},"1587":{"Path":["0","0","1586","1586"],"Coordinates":[0.56204371258188479,0.6297101352471759,0.780115280260766],"Categories":["Sakaguchia dacryoidea","Sakaguchia dacryoidea","Sakaguchia","Sporidiobolaceae","Sporidiobolales"],"Properties":[5,5,7]}}