{"1965":{"Path":["0","0","1965","1965"],"Coordinates":[0.48988532897361359,0.67522693768168107,0.56737397120500255],"Categories":["Wickerhamomyces hampshirensis","Wickerhamomyces hampshirensis","Wickerhamomyces","","Saccharomycetales"],"Properties":[4,5,5]}}