{"1324":{"Path":["0","1324","1324","1324"],"Coordinates":[0.55886411581177386,0.62459814018697146,0.41662300472466596],"Categories":["Sporopachydermia lactativora","Sporopachydermia lactativora","Sporopachydermia","","Saccharomycetales"],"Properties":[5,4,3]},"1502":{"Path":["0","1324","1324","1324"],"Coordinates":[0.55886554525739918,0.62171228269631407,0.41580335571423405],"Categories":["Sporopachydermia lactativora","Sporopachydermia lactativora","Sporopachydermia","","Saccharomycetales"],"Properties":[5,4,3]}}