{"3069":{"Path":["0","0","3068","3069"],"Coordinates":[0.39894120831540714,0.499620295424103,0.80245447098166123],"Categories":["Candida kipukae","Candida kipukae","Candida","","Saccharomycetales"],"Properties":[3,3,7]}}