{"3648":{"Path":["0","0","3648","3648"],"Coordinates":[0.63345052352940345,0.40691563147633281,0.54513932825461686],"Categories":["Debaryomyces singareniensis","Debaryomyces singareniensis","Debaryomyces","Saccharomycetaceae","Saccharomycetales"],"Properties":[6,3,4]}}