{"3267":{"Path":["0","0","3267","3267"],"Coordinates":[0.49505757261293565,0.45075001924508279,0.66708535117063339],"Categories":["Candida choctaworum","Candida choctaworum","Candida","","Saccharomycetales"],"Properties":[4,3,6]}}