{"2804":{"Path":["0","0","2805","2805"],"Coordinates":[0.67341580003054025,0.37236520487867864,0.67642022308611272],"Categories":["Candida piceae","Candida piceae","Candida","","Saccharomycetales"],"Properties":[6,2,6]},"2805":{"Path":["0","0","2805","2805"],"Coordinates":[0.67091075003651623,0.37125640076088251,0.67752099654806908],"Categories":["Candida piceae","Candida piceae","Candida","","Saccharomycetales"],"Properties":[6,2,6]}}