{"4255":{"Path":["0","0","4255","4255"],"Coordinates":[0.69289582066777522,0.28029694861735932,0.27359500299000739],"Categories":["Tetrapisispora pingtungensis","Tetrapisispora pingtungensis","Tetrapisispora","Saccharomycetaceae","Saccharomycetales"],"Properties":[6,2,2]}}