{"1608":{"Path":["0","0","1607","1608"],"Coordinates":[0.376820281910525,0.83778714517320563,0.57788631247080957],"Categories":["Candida musae","Candida musae","Candida","","Saccharomycetales"],"Properties":[3,6,5]}}