{"1834":{"Path":["0","0","437","1834"],"Coordinates":[0.50653832745967675,0.46733070350096378,0.50923515917009821],"Categories":["Debaryomyces udenii","Debaryomyces udenii","Debaryomyces","Saccharomycetaceae","Saccharomycetales"],"Properties":[5,3,4]}}