{"3018":{"Path":["0","0","732","3018"],"Coordinates":[0.16910592770779889,0.47559987103223145,0.31999215534945824],"Categories":["Sporobolomyces vermiculatus","Sporobolomyces vermiculatus","Sporobolomyces","","Sporidiobolales"],"Properties":[1,3,2]},"3019":{"Path":["0","0","732","3018"],"Coordinates":[0.16909687061684317,0.47560226182407439,0.31997764913293336],"Categories":["Sporobolomyces vermiculatus","Sporobolomyces vermiculatus","Sporobolomyces","","Sporidiobolales"],"Properties":[1,3,2]}}