{"3275":{"Path":["0","0","3275","3275"],"Coordinates":[0.36586384034523517,0.74156802283747547,0.30895740265531357],"Categories":["Candida bribrorum","Candida bribrorum","Candida","","Saccharomycetales"],"Properties":[3,5,2]}}