{"1861":{"Path":["0","0","1861","1861"],"Coordinates":[0.19822716924924097,0.73915099483511715,0.256089773990545],"Categories":["Barnettozyma pratensis","Barnettozyma pratensis","Barnettozyma","","Saccharomycetales"],"Properties":[1,5,2]},"3219":{"Path":["0","0","1861","3219"],"Coordinates":[0.50074320108428361,0.60978212398688525,0.60208179593431888],"Categories":["Candida qinlingensis","Candida qinlingensis","Candida","","Saccharomycetales"],"Properties":[5,4,5]}}