{"2670":{"Path":["0","0","2666","2670"],"Coordinates":[0.487745511994883,0.50640656580445931,0.48658455575695203],"Categories":["Candida restingae","Candida restingae","Candida","","Saccharomycetales"],"Properties":[4,4,4]}}