{"3771":{"Path":["0","0","3774","3774"],"Coordinates":[0.62920134703444863,0.25633593225193652,0.34605439371242741],"Categories":["Pichia garciniae","Pichia garciniae","Pichia","Saccharomycetaceae","Saccharomycetales"],"Properties":[6,2,3]},"3774":{"Path":["0","0","3774","3774"],"Coordinates":[0.62918549637141818,0.25678858857121939,0.34647478315325403],"Categories":["Pichia garciniae","Pichia garciniae","Pichia","Saccharomycetaceae","Saccharomycetales"],"Properties":[6,2,3]}}