{"2268":{"Path":["0","0","2268","2268"],"Coordinates":[0.46194404550542023,0.37916580759552054,0.461147521762178],"Categories":["Metschnikowia agaves","Metschnikowia agaves","Metschnikowia","Metschnikowiaceae","Saccharomycetales"],"Properties":[4,3,4]},"2269":{"Path":["0","0","2268","2269"],"Coordinates":[0.60868702823600218,0.22277684084295749,0.55415420484682154],"Categories":["Metschnikowia agaves","Metschnikowia agaves","Metschnikowia","Metschnikowiaceae","Saccharomycetales"],"Properties":[6,1,4]}}