{"1625":{"Path":["0","0","1625","1625"],"Coordinates":[0.80212005982632006,0.46105713915870888,0.82187065145656213],"Categories":["Candida quercuum","Candida quercuum","Candida","","Saccharomycetales"],"Properties":[8,3,7]}}