{"2766":{"Path":["0","0","2766","2766"],"Coordinates":[0.53554373099997887,0.733646722836986,0.8150846333033317],"Categories":["Kazachstania turicensis","Kazachstania turicensis","Kazachstania","Saccharomycetaceae","Saccharomycetales"],"Properties":[5,5,7]}}