{"1025":{"Path":["0","0","1025","1025"],"Coordinates":[0.42979641058893392,0.42157158583373788,0.607159535146964],"Categories":["Tetrapisispora phaffii","Tetrapisispora phaffii","Tetrapisispora","Saccharomycetaceae","Saccharomycetales"],"Properties":[4,3,5]}}