{"1191":{"Path":["0","0","1191","1191"],"Coordinates":[0.71053578560979558,0.36442507911872346,0.23550646107636977],"Categories":["Mrakiella aquatica","Mrakiella aquatica","Mrakiella","","Cystofilobasidiales"],"Properties":[7,2,2]}}