{"1275":{"Path":["0","0","1275","1275"],"Coordinates":[0.16800293370835204,0.649165311087515,0.51006307206490642],"Categories":["Kazachstania barnettii","Kazachstania barnettii","Kazachstania","Saccharomycetaceae","Saccharomycetales"],"Properties":[1,5,4]}}