{"3101":{"Path":["0","0","37","3101"],"Coordinates":[0.471438727388269,0.44528618886871552,0.56614986958628377],"Categories":["Hannaella surugaensis","Hannaella surugaensis","Hannaella","","Tremellales"],"Properties":[4,3,5]},"3102":{"Path":["0","0","37","3101"],"Coordinates":[0.47143657409475709,0.44524604910029758,0.56618821367322969],"Categories":["Hannaella surugaensis","Hannaella surugaensis","Hannaella","","Tremellales"],"Properties":[4,3,5]}}