{"3194":{"Path":["0","0","3194","3194"],"Coordinates":[0.55536261031430145,0.629558450271483,0.46307945420443064],"Categories":["Metschnikowia colocasiae","Metschnikowia colocasiae","Metschnikowia","Metschnikowiaceae","Saccharomycetales"],"Properties":[5,5,4]}}