{"3126":{"Path":["0","0","3126","3126"],"Coordinates":[0.24165671223409793,0.381942552422804,0.3772278049596004],"Categories":["Rhodotorula lamellibrachii","Rhodotorula lamellibrachii","Rhodotorula","","Sporidiobolales"],"Properties":[2,3,3]}}