{"2874":{"Path":["0","0","2875","2875"],"Coordinates":[0.19668417630076931,0.76284384662496274,0.31131912051845889],"Categories":["Pichia sporocuriosa","Pichia sporocuriosa","Pichia","Saccharomycetaceae","Saccharomycetales"],"Properties":[1,6,2]},"2875":{"Path":["0","0","2875","2875"],"Coordinates":[0.19761834824636002,0.76249209507933391,0.31125917365682942],"Categories":["Pichia sporocuriosa","Pichia sporocuriosa","Pichia","Saccharomycetaceae","Saccharomycetales"],"Properties":[1,6,2]}}