{"1615":{"Path":["0","1615","1615","1615"],"Coordinates":[0.59843276783542654,0.2514836071246192,0.5013421115271619],"Categories":["Farysizyma acheniorum","Farysizyma acheniorum","Farysizyma","","Ustilaginales"],"Properties":[5,2,4]},"3379":{"Path":["0","1615","3379","3379"],"Coordinates":[0.46782633374486132,0.393047807113717,0.33173739213607206],"Categories":["Farysizyma taiwaniana","Farysizyma taiwaniana","Farysizyma","","Ustilaginales"],"Properties":[4,3,2]}}