{"4202":{"Path":["0","0","4202","4202"],"Coordinates":[0.83328173970139174,0.67160285277555565,0.76945973045863347],"Categories":["Kuraishia borneana","Kuraishia borneana","Kuraishia","Saccharomycetaceae","Saccharomycetales"],"Properties":[8,5,6]}}