{"3163":{"Path":["0","0","3163","3163"],"Coordinates":[0.34716832849707363,0.50706685561100273,0.3300609374374609],"Categories":["Candida galli","Candida galli","Candida","","Saccharomycetales"],"Properties":[3,4,2]}}