{"2287":{"Path":["0","2287","2287","2287"],"Coordinates":[0.35712803740353632,0.50772318923238646,0.21955705755191046],"Categories":["Candida stellimalicola","Candida stellimalicola","Candida","","Saccharomycetales"],"Properties":[3,4,1]}}