{"1363":{"Path":["0","0","1363","1363"],"Coordinates":[0.35828860919749617,0.33454803712742887,0.61373079025685306],"Categories":["Lipomyces tetrasporus","Lipomyces tetrasporus","Lipomyces","Lipomycetaceae","Saccharomycetales"],"Properties":[3,2,5]}}