{"1455":{"Path":["0","0","1455","1455"],"Coordinates":[0.61649522578363858,0.41813176766080123,0.54035621814088175],"Categories":["Blastobotrys chiropterorum","Blastobotrys chiropterorum","Blastobotrys","Trichomonascaceae","Saccharomycetales"],"Properties":[6,3,4]}}