{"4053":{"Path":["0","0","4053","4053"],"Coordinates":[0.43233129596850062,1.0303992071690966,0.24569785815040104],"Categories":["Candida spenceri","Candida spenceri","Candida","","Saccharomycetales"],"Properties":[4,0,2]}}