{"3689":{"Path":["0","0","3689","3689"],"Coordinates":[0.43666331300463529,0.89364150665911757,0.32227219037141674],"Categories":["Candida tetrigidarum","Candida tetrigidarum","Candida","","Saccharomycetales"],"Properties":[4,7,2]}}