{"12":{"Path":["0","0","12","12"],"Coordinates":[0.558405295365154,0.75868744230241725,0.57749167666346157],"Categories":["Dekkera anomala","Dekkera anomala","Dekkera","Saccharomycetaceae","Saccharomycetales"],"Properties":[5,6,5]},"13":{"Path":["0","0","12","12"],"Coordinates":[0.55840829590783947,0.75864269239575555,0.5774841187429024],"Categories":["Dekkera anomala","Dekkera anomala","Dekkera","Saccharomycetaceae","Saccharomycetales"],"Properties":[5,6,5]},"14":{"Path":["0","0","12","12"],"Coordinates":[0.558409199669111,0.75863362923471611,0.5774826528018111],"Categories":["Dekkera anomala","Dekkera anomala","Dekkera","Saccharomycetaceae","Saccharomycetales"],"Properties":[5,6,5]},"15":{"Path":["0","0","12","12"],"Coordinates":[0.56523256309805692,0.75889285704054377,0.579022714338666],"Categories":["Dekkera anomala","Dekkera anomala","Dekkera","Saccharomycetaceae","Saccharomycetales"],"Properties":[5,6,5]}}