{"27":{"Path":["0","0","27","27"],"Coordinates":[0.3185721751998859,0.49766374957455617,0.31416557373731657],"Categories":["Wickerhamomyces subpelliculosus","Wickerhamomyces subpelliculosus","Wickerhamomyces","","Saccharomycetales"],"Properties":[3,3,2]}}