{"4015":{"Path":["0","0","4015","4015"],"Coordinates":[0.49940989885230719,0.58755237342126942,0.58072248230667356],"Categories":["Kloeckera taiwanica","Kloeckera taiwanica","Kloeckera","Saccharomycodaceae","Saccharomycetales"],"Properties":[4,4,5]}}