{"918":{"Path":["0","0","918","918"],"Coordinates":[0.48337868945459633,0.46551119916479583,0.38984515177386547],"Categories":["Rhodotorula bogoriensis","Rhodotorula bogoriensis","Rhodotorula","","Sporidiobolales"],"Properties":[4,3,3]}}