{"2694":{"Path":["0","0","2694","2694"],"Coordinates":[0.68354910193972518,0.43463912269420907,0.56565771256831943],"Categories":["Candida gotoi","Candida gotoi","Candida","","Saccharomycetales"],"Properties":[6,3,5]},"2695":{"Path":["0","0","2694","2694"],"Coordinates":[0.68357319417020412,0.43460085882682109,0.56565309586429846],"Categories":["Candida gotoi","Candida gotoi","Candida","","Saccharomycetales"],"Properties":[6,3,5]}}