{"635":{"Path":["0","0","1968","635"],"Coordinates":[0.127908458023178,0.645598606184293,0.28635805435503542],"Categories":["Myxozyma melibiosi","Myxozyma melibiosi","Myxozyma","Lipomycetaceae","Saccharomycetales"],"Properties":[1,5,2]},"1968":{"Path":["0","0","1968","1968"],"Coordinates":[0.25008312447273484,0.61359256551613739,0.41687642546915971],"Categories":["Myxozyma geophila","Myxozyma geophila","Myxozyma","Lipomycetaceae","Saccharomycetales"],"Properties":[2,4,3]}}