{"743":{"Path":["0","0","743","743"],"Coordinates":[0.78222390973582312,0.7898678264842206,0.737205012341726],"Categories":["Hyphopichia pseudoburtonii","Hyphopichia pseudoburtonii","Hyphopichia","Saccharomycetaceae","Saccharomycetales"],"Properties":[7,6,6]}}