{"561":{"Path":["0","0","561","561"],"Coordinates":[0.37608685549208,0.19944180166570075,0.48585546762628407],"Categories":["Filobasidium capsuligenum","Filobasidium capsuligenum","Filobasidium","Filobasidiaceae","Filobasidiales"],"Properties":[3,1,4]},"1062":{"Path":["0","0","561","1062"],"Coordinates":[0.52638808686922067,0.33472861938133225,0.64914828601966379],"Categories":["Filobasidium capsuligenum","Filobasidium capsuligenum","Filobasidium","Filobasidiaceae","Filobasidiales"],"Properties":[5,2,5]}}