{"3561":{"Path":["0","0","3561","3561"],"Coordinates":[0.24421388912713446,0.86189835885277521,0.544877309296062],"Categories":["Yarrowia yakushimensis","Yarrowia yakushimensis","Yarrowia","","Saccharomycetales"],"Properties":[2,6,4]}}