{"8":{"Path":["0","0","8","8"],"Coordinates":[0.60887914403911325,0.4895092433540818,0.41305022783513273],"Categories":["Dekkera bruxellensis","Dekkera bruxellensis","Dekkera","Saccharomycetaceae","Saccharomycetales"],"Properties":[6,3,3]}}