{"805":{"Path":["0","0","805","805"],"Coordinates":[0.447583551975101,0.3802358771810852,0.55270692001822963],"Categories":["Eremothecium coryli","Eremothecium coryli","Eremothecium","Eremotheciaceae","Saccharomycetales"],"Properties":[4,3,4]}}