{"1291":{"Path":["0","0","1291","1291"],"Coordinates":[0.33770281923215334,0.47033451895238682,0.33970547437618215],"Categories":["Candida chilensis","Candida chilensis","Candida","","Saccharomycetales"],"Properties":[3,3,3]},"1292":{"Path":["0","0","1291","1292"],"Coordinates":[0.34391242766092095,0.47537110355026563,0.33997672840802134],"Categories":["Candida chilensis","Candida chilensis","Candida","","Saccharomycetales"],"Properties":[3,3,3]}}