{"581":{"Path":["0","581","581","581"],"Coordinates":[0.25842685591990472,0.56803472316472459,0.2710040281283726],"Categories":["Brettanomyces nanus","Brettanomyces nanus","Brettanomyces","Pichiaceae","Saccharomycetales"],"Properties":[2,4,2]}}