{"2855":{"Path":["0","0","2855","2855"],"Coordinates":[0.556408039129526,0.0798736589530048,0.20097028442373538],"Categories":["Candida ghanaensis","Candida ghanaensis","Candida","","Saccharomycetales"],"Properties":[5,0,1]}}