{"2526":{"Path":["0","0","2526","2526"],"Coordinates":[0.48116653272840887,0.43876829221987024,0.434369425526503],"Categories":["Blastobotrys adeninivorans","Blastobotrys adeninivorans","Blastobotrys","Trichomonascaceae","Saccharomycetales"],"Properties":[4,3,3]}}