{"915":{"Path":["0","915","915","915"],"Coordinates":[0.29588813181701379,0.55238486036343748,0.58157722527133726],"Categories":["Zygoascus meyerae","Zygoascus meyerae","Zygoascus","","Saccharomycetales"],"Properties":[2,4,5]}}