{"416":{"Path":["0","416","416","416"],"Coordinates":[0.34756087204972425,0.314638030384878,0.2196740215765105],"Categories":["Zygotorulaspora florentina","Zygotorulaspora florentina","Zygotorulaspora","Saccharomycetaceae","Saccharomycetales"],"Properties":[3,2,1]}}