{"1199":{"Path":["0","0","1199","1199"],"Coordinates":[0.67290452657015953,0.48420300692874824,0.48408233994421807],"Categories":["Sporidiobolus johnsonii","Sporidiobolus johnsonii","Sporidiobolus","Sporidiobolaceae","Sporidiobolales"],"Properties":[6,3,4]}}