{"2391":{"Path":["0","0","2391","2391"],"Coordinates":[0.73550952327129271,0.49317441726994288,0.37335726680710052],"Categories":["Rhodotorula cresolica","Rhodotorula cresolica","Rhodotorula","","Sporidiobolales"],"Properties":[7,3,3]}}