{"3870":{"Path":["0","0","3870","3870"],"Coordinates":[0.394646081589806,0.48048740080497676,0.63385973157893816],"Categories":["Asterotremella nantouana","Asterotremella nantouana","Asterotremella","Trichosporonaceae","Tremellales"],"Properties":[3,3,5]}}