{"469":{"Path":["0","0","469","469"],"Coordinates":[0.65775532529635317,0.0448992639440032,0.40721577453033142],"Categories":["Candida pini","Candida pini","Candida","","Saccharomycetales"],"Properties":[6,0,3]}}