{"2836":{"Path":["0","0","1027","2836"],"Coordinates":[0.38279512078027378,0.48119416315702929,0.56355340208308558],"Categories":["Kluyveromyces nonfermentans","Kluyveromyces nonfermentans","Kluyveromyces","Saccharomycetaceae","Saccharomycetales"],"Properties":[3,3,5]}}