{"2149":{"Path":["0","0","2151","2149"],"Coordinates":[0.34082330475606282,0.30634294405924933,0.37826047865898849],"Categories":["Myxozyma udenii","Myxozyma udenii","Myxozyma","Lipomycetaceae","Saccharomycetales"],"Properties":[3,2,3]}}