{"3926":{"Path":["0","2609","3926","3926"],"Coordinates":[0.74439664166195052,0.55101711883207638,0.50482142445851985],"Categories":["Pseudozyma pruni","Pseudozyma pruni","Pseudozyma","Ustilaginaceae","Ustilaginales"],"Properties":[7,4,4]},"3927":{"Path":["0","2609","3926","3926"],"Coordinates":[0.74475925599845039,0.55135596718084168,0.50395298873935157],"Categories":["Pseudozyma pruni","Pseudozyma pruni","Pseudozyma","Ustilaginaceae","Ustilaginales"],"Properties":[7,4,4]}}