{"542":{"Path":["0","0","542","542"],"Coordinates":[0.484043210965215,0.559060675448578,0.64945338665938113],"Categories":["Malassezia pachydermatis","Malassezia pachydermatis","Malassezia","","Malasseziales"],"Properties":[4,4,5]}}