{"4159":{"Path":["0","0","4159","4159"],"Coordinates":[0.72722355765814506,0.70412231484299115,0.3638578019402578],"Categories":["Candida theae","Candida theae","Candida","","Saccharomycetales"],"Properties":[7,5,3]}}