{"1557":{"Path":["0","0","1557","1557"],"Coordinates":[0.46102180907593054,0.54781097955684321,0.51588422777852594],"Categories":["Kazachstania martiniae","Kazachstania martiniae","Kazachstania","Saccharomycetaceae","Saccharomycetales"],"Properties":[4,4,4]}}