{"3903":{"Path":["0","0","3903","3903"],"Coordinates":[0.40485880823253412,0.58461646073376672,0.24799069299396609],"Categories":["Candida tumulicola","Candida tumulicola","Candida","","Saccharomycetales"],"Properties":[4,4,2]}}