{"4113":{"Path":["0","0","4112","4113"],"Coordinates":[0.15554225889177614,0.73551832160683062,0.21658540326135981],"Categories":["Wickerhamomyces ochangensis","Wickerhamomyces ochangensis","Wickerhamomyces","","Saccharomycetales"],"Properties":[1,5,1]}}