{"3226":{"Path":["0","0","3226","3226"],"Coordinates":[0.28901424790661118,0.32996259282520651,0.2229925343975955],"Categories":["Candida asparagi","Candida asparagi","Candida","","Saccharomycetales"],"Properties":[2,2,2]},"3227":{"Path":["0","0","3226","3226"],"Coordinates":[0.289006455772625,0.3299684729641757,0.22298237403881918],"Categories":["Candida asparagi","Candida asparagi","Candida","","Saccharomycetales"],"Properties":[2,2,2]}}