{"849":{"Path":["7","24","118","849"],"Coordinates":[-0.56218980537958274,0.42383864143234889,-0.23845901762336252],"Categories":["Rhodotorula glutinis","Rhodotorula graminis","Rhodotorula","","Sporidiobolales"],"Properties":[-5,3,-2]}}