{"1039":{"Path":["0","0","1039","1039"],"Coordinates":[0.35339699238975392,0.14690497772496361,0.732151834881196],"Categories":["Wickerhamia fluorescens","Wickerhamia fluorescens","Wickerhamia","Saccharomycodaceae","Saccharomycetales"],"Properties":[3,1,6]},"1040":{"Path":["0","0","1039","1039"],"Coordinates":[0.35333746149835504,0.14688136233261914,0.73218345068914525],"Categories":["Wickerhamia fluorescens","Wickerhamia fluorescens","Wickerhamia","Saccharomycodaceae","Saccharomycetales"],"Properties":[3,1,6]}}