{"1191":{"Path":["0","0","1191","1191"],"Coordinates":[0.79465400783627982,0.28358700511845392,0.5850989817629646],"Categories":["Mrakiella aquatica","Mrakiella aquatica","Mrakiella","","Cystofilobasidiales"],"Properties":[7,2,5]}}