{"2426":{"Path":["0","0","2426","2426"],"Coordinates":[0.332572638288464,0.36287243267373681,0.46918499514460121],"Categories":["Sporobolomyces foliicola","Sporobolomyces foliicola","Sporobolomyces","","Sporidiobolales"],"Properties":[3,2,4]},"2428":{"Path":["0","0","2426","2428"],"Coordinates":[0.784917658750333,0.58804436782881409,0.7388985974878135],"Categories":["Sporobolomyces foliicola","Sporobolomyces foliicola","Sporobolomyces","","Sporidiobolales"],"Properties":[7,4,6]}}