{"3538":{"Path":["0","0","3538","3538"],"Coordinates":[0.18060921635557026,0.38468688974772186,0.67702704126522861],"Categories":["Dioszegia butyracea","Dioszegia butyracea","Dioszegia","Tremellaceae","Tremellales"],"Properties":[1,3,6]}}