{"1494":{"Path":["0","0","1494","1494"],"Coordinates":[0.0204190585158713,0.50244007028743165,0.48199392731981289],"Categories":["Blastobotrys parvus","Blastobotrys parvus","Blastobotrys","Trichomonascaceae","Saccharomycetales"],"Properties":[0,4,4]}}