{"3365":{"Path":["0","0","2408","3365"],"Coordinates":[0.74092235424201536,0.4397447605802795,0.4420297882285642],"Categories":["Candida hydropsyches","Candida hydropsyches","Candida","","Saccharomycetales"],"Properties":[7,3,3]},"3366":{"Path":["0","0","2408","3365"],"Coordinates":[0.74096075748821544,0.43971032193381887,0.44205805064411063],"Categories":["Candida hydropsyches","Candida hydropsyches","Candida","","Saccharomycetales"],"Properties":[7,3,3]}}