{"3795":{"Path":["0","0","155","3795"],"Coordinates":[0.47192779259702011,0.80110864922543734,0.36537918210848669],"Categories":["Cryptococcus terrestris","Cryptococcus terrestris","Cryptococcus","Tremellaceae","Tremellales"],"Properties":[4,6,3]}}