{"1517":{"Path":["0","0","1517","1517"],"Coordinates":[0.49269997405584132,0.36290641411364161,0.47111178393189279],"Categories":["Leucosporidiella fragaria","Leucosporidiella fragaria","Leucosporidiella","Leucosporidiaceae","Leucosporidiales"],"Properties":[4,2,4]}}