{"3794":{"Path":["0","0","3794","3794"],"Coordinates":[0.36787117137299585,0.63944511071871246,0.35306183809065322],"Categories":["Hannaella zeae","Hannaella zeae","Hannaella","","Tremellales"],"Properties":[3,5,3]}}