{"1597":{"Path":["0","0","1597","1597"],"Coordinates":[0.38747534769346859,1.0288400276815708,0.37662978571873534],"Categories":["Pichia nakasei","Pichia nakasei","Pichia","Saccharomycetaceae","Saccharomycetales"],"Properties":[3,0,3]}}