{"2759":{"Path":["0","0","2759","2759"],"Coordinates":[0.45398397321267253,0.44465337066526717,0.71625818312018175],"Categories":["Kazachstania bulderi","Kazachstania bulderi","Kazachstania","Saccharomycetaceae","Saccharomycetales"],"Properties":[4,3,6]}}