{"2632":{"Path":["0","0","2632","2632"],"Coordinates":[0.364421844810196,0.4676345618872958,0.81791615292662856],"Categories":["Rhodotorula terpenoidalis","Rhodotorula terpenoidalis","Rhodotorula","","Sporidiobolales"],"Properties":[3,3,7]}}