{"53":{"Path":["0","55","53","53"],"Coordinates":[0.34711576313805981,0.62512160555869634,0.57083002986685882],"Categories":["Candida glabrata","Candida glabrata","Candida","","Saccharomycetales"],"Properties":[3,5,5]}}