{"3110":{"Path":["0","0","3107","3110"],"Coordinates":[0.42126977836285767,0.5399420260034723,0.20269524847676079],"Categories":["Candida cretensis","Candida cretensis","Candida","","Saccharomycetales"],"Properties":[4,4,1]}}