{"264":{"Path":["0","0","264","264"],"Coordinates":[0.30737663644250934,0.44988186872683661,0.60501976731040719],"Categories":["Sporobolomyces roseus","Sporobolomyces roseus","Sporobolomyces","","Sporidiobolales"],"Properties":[3,3,5]},"3179":{"Path":["0","0","264","3179"],"Coordinates":[0.4828446939678287,0.68532234427375216,0.59417970350051863],"Categories":["Sporobolomyces jilinensis","Sporobolomyces jilinensis","Sporobolomyces","","Sporidiobolales"],"Properties":[4,5,5]}}