{"605":{"Path":["0","0","605","605"],"Coordinates":[0.57752135443072616,0.24792136541318902,0.52971768075296366],"Categories":["Kuraishia capsulata","Kuraishia capsulata","Kuraishia","Saccharomycetaceae","Saccharomycetales"],"Properties":[5,1,4]}}