{"1863":{"Path":["0","0","1863","1863"],"Coordinates":[0.4248809443729028,0.55104239332682114,0.74277290323854872],"Categories":["Lipomyces oligophaga","Lipomyces oligophaga","Lipomyces","Lipomycetaceae","Saccharomycetales"],"Properties":[4,4,6]}}