{"60":{"Path":["0","0","60","60"],"Coordinates":[0.51350249049886754,0.5701998668237408,0.47529939931918919],"Categories":["Cryptococcus laurentii","Cryptococcus laurentii","Cryptococcus","Tremellaceae","Tremellales"],"Properties":[5,4,4]},"3653":{"Path":["0","0","60","3653"],"Coordinates":[0.50449678564176825,0.46743727568452953,0.2233127410252326],"Categories":["Cryptococcus rajasthanensis","Cryptococcus rajasthanensis","Cryptococcus","Tremellaceae","Tremellales"],"Properties":[5,3,2]}}