{"2014":{"Path":["0","0","2014","2014"],"Coordinates":[0.49960546172521014,0.16648512893932191,0.15791769043017409],"Categories":["Pichia barkeri","Pichia barkeri","Pichia","Saccharomycetaceae","Saccharomycetales"],"Properties":[4,1,1]},"2015":{"Path":["0","0","2014","2014"],"Coordinates":[0.50259394373497812,0.16294224355578105,0.15604234021317834],"Categories":["Pichia barkeri","Pichia barkeri","Pichia","Saccharomycetaceae","Saccharomycetales"],"Properties":[5,1,1]}}