{"559":{"Path":["0","0","560","559"],"Coordinates":[0.4624972057389245,0.36855334621146713,0.73050465242329254],"Categories":["Wickerhamomyces chambardii","Wickerhamomyces chambardii","Wickerhamomyces","","Saccharomycetales"],"Properties":[4,2,6]}}