{"1826":{"Path":["0","0","702","1827"],"Coordinates":[0.8101727685804091,0.50475339383924955,0.58217629841492513],"Categories":["Candida fermenticarens","Candida fermenticarens","Candida","","Saccharomycetales"],"Properties":[8,4,5]},"1827":{"Path":["0","0","702","1827"],"Coordinates":[0.805887000115485,0.50209426993162654,0.579779046860209],"Categories":["Candida fermenticarens","Candida fermenticarens","Candida","","Saccharomycetales"],"Properties":[8,4,5]}}