{"2646":{"Path":["0","0","2646","2646"],"Coordinates":[0.59906958374522468,0.74655859690911319,0.16766570516593421],"Categories":["Wickerhamiella australiensis","Wickerhamiella australiensis","Wickerhamiella","","Saccharomycetales"],"Properties":[5,5,1]},"2647":{"Path":["0","0","2646","2646"],"Coordinates":[0.59691952232993362,0.74372411767945878,0.16415244977995178],"Categories":["Wickerhamiella australiensis","Wickerhamiella australiensis","Wickerhamiella","","Saccharomycetales"],"Properties":[5,5,1]}}