{"3973":{"Path":["0","0","3973","3973"],"Coordinates":[0.36784687091599211,0.84353296613937578,0.20847970158069343],"Categories":["Cryptococcus shivajii","Cryptococcus shivajii","Cryptococcus","Tremellaceae","Tremellales"],"Properties":[3,6,1]}}