{"3199":{"Path":["0","0","3003","3199"],"Coordinates":[0.56258286334577,0.44337325022275587,0.68648864888027139],"Categories":["Metschnikowia dekortorum","Metschnikowia dekortorum","Metschnikowia","Metschnikowiaceae","Saccharomycetales"],"Properties":[5,3,6]},"3200":{"Path":["0","0","3003","3199"],"Coordinates":[0.56254560407605514,0.44340693561627526,0.68651234331320943],"Categories":["Metschnikowia dekortorum","Metschnikowia dekortorum","Metschnikowia","Metschnikowiaceae","Saccharomycetales"],"Properties":[5,3,6]}}