{"325":{"Path":["0","0","318","325"],"Coordinates":[0.46023061103600332,0.27881028989957041,0.35134024835973082],"Categories":["Cryptococcus humicola","Cryptococcus humicola","Cryptococcus","Tremellaceae","Tremellales"],"Properties":[4,2,3]}}