{"835":{"Path":["0","0","834","835"],"Coordinates":[0.15668003302596062,0.38956028274049448,0.42641223785387505],"Categories":["Kazachstania lodderae","Kazachstania lodderae","Kazachstania","Saccharomycetaceae","Saccharomycetales"],"Properties":[1,3,3]},"836":{"Path":["0","0","834","835"],"Coordinates":[0.15668300904369437,0.389577319250455,0.42641009802266389],"Categories":["Kazachstania lodderae","Kazachstania lodderae","Kazachstania","Saccharomycetaceae","Saccharomycetales"],"Properties":[1,3,3]}}