{"179":{"Path":["3","43","179","179"],"Coordinates":[-0.29107697153701495,0.33800521159798241,-0.29859167522274482],"Categories":["Kazachstania exigua","Kazachstania exigua","Kazachstania","Saccharomycetaceae","Saccharomycetales"],"Properties":[-2,2,-2]}}