{"1506":{"Path":["0","0","1506","1506"],"Coordinates":[0.554581786332413,0.32386829841489367,0.604678046659117],"Categories":["Rhodotorula hylophila","Rhodotorula hylophila","Rhodotorula","","Sporidiobolales"],"Properties":[5,2,5]}}