{"1847":{"Path":["0","0","1847","1847"],"Coordinates":[0.82747707614098431,0.525162170171099,0.065854113562477626],"Categories":["Clavispora opuntiae","Clavispora opuntiae","Clavispora","Metschnikowiaceae","Saccharomycetales"],"Properties":[8,4,0]}}