{"2635":{"Path":["0","0","2635","2635"],"Coordinates":[0.58029433539155484,0.59816641416134686,0.64838879430912633],"Categories":["Rhodotorula retinophila","Rhodotorula retinophila","Rhodotorula","","Sporidiobolales"],"Properties":[5,4,5]}}