{"2319":{"Path":["0","0","2319","2319"],"Coordinates":[0.50314968681708327,0.37296012881461771,0.056712234200711663],"Categories":["Sporobolomyces dimennae","Sporobolomyces dimennae","Sporobolomyces","","Sporidiobolales"],"Properties":[5,2,0]}}