{"2211":{"Path":["0","0","2211","2211"],"Coordinates":[0.54259543755113193,0.59447787628290993,0.53429122025708353],"Categories":["Kockovaella imperatae","Kockovaella imperatae","Kockovaella","Cuniculitremaceae","Tremellales"],"Properties":[5,4,4]}}