{"2718":{"Path":["0","0","2718","2718"],"Coordinates":[0.69855328402763506,0.640674917828431,0.69581123169952419],"Categories":["Candida pseudoflosculorum","Candida pseudoflosculorum","Candida","","Saccharomycetales"],"Properties":[6,5,6]}}