{"2132":{"Path":["0","0","2132","2132"],"Coordinates":[0.4803587784821246,0.56934284915833633,0.46399571858466948],"Categories":["Bensingtonia ingoldii","Bensingtonia ingoldii","Bensingtonia","Agaricostilbaceae","Agaricostilbales"],"Properties":[4,4,4]}}