{"2618":{"Path":["0","0","2618","2618"],"Coordinates":[0.4002822613524093,0.49836809430906592,0.40405932738070582],"Categories":["Candida novakii","Candida novakii","Candida","","Saccharomycetales"],"Properties":[4,3,3]}}