{"3993":{"Path":["0","0","3993","3993"],"Coordinates":[0.45000902116242597,0.41488199612167503,0.47196741386599339],"Categories":["Mingxiaea foliicola","Mingxiaea foliicola","Mingxiaea","","Tremellales"],"Properties":[4,3,4]}}