{"4063":{"Path":["0","0","4063","4063"],"Coordinates":[0.74049518265353931,0.83306582582053046,0.42235293524231315],"Categories":["Candida pattaniensis","Candida pattaniensis","Candida","","Saccharomycetales"],"Properties":[7,6,3]}}