{"1810":{"Path":["0","0","1260","1810"],"Coordinates":[0.429250765383363,0.75575501751082586,0.39548916975916903],"Categories":["Cyberlindnera mississippiensis","Cyberlindnera mississippiensis","Cyberlindnera","","Saccharomycetales"],"Properties":[4,6,3]}}