{"577":{"Path":["0","0","577","577"],"Coordinates":[0.743701431594267,0.49714619261356968,0.57763238904956449],"Categories":["Pichia norvegensis","Pichia norvegensis","Pichia","Saccharomycetaceae","Saccharomycetales"],"Properties":[7,3,5]},"742":{"Path":["0","0","577","742"],"Coordinates":[0.784366321145528,0.49478870287224552,0.57296237835329167],"Categories":["Candida boidinii","Candida boidinii","Candida","","Saccharomycetales"],"Properties":[7,3,5]}}