{"2963":{"Path":["0","0","2963","2963"],"Coordinates":[0.290698405467573,0.62827404368153283,0.38177936338882812],"Categories":["Tetrapisispora fleetii","Tetrapisispora fleetii","Tetrapisispora","Saccharomycetaceae","Saccharomycetales"],"Properties":[2,5,3]}}