{"1150":{"Path":["0","0","1150","1150"],"Coordinates":[0.47179430514895765,0.47016686601202973,0.47175874380789745],"Categories":["Rhodotorula diffluens","Rhodotorula diffluens","Rhodotorula","","Sporidiobolales"],"Properties":[4,3,4]}}