{"567":{"Path":["0","0","567","567"],"Coordinates":[0.65485437082674436,0.6864755157732324,0.63452865368229239],"Categories":["Candida aaseri","Candida aaseri","Candida","","Saccharomycetales"],"Properties":[6,5,5]}}