{"1411":{"Path":["0","0","1411","1411"],"Coordinates":[0.37475538042841167,0.61924233857287581,0.58526352042654484],"Categories":["Starmerella bombicola","Starmerella bombicola","Starmerella","Saccharomycetaceae","Saccharomycetales"],"Properties":[3,4,5]}}