{"2011":{"Path":["0","0","2010","2011"],"Coordinates":[0.38802654433557376,0.47250804876500679,0.48821156230520685],"Categories":["Bensingtonia yamatoana","Bensingtonia yamatoana","Bensingtonia","Agaricostilbaceae","Agaricostilbales"],"Properties":[3,3,4]},"2012":{"Path":["0","0","2010","2011"],"Coordinates":[0.38803007828785385,0.47250368554469951,0.48825884176835249],"Categories":["Bensingtonia yamatoana","Bensingtonia yamatoana","Bensingtonia","Agaricostilbaceae","Agaricostilbales"],"Properties":[3,3,4]}}