{"2827":{"Path":["0","0","2829","2829"],"Coordinates":[0.43722109416089633,0.38760565924952234,0.784640797630637],"Categories":["Tetrapisispora nanseiensis","Tetrapisispora nanseiensis","Tetrapisispora","Saccharomycetaceae","Saccharomycetales"],"Properties":[4,3,7]},"2829":{"Path":["0","0","2829","2829"],"Coordinates":[0.43292259658566057,0.38806058991893422,0.7871539543471433],"Categories":["Tetrapisispora nanseiensis","Tetrapisispora nanseiensis","Tetrapisispora","Saccharomycetaceae","Saccharomycetales"],"Properties":[4,3,7]}}