{"2409":{"Path":["0","0","2408","2409"],"Coordinates":[0.53439586188228094,0.43697480874188527,0.58741043823396744],"Categories":["Candida kofuensis","Candida kofuensis","Candida","","Saccharomycetales"],"Properties":[5,3,5]}}