{"2723":{"Path":["0","0","2723","2723"],"Coordinates":[0.12585580254769385,0.361705096516052,0.51764877914049434],"Categories":["Rhodotorula orientis","Rhodotorula orientis","Rhodotorula","","Sporidiobolales"],"Properties":[1,2,4]}}