{"2681":{"Path":["0","0","2681","2681"],"Coordinates":[0.72143893204243847,0.5670721111388688,0.43730903532511683],"Categories":["Candida tammaniensis","Candida tammaniensis","Candida","","Saccharomycetales"],"Properties":[7,4,3]},"2683":{"Path":["0","0","2681","2683"],"Coordinates":[0.53389121898713532,0.18196889355823523,0.69103415394159162],"Categories":["Candida tammaniensis","Candida tammaniensis","Candida","","Saccharomycetales"],"Properties":[5,1,6]}}