{"3378":{"Path":["0","0","3378","3378"],"Coordinates":[0.34115552896687706,0.34537538892803166,0.073826847413491131],"Categories":["Cryptococcus taiwaniana","Cryptococcus taiwaniana","Cryptococcus","Tremellaceae","Tremellales"],"Properties":[3,2,0]}}