{"388":{"Path":["3","36","127","388"],"Coordinates":[-0.22874302887731013,0.20248780506109898,-0.2540641197311157],"Categories":["Lachancea fermentati","Lachancea fermentati","Lachancea","Saccharomycetaceae","Saccharomycetales"],"Properties":[-2,1,-2]},"1817":{"Path":["3","36","127","388"],"Coordinates":[-0.22729215645283624,0.20510428445454185,-0.25623396222054307],"Categories":["Myxozyma lipomycoides","Myxozyma lipomycoides","Myxozyma","Lipomycetaceae","Saccharomycetales"],"Properties":[-2,1,-2]}}