{"3960":{"Path":["0","0","3960","3960"],"Coordinates":[0.38712912912744807,0.89571417007624521,0.4461515804951926],"Categories":["Sporobolomyces lophatheri","Sporobolomyces lophatheri","Sporobolomyces","","Sporidiobolales"],"Properties":[3,7,4]}}