{"3612":{"Path":["0","0","3612","3612"],"Coordinates":[0.53058910278051,0.47501187981270981,0.37088830197783051],"Categories":["Candida boreocaroliniensis","Candida boreocaroliniensis","Candida","","Saccharomycetales"],"Properties":[5,3,3]}}