{"3257":{"Path":["0","0","3257","3257"],"Coordinates":[0.57657589195419656,0.45048894330229583,0.8676797516881497],"Categories":["Candida terraborum","Candida terraborum","Candida","","Saccharomycetales"],"Properties":[5,3,7]}}