{"3465":{"Path":["0","0","3465","3465"],"Coordinates":[0.53666507125050089,0.32942132734107255,0.51737305652920462],"Categories":["Cryptococcus armeniacus","Cryptococcus armeniacus","Cryptococcus","Tremellaceae","Tremellales"],"Properties":[5,2,4]},"3665":{"Path":["0","0","3465","3665"],"Coordinates":[0.59407510468164249,0.34792403327813881,0.67857104821058223],"Categories":["Cryptococcus bromeliarum","Cryptococcus bromeliarum","Cryptococcus","Tremellaceae","Tremellales"],"Properties":[5,2,6]}}