{"2705":{"Path":["0","0","2706","2705"],"Coordinates":[0.76012162072494271,0.29852642625134029,0.52575146002566653],"Categories":["Zygosaccharomyces lentus","Zygosaccharomyces lentus","Zygosaccharomyces","Saccharomycetaceae","Saccharomycetales"],"Properties":[7,2,4]}}