{"2788":{"Path":["0","0","2787","2788"],"Coordinates":[0.78814341757403716,0.5733183223936682,0.48359882008728733],"Categories":["Cryptococcus oeirensis","Cryptococcus oeirensis","Cryptococcus","Tremellaceae","Tremellales"],"Properties":[7,4,4]},"2789":{"Path":["0","0","2787","2788"],"Coordinates":[0.78816091449530412,0.5733490223411627,0.48358363870944571],"Categories":["Cryptococcus oeirensis","Cryptococcus oeirensis","Cryptococcus","Tremellaceae","Tremellales"],"Properties":[7,4,4]}}