{"4256":{"Path":["0","2609","4256","4256"],"Coordinates":[0.43167071388537737,0.49131351055459416,0.71965845998305089],"Categories":["Pseudozyma vetiver","Pseudozyma vetiver","Pseudozyma","Ustilaginaceae","Ustilaginales"],"Properties":[4,3,6]}}