{"823":{"Path":["0","0","197","823"],"Coordinates":[-0.31565526964096408,0.376799987322837,-0.020061910694218869],"Categories":["Kazachstania telluris","Kazachstania telluris","Kazachstania","Saccharomycetaceae","Saccharomycetales"],"Properties":[-3,3,0]},"4234":{"Path":["0","0","197","823"],"Coordinates":[-0.31523019250519663,0.37974637627608937,-0.022956132863440698],"Categories":["Lachancea lanzarotensis","Lachancea lanzarotensis","Lachancea","Saccharomycetaceae","Saccharomycetales"],"Properties":[-3,3,0]}}