{"41":{"Path":["0","0","3434","41"],"Coordinates":[0.41988339022160553,0.59567496383345042,0.36260803345874154],"Categories":["Kuraishia molischiana","Kuraishia molischiana","Kuraishia","Saccharomycetaceae","Saccharomycetales"],"Properties":[4,4,3]}}