{"1939":{"Path":["0","0","1939","1939"],"Coordinates":[0.40513934160406773,0.5908727519584227,0.53390306866887749],"Categories":["Hannaella oryzae","Hannaella oryzae","Hannaella","","Tremellales"],"Properties":[4,4,4]}}