{"1223":{"Path":["0","0","1222","1223"],"Coordinates":[0.498126073145572,0.396874999892561,0.47983058721336874],"Categories":["Cyberlindnera petersonii","Cyberlindnera petersonii","Cyberlindnera","","Saccharomycetales"],"Properties":[4,3,4]}}