{"3780":{"Path":["0","0","3780","3780"],"Coordinates":[0.06377130687961298,0.20947985151860596,0.84381752679988642],"Categories":["Candida koratica","Candida koratica","Candida","","Saccharomycetales"],"Properties":[0,1,7]}}