{"2787":{"Path":["0","0","2787","2787"],"Coordinates":[0.64460803027492908,0.32417885944144337,0.59599253774821948],"Categories":["Cryptococcus oeirensis","Cryptococcus oeirensis","Cryptococcus","Tremellaceae","Tremellales"],"Properties":[6,2,5]},"2788":{"Path":["0","0","2787","2788"],"Coordinates":[0.78814341757403716,0.5733183223936682,0.48359882008728733],"Categories":["Cryptococcus oeirensis","Cryptococcus oeirensis","Cryptococcus","Tremellaceae","Tremellales"],"Properties":[7,4,4]}}