{"2488":{"Path":["0","0","2488","2488"],"Coordinates":[0.36353791185001244,0.48624506545238155,0.540331625719794],"Categories":["Middelhovenomyces petrohuensis","Middelhovenomyces petrohuensis","Middelhovenomyces","",""],"Properties":[3,3,4]}}