{"3849":{"Path":["0","0","3849","3849"],"Coordinates":[0.63356614543504663,0.44645009472369707,0.39398652886919128],"Categories":["Candida ranongensis","Candida ranongensis","Candida","","Saccharomycetales"],"Properties":[6,3,3]}}