{"2626":{"Path":["0","0","2626","2626"],"Coordinates":[0.47727267559498715,0.34294138413592257,0.47583372713737931],"Categories":["Metschnikowia borealis","Metschnikowia borealis","Metschnikowia","Metschnikowiaceae","Saccharomycetales"],"Properties":[4,2,4]}}