{"1229":{"Path":["0","1229","1229","1229"],"Coordinates":[0.42596693581582473,0.90478294190421238,0.45684774637024778],"Categories":["Aciculoconidium aculeatum","Aciculoconidium aculeatum","Aciculoconidium","","Saccharomycetales"],"Properties":[4,7,4]}}