{"813":{"Path":["2","25","131","813"],"Coordinates":[-0.26963867673218661,0.33416175587094366,0.031885383873108394],"Categories":["Wickerhamomyces bovis","Wickerhamomyces bovis","Wickerhamomyces","","Saccharomycetales"],"Properties":[-2,2,0]},"2774":{"Path":["2","25","131","813"],"Coordinates":[-0.26945404932563788,0.33645694835933715,0.029086005383388375],"Categories":["Candida mycetangii","Candida mycetangii","Candida","","Saccharomycetales"],"Properties":[-2,2,0]}}