{"977":{"Path":["977","977","977","977"],"Coordinates":[0.51508238097073855,0.73720209961086092,0.4028581864379388],"Categories":["Candida vartiovaarae","Candida vartiovaarae","Candida","","Saccharomycetales"],"Properties":[5,5,3]},"994":{"Path":["977","977","977","977"],"Coordinates":[0.51444007035613837,0.73539705985760462,0.40228436716016958],"Categories":["Candida vartiovaarae","Naumovozyma castellii","Naumovozyma","Saccharomycetaceae","Saccharomycetales"],"Properties":[5,5,3]}}