{"3162":{"Path":["0","3161","3161","3162"],"Coordinates":[0.48605409803126676,0.59030418558007469,0.79203252756314213],"Categories":["Candida bombiphila","Candida bombiphila","Candida","","Saccharomycetales"],"Properties":[4,4,7]}}