{"2874":{"Path":["0","0","2875","2875"],"Coordinates":[0.68601812314466726,0.65170528894787516,0.74606730289723933],"Categories":["Pichia sporocuriosa","Pichia sporocuriosa","Pichia","Saccharomycetaceae","Saccharomycetales"],"Properties":[6,5,6]},"2875":{"Path":["0","0","2875","2875"],"Coordinates":[0.68545116341404833,0.65099360110078652,0.74565248690482455],"Categories":["Pichia sporocuriosa","Pichia sporocuriosa","Pichia","Saccharomycetaceae","Saccharomycetales"],"Properties":[6,5,6]}}