{"23":{"Path":["3","23","23","23"],"Coordinates":[-0.30116492663875044,0.2190366878244375,-0.18934064718446372],"Categories":["Pichia membranifaciens","Pichia membranifaciens","Pichia","Saccharomycetaceae","Saccharomycetales"],"Properties":[-3,1,-1]},"59":{"Path":["3","23","59","59"],"Coordinates":[-0.28168340240948886,0.23869433290401126,-0.20841964364078158],"Categories":["Candida glabrata","Candida glabrata","Candida","","Saccharomycetales"],"Properties":[-2,1,-1]},"68":{"Path":["3","23","68","68"],"Coordinates":[-0.30523674032987763,0.26100594373400915,-0.16918260153966136],"Categories":["Cryptococcus magnus","Cryptococcus magnus","Cryptococcus","Tremellaceae","Tremellales"],"Properties":[-3,2,-1]}}