{"3069":{"Path":["0","0","3068","3069"],"Coordinates":[0.5434091550055804,0.74672436307549694,0.49896392285450952],"Categories":["Candida kipukae","Candida kipukae","Candida","","Saccharomycetales"],"Properties":[5,5,4]}}