{"1397":{"Path":["0","2609","1397","1397"],"Coordinates":[0.56442254248658008,0.51698920990809272,0.646573015040267],"Categories":["Pseudozyma antarctica","Pseudozyma antarctica","Pseudozyma","Ustilaginaceae","Ustilaginales"],"Properties":[5,4,5]}}