{"3251":{"Path":["0","0","2924","3252"],"Coordinates":[0.25568163874612754,0.52796765718193206,0.37849980734181438],"Categories":["Ogataea falcaomoraisii","Ogataea falcaomoraisii","Ogataea","Saccharomycetaceae","Saccharomycetales"],"Properties":[2,4,3]},"3252":{"Path":["0","0","2924","3252"],"Coordinates":[0.25569326134558429,0.527956181860015,0.37850584489963196],"Categories":["Ogataea falcaomoraisii","Ogataea falcaomoraisii","Ogataea","Saccharomycetaceae","Saccharomycetales"],"Properties":[2,4,3]}}