{"564":{"Path":["0","0","564","564"],"Coordinates":[0.47434429873839212,0.25903760724266922,0.66862606206416819],"Categories":["Candida solani","Candida solani","Candida","","Saccharomycetales"],"Properties":[4,2,6]},"565":{"Path":["0","0","564","564"],"Coordinates":[0.47438418519822562,0.25899917690846763,0.66863029169313093],"Categories":["Candida solani","Candida solani","Candida","","Saccharomycetales"],"Properties":[4,2,6]}}