{"3253":{"Path":["0","0","3253","3253"],"Coordinates":[0.63187777513073951,0.50764287294247445,0.080937439008998246],"Categories":["Candida guaymorum","Candida guaymorum","Candida","","Saccharomycetales"],"Properties":[6,4,0]}}