{"3995":{"Path":["0","0","3993","3996"],"Coordinates":[0.65285966962082009,0.39907352016257069,0.58689645910272548],"Categories":["Mingxiaea hainanensis","Mingxiaea hainanensis","Mingxiaea","","Tremellales"],"Properties":[6,3,5]},"3996":{"Path":["0","0","3993","3996"],"Coordinates":[0.6528195162458158,0.39906121286503765,0.58687907854938048],"Categories":["Mingxiaea hainanensis","Mingxiaea hainanensis","Mingxiaea","","Tremellales"],"Properties":[6,3,5]}}