{"3250":{"Path":["0","0","3506","3250"],"Coordinates":[0.44880333399139949,0.75510330050116115,0.32493696057662019],"Categories":["Bullera taiwanensis","Bullera taiwanensis","Bullera","Tremellaceae","Tremellales"],"Properties":[4,6,2]}}