{"2744":{"Path":["0","0","2744","2744"],"Coordinates":[0.731194036859326,0.58873910431893428,0.77554675951540863],"Categories":["Candida tolerans","Candida tolerans","Candida","","Saccharomycetales"],"Properties":[7,4,6]}}