{"793":{"Path":["0","0","0","793"],"Coordinates":[-0.33421913903254191,0.38196373694975755,0.032371856208230916],"Categories":["Ambrosiozyma monospora","Ambrosiozyma monospora","Ambrosiozyma","","Saccharomycetales"],"Properties":[-3,3,0]}}