{"3702":{"Path":["0","0","3702","3702"],"Coordinates":[0.59513677149670285,0.59001872284688472,0.44211574952773869],"Categories":["Candida gelsemii","Candida gelsemii","Candida","","Saccharomycetales"],"Properties":[5,4,3]}}