{"47":{"Path":["0","0","47","47"],"Coordinates":[0.48070842309149009,0.45371958783789157,0.55972700959657873],"Categories":["Candida glabrata","Candida glabrata","Candida","","Saccharomycetales"],"Properties":[4,3,5]}}