{"350":{"Path":["0","0","350","350"],"Coordinates":[0.489201236251189,0.40681688233235797,0.654110329869828],"Categories":["Metschnikowia pulcherrima","Metschnikowia pulcherrima","Metschnikowia","Metschnikowiaceae","Saccharomycetales"],"Properties":[4,3,5]}}