{"2838":{"Path":["0","0","1027","2838"],"Coordinates":[0.40539973465309359,0.47898060455335145,0.5663358699179738],"Categories":["Kluyveromyces nonfermentans","Kluyveromyces nonfermentans","Kluyveromyces","Saccharomycetaceae","Saccharomycetales"],"Properties":[4,3,5]}}