{"430":{"Path":["3","3","119","430"],"Coordinates":[-0.35548899079807639,0.29626751519038019,-0.28450389169106544],"Categories":["Debaryomyces hansenii","Debaryomyces hansenii","Debaryomyces","Saccharomycetaceae","Saccharomycetales"],"Properties":[-3,2,-2]},"1372":{"Path":["3","3","119","430"],"Coordinates":[-0.35531355619768751,0.2935708673482898,-0.28808178281868613],"Categories":["Debaryomyces hansenii","Debaryomyces nepalensis","Debaryomyces","Saccharomycetaceae","Saccharomycetales"],"Properties":[-3,2,-2]}}