{"43":{"Path":["3","43","43","43"],"Coordinates":[-0.32873054958036141,0.33239947265938385,-0.32771029004995161],"Categories":["Candida glabrata","Candida glabrata","Candida","","Saccharomycetales"],"Properties":[-3,2,-2]},"775":{"Path":["3","43","43","775"],"Coordinates":[-0.3197406695972756,0.324620397939595,-0.31895128839778542],"Categories":["Lipomyces kononenkoae","Lipomyces kononenkoae","Lipomyces","Lipomycetaceae","Saccharomycetales"],"Properties":[-3,2,-2]}}