{"1694":{"Path":["0","1694","1694","1694"],"Coordinates":[0.4111343335091166,0.62695326623818681,0.41526344209701455],"Categories":["Rhodotorula sonckii","Rhodotorula sonckii","Rhodotorula","","Sporidiobolales"],"Properties":[4,5,3]}}