{"3833":{"Path":["0","0","3833","3833"],"Coordinates":[0.46280138240771496,0.69122005287600752,0.74347684409039227],"Categories":["Candida oxycetoniae","Candida oxycetoniae","Candida","","Saccharomycetales"],"Properties":[4,5,6]}}