{"2824":{"Path":["0","0","2825","2824"],"Coordinates":[0.58231119626478611,0.20314288722687954,0.50417481906141637],"Categories":["Barnettozyma hawaiiensis","Barnettozyma hawaiiensis","Barnettozyma","","Saccharomycetales"],"Properties":[5,1,4]},"2825":{"Path":["0","0","2825","2825"],"Coordinates":[0.57813557198824173,0.19279687153694702,0.50586222076177212],"Categories":["Barnettozyma hawaiiensis","Barnettozyma hawaiiensis","Barnettozyma","","Saccharomycetales"],"Properties":[5,1,4]}}