{"3892":{"Path":["0","0","331","3892"],"Coordinates":[0.41928159437956897,0.47900801253340991,0.45120587253971284],"Categories":["Candida orthopsilosis","Candida orthopsilosis","Candida","","Saccharomycetales"],"Properties":[4,3,4]}}