{"1528":{"Path":["0","0","687","1528"],"Coordinates":[0.33924418065412554,0.5822753577082348,0.55502267850174514],"Categories":["Candida dendronema","Candida dendronema","Candida","","Saccharomycetales"],"Properties":[3,4,4]},"1529":{"Path":["0","0","687","1528"],"Coordinates":[0.33921421729270151,0.58230682795320543,0.5550572870425432],"Categories":["Candida dendronema","Candida dendronema","Candida","","Saccharomycetales"],"Properties":[3,4,4]}}