{"1586":{"Path":["0","0","1586","1586"],"Coordinates":[0.32129164231631169,0.79427873065383658,0.33719566983209537],"Categories":["Sakaguchia dacryoidea","Sakaguchia dacryoidea","Sakaguchia","Sporidiobolaceae","Sporidiobolales"],"Properties":[3,6,3]},"1587":{"Path":["0","0","1586","1586"],"Coordinates":[0.32132111903298249,0.79430552993067471,0.33719211368856067],"Categories":["Sakaguchia dacryoidea","Sakaguchia dacryoidea","Sakaguchia","Sporidiobolaceae","Sporidiobolales"],"Properties":[3,6,3]}}