{"3378":{"Path":["0","0","3378","3378"],"Coordinates":[0.1919406315229801,0.60373970523490939,0.93417170926002091],"Categories":["Cryptococcus taiwaniana","Cryptococcus taiwaniana","Cryptococcus","Tremellaceae","Tremellales"],"Properties":[1,4,8]}}