{"1473":{"Path":["0","0","1468","1473"],"Coordinates":[0.5987949265853747,0.58792438704725858,0.14659383490051076],"Categories":["Kondoa malvinella","Kondoa malvinella","Kondoa","","Microbotryales"],"Properties":[5,4,1]}}