{"3553":{"Path":["0","0","3553","3553"],"Coordinates":[0.32084251853213969,0.37200805198811893,0.60870135265075775],"Categories":["Candida corydali","Candida corydali","Candida","","Saccharomycetales"],"Properties":[3,2,5]}}