{"4193":{"Path":["0","0","2401","4193"],"Coordinates":[0.6986464206196078,0.52308665377506536,0.54288068547885671],"Categories":["Bandoniozyma fermentans","Bandoniozyma fermentans","Bandoniozyma","","Tremellales"],"Properties":[6,4,4]},"4194":{"Path":["0","0","2401","4193"],"Coordinates":[0.7017161314060294,0.5254154918848899,0.54180672610020431],"Categories":["Bandoniozyma fermentans","Bandoniozyma fermentans","Bandoniozyma","","Tremellales"],"Properties":[7,4,4]}}