{"1309":{"Path":["0","0","1309","1309"],"Coordinates":[0.46348336378486388,0.44317943872272697,0.50873928761385612],"Categories":["Barnettozyma californica","Barnettozyma californica","Barnettozyma","","Saccharomycetales"],"Properties":[4,3,4]}}