{"3994":{"Path":["0","0","3993","3994"],"Coordinates":[0.47836054432464759,0.43084794274004984,0.48692503674481458],"Categories":["Mingxiaea foliicola","Mingxiaea foliicola","Mingxiaea","","Tremellales"],"Properties":[4,3,4]}}