{"879":{"Path":["0","0","879","879"],"Coordinates":[0.55947957655110458,0.49499061302720954,0.55968336464588564],"Categories":["Kazachstania spencerorum","Kazachstania spencerorum","Kazachstania","Saccharomycetaceae","Saccharomycetales"],"Properties":[5,3,5]}}