{"4066":{"Path":["0","0","4066","4066"],"Coordinates":[0.38578853680694447,0.60637277956930336,0.40558286793934478],"Categories":["Candida easanensis","Candida easanensis","Candida","","Saccharomycetales"],"Properties":[3,4,3]},"4067":{"Path":["0","0","4066","4066"],"Coordinates":[0.38398088199652858,0.60628003914206319,0.40473211328325992],"Categories":["Candida easanensis","Candida easanensis","Candida","","Saccharomycetales"],"Properties":[3,4,3]}}