{"4247":{"Path":["0","0","4247","4247"],"Coordinates":[0.55225464031479932,0.39255711529495974,0.572510186986831],"Categories":["Wickerhamomyces mori","Wickerhamomyces mori","","",""],"Properties":[5,3,5]}}