{"800":{"Path":["0","0","804","800"],"Coordinates":[0.614583445579875,0.38682270266314217,0.66894299763722731],"Categories":["Lodderomyces elongisporus","Lodderomyces elongisporus","Lodderomyces","Saccharomycetaceae","Saccharomycetales"],"Properties":[6,3,6]},"804":{"Path":["0","0","804","804"],"Coordinates":[0.75125710853999017,0.41772320210632752,0.67754427527597683],"Categories":["Lodderomyces elongisporus","Lodderomyces elongisporus","Lodderomyces","Saccharomycetaceae","Saccharomycetales"],"Properties":[7,3,6]}}