{"41":{"Path":["0","0","3434","41"],"Coordinates":[0.56662225345103268,0.39025044497169231,0.46596829148810032],"Categories":["Kuraishia molischiana","Kuraishia molischiana","Kuraishia","Saccharomycetaceae","Saccharomycetales"],"Properties":[5,3,4]}}