{"1947":{"Path":["0","0","2329","1947"],"Coordinates":[0.69883968770113958,0.43456073698428521,0.39833447418930118],"Categories":["Sporobolomyces subbrunneus","Sporobolomyces subbrunneus","Sporobolomyces","","Sporidiobolales"],"Properties":[6,3,3]},"2329":{"Path":["0","0","2329","2329"],"Coordinates":[0.52305586234268486,0.408899658109963,0.28690057828519488],"Categories":["Sporobolomyces coprosmicola","Sporobolomyces coprosmicola","Sporobolomyces","","Sporidiobolales"],"Properties":[5,3,2]}}