{"702":{"Path":["6","13","167","702"],"Coordinates":[-0.363577233317347,0.19738634699757854,0.091965731592010339],"Categories":["Priceomyces carsonii","Priceomyces carsonii","Priceomyces","Debaryomycetaceae","Saccharomycetales"],"Properties":[-3,1,0]},"1680":{"Path":["6","13","167","702"],"Coordinates":[-0.36444127277287713,0.19952533193919991,0.08927805328139693],"Categories":["Cyberlindnera veronae","Cyberlindnera veronae","Cyberlindnera","","Saccharomycetales"],"Properties":[-3,1,0]}}