{"3652":{"Path":["0","0","60","3653"],"Coordinates":[0.50590016383090475,0.46181109177840662,0.22177112359125614],"Categories":["Cryptococcus rajasthanensis","Cryptococcus rajasthanensis","Cryptococcus","Tremellaceae","Tremellales"],"Properties":[5,3,1]},"3653":{"Path":["0","0","60","3653"],"Coordinates":[0.50449678564176825,0.46743727568452953,0.2233127410252326],"Categories":["Cryptococcus rajasthanensis","Cryptococcus rajasthanensis","Cryptococcus","Tremellaceae","Tremellales"],"Properties":[5,3,2]}}