{"1217":{"Path":["0","0","1217","1217"],"Coordinates":[0.63161933406414483,0.44531827661869244,0.7684853464942516],"Categories":["Candida vanderwaltii","Candida vanderwaltii","Candida","","Saccharomycetales"],"Properties":[6,3,6]}}