{"3427":{"Path":["0","0","37","3427"],"Coordinates":[0.64490014042877408,0.44482022882277933,0.46678032888269533],"Categories":["Trichosporon cavernicola","Trichosporon cavernicola","Trichosporon","Trichosporonaceae","Tremellales"],"Properties":[6,3,4]}}