{"707":{"Path":["0","0","707","707"],"Coordinates":[0.49542654182,0.38116957255128148,0.47506658332287705],"Categories":["Peterozyma xylosa","Peterozyma xylosa","Peterozyma","","Saccharomycetales"],"Properties":[4,3,4]}}