{"3574":{"Path":["0","0","3574","3574"],"Coordinates":[0.42204999741186494,0.62775949783830665,0.54680605757742418],"Categories":["Candida tibetensis","Candida tibetensis","Candida","","Saccharomycetales"],"Properties":[4,5,4]}}