{"514":{"Path":["0","0","514","514"],"Coordinates":[0.60277243760065569,0.60897186362498745,0.53797760982167864],"Categories":["Filobasidium uniguttulatum","Filobasidium uniguttulatum","Filobasidium","Filobasidiaceae","Filobasidiales"],"Properties":[6,4,4]}}