{"3023":{"Path":["0","0","0","3023"],"Coordinates":[0.53986681477321685,0.73145628098603765,0.49828922693806],"Categories":["Sporobolomyces poonsookiae","Sporobolomyces poonsookiae","Sporobolomyces","","Sporidiobolales"],"Properties":[5,5,4]}}