{"4078":{"Path":["0","0","4079","4078"],"Coordinates":[0.449537966181371,0.8200206045374141,0.57305428548101056],"Categories":["Candida inulinophila","Candida inulinophila","Candida","","Saccharomycetales"],"Properties":[4,6,5]}}