{"2045":{"Path":["0","2045","2045","2045"],"Coordinates":[0.51575715729106364,0.54281409385771739,0.633779643660393],"Categories":["Bensingtonia naganoensis","Bensingtonia naganoensis","Bensingtonia","Agaricostilbaceae","Agaricostilbales"],"Properties":[5,4,5]}}