{"4227":{"Path":["0","0","4227","4227"],"Coordinates":[0.21580832311886078,0.25145852212030434,0.31198836015527404],"Categories":["Meredithblackwellia eburnea","Meredithblackwellia eburnea","Meredithblackwellia","Kriegeriaceae","Kriegeriales"],"Properties":[2,2,2]}}