{"4021":{"Path":["0","0","4021","4021"],"Coordinates":[0.64807978354035867,0.62668041970216115,0.58567080850851594],"Categories":["Spathaspora arborariae","Spathaspora arborariae","Spathaspora","","Saccharomycetales"],"Properties":[6,5,5]}}