{"2245":{"Path":["0","0","2245","2245"],"Coordinates":[0.49400655990410497,0.56719040055142045,0.38258750515987161],"Categories":["Kazachstania kunashirensis","Kazachstania kunashirensis","Kazachstania","Saccharomycetaceae","Saccharomycetales"],"Properties":[4,4,3]},"2248":{"Path":["0","0","2245","2248"],"Coordinates":[0.49747969809153186,0.765966699401893,0.58092414520086944],"Categories":["Kazachstania kunashirensis","Kazachstania kunashirensis","Kazachstania","Saccharomycetaceae","Saccharomycetales"],"Properties":[4,6,5]}}