{"2830":{"Path":["0","0","2830","2830"],"Coordinates":[0.15088109668190722,0.53503691063512981,0.30201477943277422],"Categories":["Tetrapisispora arboricola","Tetrapisispora arboricola","Tetrapisispora","Saccharomycetaceae","Saccharomycetales"],"Properties":[1,4,2]},"2831":{"Path":["0","0","2830","2831"],"Coordinates":[0.14765670831481045,0.521931003761406,0.29546966486728266],"Categories":["Tetrapisispora arboricola","Tetrapisispora arboricola","Tetrapisispora","Saccharomycetaceae","Saccharomycetales"],"Properties":[1,4,2]}}