{"3480":{"Path":["0","0","3480","3480"],"Coordinates":[0.79046230381650529,0.28503811247048161,0.33759202502268892],"Categories":["Metschnikowia kamakouana","Metschnikowia kamakouana","Metschnikowia","Metschnikowiaceae","Saccharomycetales"],"Properties":[7,2,3]}}