{"4064":{"Path":["0","0","4063","4064"],"Coordinates":[0.743200670704369,0.83068203900033,0.4079400039401771],"Categories":["Candida pattaniensis","Candida pattaniensis","Candida","","Saccharomycetales"],"Properties":[7,6,3]}}