{"1361":{"Path":["0","1358","1358","1361"],"Coordinates":[0.3809234213701122,0.70759558640949327,0.39883130450534321],"Categories":["Phaffia rhodozyma","Phaffia rhodozyma","Phaffia","Cystofilobasidiaceae","Cystofilobasidiales"],"Properties":[3,5,3]}}