{"661":{"Path":["2","48","145","661"],"Coordinates":[-0.25202292082089811,0.43643255496516836,0.096153871316784],"Categories":["Hanseniaspora vineae","Hanseniaspora vineae","Hanseniaspora","Saccharomycodaceae","Saccharomycetales"],"Properties":[-2,3,0]},"3859":{"Path":["2","48","145","661"],"Coordinates":[-0.250554925986857,0.4359864306008937,0.099100175482475947],"Categories":["Cryptococcus aciditolerans","Cryptococcus aciditolerans","Cryptococcus","Tremellaceae","Tremellales"],"Properties":[-2,3,0]}}