{"1863":{"Path":["0","0","1863","1863"],"Coordinates":[0.4248809443729028,0.55104239332682114,0.74277290323854872],"Categories":["Lipomyces oligophaga","Lipomyces oligophaga","Lipomyces","Lipomycetaceae","Saccharomycetales"],"Properties":[4,4,6]},"1864":{"Path":["0","0","1863","1864"],"Coordinates":[0.4167495867819862,0.553876037518658,0.7525120759099162],"Categories":["Lipomyces oligophaga","Lipomyces oligophaga","Lipomyces","Lipomycetaceae","Saccharomycetales"],"Properties":[4,4,6]}}