{"2868":{"Path":["0","0","2869","2869"],"Coordinates":[0.6811391625710298,0.51297480795388584,0.80686076610068558],"Categories":["Candida peoriaensis","Candida peoriaensis","Candida","","Saccharomycetales"],"Properties":[6,4,7]},"2869":{"Path":["0","0","2869","2869"],"Coordinates":[0.68066115712016373,0.51252875182195567,0.80610409925450344],"Categories":["Candida peoriaensis","Candida peoriaensis","Candida","","Saccharomycetales"],"Properties":[6,4,7]}}