{"3493":{"Path":["0","2609","3493","3493"],"Coordinates":[0.53962737728391441,0.562622703020738,0.34881595173545876],"Categories":["Pseudozyma hubeiensis","Pseudozyma hubeiensis","Pseudozyma","Ustilaginaceae","Ustilaginales"],"Properties":[5,4,3]},"3494":{"Path":["0","2609","3493","3493"],"Coordinates":[0.54043558862437557,0.56306462389603285,0.34842672125215962],"Categories":["Pseudozyma hubeiensis","Pseudozyma hubeiensis","Pseudozyma","Ustilaginaceae","Ustilaginales"],"Properties":[5,4,3]}}