{"1945":{"Path":["0","0","1946","1945"],"Coordinates":[0.47256105540706134,0.57815609459079309,0.39154622214129725],"Categories":["Candida tsuchiyae","Candida tsuchiyae","Candida","","Saccharomycetales"],"Properties":[4,4,3]}}