{"4270":{"Path":["0","0","4270","4270"],"Coordinates":[0.283800622319459,0.44968459749192458,0.51260274553652918],"Categories":["Metschnikowia caudata","Metschnikowia caudata","Metschnikowia","Metschnikowiaceae","Saccharomycetales"],"Properties":[2,3,4]}}