{"559":{"Path":["0","0","560","559"],"Coordinates":[0.32834404568094155,0.47736160119414373,0.35171876753482872],"Categories":["Wickerhamomyces chambardii","Wickerhamomyces chambardii","Wickerhamomyces","","Saccharomycetales"],"Properties":[3,3,3]}}