{"462":{"Path":["0","462","462","462"],"Coordinates":[0.43596736795003604,0.478066615259346,0.478270669708104],"Categories":["Saccharomycodes ludwigii","Saccharomycodes ludwigii","Saccharomycodes","Saccharomycodaceae","Saccharomycetales"],"Properties":[4,3,4]}}