{"2672":{"Path":["0","0","2672","2672"],"Coordinates":[0.3746236864042079,0.36510468445815009,0.46066464156023035],"Categories":["Kodamaea anthophila","Kodamaea anthophila","Kodamaea","Saccharomycetaceae","Saccharomycetales"],"Properties":[3,2,4]}}