{"1646":{"Path":["0","0","1646","1646"],"Coordinates":[0.092777722451340319,0.42694458032292448,0.35820363970370711],"Categories":["Ogataea methanolica","Ogataea methanolica","Ogataea","Saccharomycetaceae","Saccharomycetales"],"Properties":[0,3,3]}}