{"3969":{"Path":["0","0","3970","3970"],"Coordinates":[0.4344921130066669,0.56627775192068763,0.53915443211537062],"Categories":["Candida golubevii","Candida golubevii","Candida","","Saccharomycetales"],"Properties":[4,4,4]},"3970":{"Path":["0","0","3970","3970"],"Coordinates":[0.43508145878995669,0.56638613289677431,0.53876675314490807],"Categories":["Candida golubevii","Candida golubevii","Candida","","Saccharomycetales"],"Properties":[4,4,4]}}