{"3503":{"Path":["0","0","3504","3504"],"Coordinates":[0.87129059426628475,0.54276074981710121,0.42444863569864805],"Categories":["Candida krabiensis","Candida krabiensis","Candida","","Saccharomycetales"],"Properties":[8,4,3]},"3504":{"Path":["0","0","3504","3504"],"Coordinates":[0.87111929260227083,0.54186731424725554,0.42486388095442024],"Categories":["Candida krabiensis","Candida krabiensis","Candida","","Saccharomycetales"],"Properties":[8,4,3]}}