{"383":{"Path":["0","0","384","383"],"Coordinates":[0.44881101273915369,0.4384932108050249,0.51713435816109987],"Categories":["Komagataella pastoris","Komagataella pastoris","Komagataella","Saccharomycetaceae","Saccharomycetales"],"Properties":[4,3,4]}}