{"1350":{"Path":["0","0","1350","1350"],"Coordinates":[0.353045329433316,0.8011186619185432,0.38346672227860434],"Categories":["Metschnikowia reukaufii","Metschnikowia reukaufii","Metschnikowia","Metschnikowiaceae","Saccharomycetales"],"Properties":[3,6,3]}}