{"1984":{"Path":["0","0","1984","1984"],"Coordinates":[0.33133176241295847,0.57014697800285841,0.476591747946781],"Categories":["Mastigobasidium intermedium","Mastigobasidium intermedium","Mastigobasidium","Leucosporidiaceae","Leucosporidiales"],"Properties":[3,4,4]}}