{"3725":{"Path":["0","0","3725","3725"],"Coordinates":[0.23427919091909816,0.34844608695549067,0.44233815005612509],"Categories":["Candida jianshihensis","Candida jianshihensis","Candida","","Saccharomycetales"],"Properties":[2,2,3]}}