{"27":{"Path":["0","0","27","27"],"Coordinates":[0.20951623546127032,0.62028676782100545,0.41520667184476634],"Categories":["Wickerhamomyces subpelliculosus","Wickerhamomyces subpelliculosus","Wickerhamomyces","","Saccharomycetales"],"Properties":[2,4,3]}}