{"1324":{"Path":["0","1324","1324","1324"],"Coordinates":[0.55886411581177386,0.62459814018697146,0.41662300472466596],"Categories":["Sporopachydermia lactativora","Sporopachydermia lactativora","Sporopachydermia","","Saccharomycetales"],"Properties":[5,4,3]}}