{"1120":{"Path":["0","0","0","1120"],"Coordinates":[0.37415367333220045,0.77688470665557308,0.52571756932834235],"Categories":["Sporobolomyces singularis","Sporobolomyces singularis","Sporobolomyces","","Sporidiobolales"],"Properties":[3,6,4]}}