{"671":{"Path":["7","20","105","671"],"Coordinates":[-0.58728325334739606,0.5368746748998301,-0.073717838624278414],"Categories":["Kazachstania transvaalensis","Kazachstania transvaalensis","Kazachstania","Saccharomycetaceae","Saccharomycetales"],"Properties":[-5,4,0]},"2159":{"Path":["7","20","105","671"],"Coordinates":[-0.58408447269910158,0.53422163578813364,-0.075325956696585969],"Categories":["Sporobolomyces xanthus","Sporobolomyces xanthus","Sporobolomyces","","Sporidiobolales"],"Properties":[-5,4,0]}}