{"3550":{"Path":["0","0","3550","3550"],"Coordinates":[0.411496399627782,0.53762924149264235,0.65900484115355518],"Categories":["Candida chauliodes","Candida chauliodes","Candida","","Saccharomycetales"],"Properties":[4,4,5]},"3551":{"Path":["0","0","3550","3550"],"Coordinates":[0.4114683484468214,0.53763643793955829,0.658960897803717],"Categories":["Candida chauliodes","Candida chauliodes","Candida","","Saccharomycetales"],"Properties":[4,4,5]}}