{"3665":{"Path":["0","0","3465","3665"],"Coordinates":[0.59407510468164249,0.34792403327813881,0.67857104821058223],"Categories":["Cryptococcus bromeliarum","Cryptococcus bromeliarum","Cryptococcus","Tremellaceae","Tremellales"],"Properties":[5,2,6]},"3666":{"Path":["0","0","3465","3665"],"Coordinates":[0.59509261558342585,0.34854132270923205,0.68238989951994378],"Categories":["Cryptococcus bromeliarum","Cryptococcus bromeliarum","Cryptococcus","Tremellaceae","Tremellales"],"Properties":[5,2,6]}}