{"684":{"Path":["0","0","684","684"],"Coordinates":[0.53031649214664689,0.55774178281324782,0.46639238478224077],"Categories":["Cystofilobasidium macerans","Cystofilobasidium macerans","Cystofilobasidium","Cystofilobasidiaceae","Cystofilobasidiales"],"Properties":[5,4,4]},"3770":{"Path":["0","0","684","3770"],"Coordinates":[0.3716752955935585,0.52780016304334754,0.45348083706579451],"Categories":["Cystofilobasidium macerans","Cystofilobasidium macerans","Cystofilobasidium","Cystofilobasidiaceae","Cystofilobasidiales"],"Properties":[3,4,4]}}