{"3801":{"Path":["0","0","37","3802"],"Coordinates":[0.35610852826157779,0.83925506412120277,0.74486125126091429],"Categories":["Derxomyces simaoensis","Derxomyces simaoensis","Derxomyces","","Tremellales"],"Properties":[3,6,6]},"3802":{"Path":["0","0","37","3802"],"Coordinates":[0.3517946428922627,0.83877952990380633,0.74071827404295931],"Categories":["Derxomyces simaoensis","Derxomyces simaoensis","Derxomyces","","Tremellales"],"Properties":[3,6,6]}}