{"2780":{"Path":["0","0","2780","2780"],"Coordinates":[0.30722854007525463,0.60648703983156893,0.622766525344952],"Categories":["Cryptococcus chernovii","Cryptococcus chernovii","Cryptococcus","Tremellaceae","Tremellales"],"Properties":[3,4,5]},"3567":{"Path":["0","0","2780","3567"],"Coordinates":[0.43433707924721587,0.450667681407737,0.65190490174641536],"Categories":["Cryptococcus stepposus","Cryptococcus stepposus","Cryptococcus","Tremellaceae","Tremellales"],"Properties":[4,3,5]}}