{"930":{"Path":["0","0","930","930"],"Coordinates":[0.50070224576159372,0.45455075131896772,0.5598202441000879],"Categories":["Ambrosiozyma platypodis","Ambrosiozyma platypodis","Ambrosiozyma","","Saccharomycetales"],"Properties":[5,3,5]}}