{"3677":{"Path":["0","0","3677","3677"],"Coordinates":[0.47867530738684216,0.53250214890067071,0.44960542774776208],"Categories":["Rhodotorula psychrophila","Rhodotorula psychrophila","Rhodotorula","","Sporidiobolales"],"Properties":[4,4,4]}}