{"4257":{"Path":["0","0","4218","4257"],"Coordinates":[0.4644901553126729,0.31133894789919503,0.31822899103288815],"Categories":["Yamadazyma ubonensis","Yamadazyma ubonensis","Yamadazyma","Saccharomycetaceae","Saccharomycetales"],"Properties":[4,2,2]}}