{"3770":{"Path":["0","0","684","3770"],"Coordinates":[0.34970936233948613,0.34506449159210784,0.67692007081998984],"Categories":["Cystofilobasidium macerans","Cystofilobasidium macerans","Cystofilobasidium","Cystofilobasidiaceae","Cystofilobasidiales"],"Properties":[3,2,6]}}