{"3107":{"Path":["0","0","3107","3107"],"Coordinates":[0.45705364992340519,0.54460078660443367,0.21354085943481038],"Categories":["Candida cretensis","Candida cretensis","Candida","","Saccharomycetales"],"Properties":[4,4,1]}}