{"4264":{"Path":["0","0","4264","4264"],"Coordinates":[0.44051489300215979,0.29764974411791517,0.058694423962763129],"Categories":["Starmerella aceti","Starmerella aceti","Starmerella","Saccharomycetaceae","Saccharomycetales"],"Properties":[4,2,0]}}