{"55":{"Path":["0","55","55","55"],"Coordinates":[0.69613864574017226,0.40246037157088882,0.418473774331522],"Categories":["Candida glabrata","Candida glabrata","Candida","","Saccharomycetales"],"Properties":[6,3,3]},"599":{"Path":["0","55","55","599"],"Coordinates":[0.69442287591430052,0.3895789313175137,0.41882680535473993],"Categories":["Debaryomyces marama","Debaryomyces marama","Debaryomyces","Saccharomycetaceae","Saccharomycetales"],"Properties":[6,3,3]}}