{"458":{"Path":["0","0","458","458"],"Coordinates":[0.68782492578536369,0.59786246008054755,0.15046304718729933],"Categories":["Saturnispora dispora","Saturnispora dispora","Saturnispora","Saccharomycetaceae","Saccharomycetales"],"Properties":[6,4,1]}}