{"2680":{"Path":["0","0","2678","2680"],"Coordinates":[0.48061355528725896,0.155412703128423,0.311657692856451],"Categories":["Danielozyma ontarioensis","Danielozyma ontarioensis","Danielozyma","",""],"Properties":[4,1,2]}}