{"55":{"Path":["8","38","55","55"],"Coordinates":[-0.52809240132382684,0.49121316536223986,-0.05800978572010599],"Categories":["Candida glabrata","Candida glabrata","Candida","","Saccharomycetales"],"Properties":[-5,3,0]},"427":{"Path":["8","38","55","427"],"Coordinates":[-0.53298101420554356,0.48719163486677586,-0.066117457759955936],"Categories":["Torulaspora globosa","Torulaspora globosa","Torulaspora","Saccharomycetaceae","Saccharomycetales"],"Properties":[-5,3,0]},"774":{"Path":["8","38","55","774"],"Coordinates":[-0.53095986706399068,0.48275131905115581,-0.050664494808570978],"Categories":["Peterozyma toletana","Peterozyma toletana","Peterozyma","","Saccharomycetales"],"Properties":[-5,3,0]}}