{"623":{"Path":["0","0","37","623"],"Coordinates":[0.67582331250889038,0.46107060854038984,0.37847334099263635],"Categories":["Trichosporon porosum","Trichosporon porosum","Trichosporon","Trichosporonaceae","Tremellales"],"Properties":[6,3,3]}}