{"834":{"Path":["0","0","834","834"],"Coordinates":[0.269107781118721,0.45469546340254169,0.518849933291015],"Categories":["Kazachstania lodderae","Kazachstania lodderae","Kazachstania","Saccharomycetaceae","Saccharomycetales"],"Properties":[2,3,4]}}