{"2422":{"Path":["0","0","2422","2422"],"Coordinates":[0.58767319975426224,0.31759334706089221,0.42628241528723787],"Categories":["Rhodotorula phylloplana","Rhodotorula phylloplana","Rhodotorula","","Sporidiobolales"],"Properties":[5,2,3]}}