{"1293":{"Path":["0","0","1294","1293"],"Coordinates":[0.650209079484503,0.26817382594383371,0.46345689419530511],"Categories":["Candida valdiviana","Candida valdiviana","Candida","","Saccharomycetales"],"Properties":[6,2,4]}}