{"3503":{"Path":["0","0","3504","3504"],"Coordinates":[0.50955419223016218,0.3116215355185275,0.52012589325587533],"Categories":["Candida krabiensis","Candida krabiensis","Candida","","Saccharomycetales"],"Properties":[5,2,4]},"3504":{"Path":["0","0","3504","3504"],"Coordinates":[0.50995553551682882,0.3120926989515721,0.52091134134747474],"Categories":["Candida krabiensis","Candida krabiensis","Candida","","Saccharomycetales"],"Properties":[5,2,4]}}