{"3":{"Path":["0","0","3","3"],"Coordinates":[0.46681716240253851,0.81844898523087262,0.63703961461263148],"Categories":["Candida lactis-condensi","Candida lactis-condensi","Candida","","Saccharomycetales"],"Properties":[4,6,5]}}