{"1555":{"Path":["0","0","1555","1555"],"Coordinates":[0.23771030337350355,0.7930977161815741,0.33467167700817069],"Categories":["Candida homilentoma","Candida homilentoma","Candida","","Saccharomycetales"],"Properties":[2,6,3]},"1556":{"Path":["0","0","1555","1555"],"Coordinates":[0.23767849919932854,0.793091211836081,0.33462262839967738],"Categories":["Candida homilentoma","Candida homilentoma","Candida","","Saccharomycetales"],"Properties":[2,6,3]}}