{"1864":{"Path":["0","0","1863","1864"],"Coordinates":[0.4167495867819862,0.553876037518658,0.7525120759099162],"Categories":["Lipomyces oligophaga","Lipomyces oligophaga","Lipomyces","Lipomycetaceae","Saccharomycetales"],"Properties":[4,4,6]}}