{"2709":{"Path":["0","0","2709","2709"],"Coordinates":[0.7045150937574215,0.21414183919494564,0.27415780921507044],"Categories":["Candida tallmaniae","Candida tallmaniae","Candida","","Saccharomycetales"],"Properties":[7,1,2]}}