{"1784":{"Path":["0","0","1784","1784"],"Coordinates":[0.27377050959308491,0.576453430891328,0.53475025126580178],"Categories":["Pichia heedii","Pichia heedii","Pichia","Saccharomycetaceae","Saccharomycetales"],"Properties":[2,4,4]}}