{"4145":{"Path":["0","0","4145","4145"],"Coordinates":[0.55960279965311122,0.18106168631062794,0.66673933870366631],"Categories":["Candida chumphonensis","Candida chumphonensis","Candida","","Saccharomycetales"],"Properties":[5,1,6]}}