{"1849":{"Path":["0","0","1849","1849"],"Coordinates":[0.55533066933403252,0.3441582375864079,0.75821877611841237],"Categories":["Myxozyma mucilagina","Myxozyma mucilagina","Myxozyma","Lipomycetaceae","Saccharomycetales"],"Properties":[5,2,6]}}