{"1065":{"Path":["0","0","1067","1065"],"Coordinates":[0.77514131541164522,0.65935475760368889,0.57058638528874206],"Categories":["Yamadazyma scolyti","Yamadazyma scolyti","Yamadazyma","Saccharomycetaceae","Saccharomycetales"],"Properties":[7,5,5]},"1067":{"Path":["0","0","1067","1067"],"Coordinates":[0.66358720666095816,0.54068412129131671,0.56533755515146211],"Categories":["Yamadazyma scolyti","Yamadazyma scolyti","Yamadazyma","Saccharomycetaceae","Saccharomycetales"],"Properties":[6,4,5]}}