{"4220":{"Path":["0","0","4220","4220"],"Coordinates":[0.27353039702138443,0.6800954215795727,0.569855634306762],"Categories":["Yamadazyma siamensis","Yamadazyma siamensis","Yamadazyma","Saccharomycetaceae","Saccharomycetales"],"Properties":[2,5,5]}}