{"2406":{"Path":["0","2406","2406","2406"],"Coordinates":[0.65494166012857735,0.44306631448539446,0.38365243336633614],"Categories":["Candida montana","Candida montana","Candida","","Saccharomycetales"],"Properties":[6,3,3]}}