{"3222":{"Path":["0","0","3222","3222"],"Coordinates":[0.47850313203065864,0.27433047668621685,0.60058902797151581],"Categories":["Candida diospyri","Candida diospyri","Candida","","Saccharomycetales"],"Properties":[4,2,5]}}