{"383":{"Path":["0","0","384","383"],"Coordinates":[0.5198035270650655,0.62217628038297212,0.48413296920905],"Categories":["Komagataella pastoris","Komagataella pastoris","Komagataella","Saccharomycetaceae","Saccharomycetales"],"Properties":[5,4,4]}}