{"1356":{"Path":["0","0","1356","1356"],"Coordinates":[0.7287063896018221,0.60507619616255548,0.51707889386851735],"Categories":["Metschnikowia australis","Metschnikowia australis","Metschnikowia","Metschnikowiaceae","Saccharomycetales"],"Properties":[7,4,4]}}