{"3528":{"Path":["0","0","3527","3528"],"Coordinates":[0.82591949323285785,0.4221327660740895,0.34779340239525885],"Categories":["Cryptococcus bestiolae","Cryptococcus bestiolae","Cryptococcus","Tremellaceae","Tremellales"],"Properties":[8,3,3]}}