{"1135":{"Path":["0","0","1135","1135"],"Coordinates":[0.51231056739290326,0.51242364121591522,0.34003355489031328],"Categories":["Candida haemulonis","Candida haemulonis","Candida","","Saccharomycetales"],"Properties":[5,4,3]}}