{"3273":{"Path":["0","0","3273","3273"],"Coordinates":[0.288912557234495,0.69010094465659577,0.42138236512771843],"Categories":["Candida panamericana","Candida panamericana","Candida","","Saccharomycetales"],"Properties":[2,5,3]},"3274":{"Path":["0","0","3273","3273"],"Coordinates":[0.28613431918313,0.68977858262198155,0.41989468342359143],"Categories":["Candida panamericana","Candida panamericana","Candida","","Saccharomycetales"],"Properties":[2,5,3]}}