{"1598":{"Path":["0","0","1598","1598"],"Coordinates":[0.69982394556476135,0.18556969414782223,0.42078393895551608],"Categories":["Candida rugopelliculosa","Candida rugopelliculosa","Candida","","Saccharomycetales"],"Properties":[6,1,3]},"1600":{"Path":["0","0","1598","1600"],"Coordinates":[0.62571957874133177,0.26838420470183494,0.55497554335303034],"Categories":["Candida rugopelliculosa","Candida rugopelliculosa","Candida","","Saccharomycetales"],"Properties":[6,2,4]}}