{"4071":{"Path":["0","0","4071","4071"],"Coordinates":[0.594755790530753,0.72046746819691332,0.93684769341948282],"Categories":["Lachancea mirantina","Lachancea mirantina","Lachancea","Saccharomycetaceae","Saccharomycetales"],"Properties":[5,5,8]}}