{"3994":{"Path":["0","0","3993","3994"],"Coordinates":[0.30896144738194203,0.30689507013906148,0.40929234262857894],"Categories":["Mingxiaea foliicola","Mingxiaea foliicola","Mingxiaea","","Tremellales"],"Properties":[3,2,3]}}