{"4017":{"Path":["0","0","4017","4017"],"Coordinates":[0.69025368804195153,0.43394179320609222,0.20358979907217503],"Categories":["Candida kaohsiungensis","Candida kaohsiungensis","Candida","","Saccharomycetales"],"Properties":[6,3,1]}}