{"3425":{"Path":["0","0","37","3425"],"Coordinates":[0.7055146982973427,0.39690121747218082,0.4761039810830025],"Categories":["Trichosporon middelhovenii","Trichosporon middelhovenii","Trichosporon","Trichosporonaceae","Tremellales"],"Properties":[7,3,4]}}