{"3354":{"Path":["0","0","3353","3354"],"Coordinates":[0.32862447317531929,0.58898188411677355,0.24137179474717063],"Categories":["Geotrichum cucujoidarum","Geotrichum cucujoidarum","Geotrichum","Dipodascaceae","Saccharomycetales"],"Properties":[3,4,2]}}