{"2626":{"Path":["0","0","2626","2626"],"Coordinates":[0.58818848246322808,0.87537496575964813,0.43078578613765911],"Categories":["Metschnikowia borealis","Metschnikowia borealis","Metschnikowia","Metschnikowiaceae","Saccharomycetales"],"Properties":[5,7,3]}}