{"1817":{"Path":["0","1817","1817","1817"],"Coordinates":[0.28940625609196685,0.59459622622764341,0.20024201683148618],"Categories":["Myxozyma lipomycoides","Myxozyma lipomycoides","Myxozyma","Lipomycetaceae","Saccharomycetales"],"Properties":[2,4,1]}}