{"321":{"Path":["3","46","79","321"],"Coordinates":[-0.26970083937236283,0.26859548767901326,-0.19139446818350794],"Categories":["Cryptococcus humicola","Cryptococcus humicola","Cryptococcus","Tremellaceae","Tremellales"],"Properties":[-2,2,-1]},"2529":{"Path":["3","46","79","321"],"Coordinates":[-0.27051746857218983,0.26949461587962636,-0.188286404557674],"Categories":["Trichosporon gamsii","Trichosporon gamsii","Trichosporon","Trichosporonaceae","Tremellales"],"Properties":[-2,2,-1]}}