{"3808":{"Path":["0","0","1178","3808"],"Coordinates":[0.44171199024593988,0.58018353347310914,0.40014917226743218],"Categories":["Mrakia psychrophila","Mrakia psychrophila","Mrakia","Cystofilobasidiaceae","Cystofilobasidiales"],"Properties":[4,4,3]},"3810":{"Path":["0","0","1178","3808"],"Coordinates":[0.44171750937910853,0.58018907587394264,0.40013334845106024],"Categories":["Mrakia psychrophila","Mrakia psychrophila","Mrakia","Cystofilobasidiaceae","Cystofilobasidiales"],"Properties":[4,4,3]}}