{"1626":{"Path":["0","0","1626","1626"],"Coordinates":[0.75230088492072722,0.62865648866605961,0.8768206897746692],"Categories":["Ogataea naganishii","Ogataea naganishii","Ogataea","Saccharomycetaceae","Saccharomycetales"],"Properties":[7,5,7]}}