{"2394":{"Path":["0","0","2394","2394"],"Coordinates":[0.60367841427986713,0.63322145098556637,0.64521689137471838],"Categories":["Candida succiphila","Candida succiphila","Candida","","Saccharomycetales"],"Properties":[6,5,5]}}