{"1292":{"Path":["0","0","1291","1292"],"Coordinates":[0.24098668389563241,0.353458693435764,0.61545628558657428],"Categories":["Candida chilensis","Candida chilensis","Candida","","Saccharomycetales"],"Properties":[2,2,5]}}