{"345":{"Path":["0","31","114","345"],"Coordinates":[-0.41629382963929196,0.49486282751187671,0.01606800083428267],"Categories":["Candida parapsilosis","Candida parapsilosis","Candida","","Saccharomycetales"],"Properties":[-4,3,0]},"930":{"Path":["0","31","114","345"],"Coordinates":[-0.41465607162304108,0.49750101227174259,0.01919869363874167],"Categories":["Ambrosiozyma platypodis","Ambrosiozyma platypodis","Ambrosiozyma","","Saccharomycetales"],"Properties":[-4,3,0]}}