{"100":{"Path":["4","27","100","100"],"Coordinates":[-0.53407024566323336,0.64078953044339138,-0.018424527748575815],"Categories":["Cryptococcus diffluens","Cryptococcus diffluens","Cryptococcus","Tremellaceae","Tremellales"],"Properties":[-5,5,0]},"836":{"Path":["4","27","100","836"],"Coordinates":[-0.54058829807847775,0.63383854367904813,-0.012327401442913093],"Categories":["Kazachstania lodderae","Kazachstania lodderae","Kazachstania","Saccharomycetaceae","Saccharomycetales"],"Properties":[-5,5,0]}}