{"2158":{"Path":["0","0","2158","2158"],"Coordinates":[0.5267077303191996,0.57714593841705564,0.66101654475984939],"Categories":["Sporobolomyces xanthus","Sporobolomyces xanthus","Sporobolomyces","","Sporidiobolales"],"Properties":[5,4,5]},"2330":{"Path":["0","0","2158","2330"],"Coordinates":[0.46379531720622974,0.45864704335895295,0.41393237195720084],"Categories":["Sporobolomyces taupoensis","Sporobolomyces taupoensis","Sporobolomyces","","Sporidiobolales"],"Properties":[4,3,3]}}