{"2410":{"Path":["0","0","2408","2410"],"Coordinates":[0.44734867173195952,0.715070029832214,0.39075372351655596],"Categories":["Candida kofuensis","Candida kofuensis","Candida","","Saccharomycetales"],"Properties":[4,5,3]}}