{"3010":{"Path":["0","0","3011","3011"],"Coordinates":[0.19844546996204396,0.84390782447337209,0.63404436059415359],"Categories":["Candida davenportii","Candida davenportii","Candida","","Saccharomycetales"],"Properties":[1,6,5]},"3011":{"Path":["0","0","3011","3011"],"Coordinates":[0.2010526647748479,0.84616626153092722,0.627953219710448],"Categories":["Candida davenportii","Candida davenportii","Candida","","Saccharomycetales"],"Properties":[2,6,5]}}