{"3263":{"Path":["0","0","3263","3263"],"Coordinates":[0.25654181694516703,0.53804574647610814,0.29911687688439687],"Categories":["Candida yuchorum","Candida yuchorum","Candida","","Saccharomycetales"],"Properties":[2,4,2]}}