{"1497":{"Path":["0","0","1497","1497"],"Coordinates":[0.72467461014196621,0.46569455465983495,0.54112461414598223],"Categories":["Starmera dryadoides","Starmera dryadoides","Starmera","Phaffomycetaceae","Saccharomycetales"],"Properties":[7,3,4]},"1498":{"Path":["0","0","1497","1498"],"Coordinates":[0.72090146604808625,0.47249424675415858,0.5466537279414927],"Categories":["Starmera dryadoides","Starmera dryadoides","Starmera","Phaffomycetaceae","Saccharomycetales"],"Properties":[7,3,4]}}