{"4119":{"Path":["0","0","4118","4119"],"Coordinates":[0.81740360572090065,0.45330869219285558,0.75858120703963117],"Categories":["Candida oceani","Candida oceani","Candida","","Saccharomycetales"],"Properties":[8,3,6]}}