{"2864":{"Path":["2864","2864","2864","2864"],"Coordinates":[0.4132452494061104,0.69428362236177166,0.9339592428605985],"Categories":["Danielozyma litseae","Danielozyma litseae","Danielozyma","",""],"Properties":[4,5,8]},"2865":{"Path":["2864","2864","2864","2865"],"Coordinates":[0.40152630541171541,0.68662419327870317,0.9331087078621666],"Categories":["Danielozyma litseae","Danielozyma litseae","Danielozyma","",""],"Properties":[4,5,8]}}