{"3855":{"Path":["0","0","3855","3855"],"Coordinates":[0.8456437556908839,0.16390199897386742,0.17132808847134279],"Categories":["Candida sanitii","Candida sanitii","Candida","","Saccharomycetales"],"Properties":[8,1,1]}}