{"3585":{"Path":["0","0","3585","3585"],"Coordinates":[0.4143527860016632,0.519943723724575,0.3279496316664961],"Categories":["Candida aglyptini","Candida aglyptini","Candida","","Saccharomycetales"],"Properties":[4,4,2]}}