{"4142":{"Path":["0","0","4142","4142"],"Coordinates":[0.93814820761992,0.42116830948749373,0.68045536940979945],"Categories":["Candida sirachaensis","Candida sirachaensis","Candida","","Saccharomycetales"],"Properties":[9,3,6]}}