{"731":{"Path":["9","9","107","731"],"Coordinates":[-0.37238562640389733,0.47480648034308581,-0.19639830833878108],"Categories":["Rhodotorula marina","Rhodotorula marina","Rhodotorula","","Sporidiobolales"],"Properties":[-3,3,-1]}}