{"81":{"Path":["7","7","81","81"],"Coordinates":[-0.50127532329896674,0.56052939464565543,-0.1494100644603811],"Categories":["Candida gropengiesseri","Candida gropengiesseri","Candida","","Saccharomycetales"],"Properties":[-5,4,-1]},"550":{"Path":["7","7","81","550"],"Coordinates":[-0.50080979701338413,0.54881422127354429,-0.16105252684922417],"Categories":["Trichosporon debeurmannianum","Trichosporon debeurmannianum","Trichosporon","Trichosporonaceae","Tremellales"],"Properties":[-5,4,-1]},"789":{"Path":["7","7","81","789"],"Coordinates":[-0.49307376127253688,0.55960872678606455,-0.15404298156182195],"Categories":["Guehomyces pullulans","Guehomyces pullulans","Guehomyces","Cystofilobasidiaceae","Cystofilobasidiales"],"Properties":[-4,4,-1]}}