{"4265":{"Path":["0","0","4265","4265"],"Coordinates":[0.1997250289670815,0.64736982807199006,0.30888901471596275],"Categories":["Wickerhamiella siamensis","Wickerhamiella siamensis","Wickerhamiella","","Saccharomycetales"],"Properties":[1,5,2]},"4266":{"Path":["0","0","4265","4265"],"Coordinates":[0.19972281399547348,0.647369224320306,0.30890747620957804],"Categories":["Wickerhamiella siamensis","Wickerhamiella siamensis","Wickerhamiella","","Saccharomycetales"],"Properties":[1,5,2]}}