{"3685":{"Path":["0","0","1126","3685"],"Coordinates":[0.48359699436320741,0.7115034913317424,0.32076694410614937],"Categories":["Pichia cecembensis","Pichia cecembensis","Pichia","Saccharomycetaceae","Saccharomycetales"],"Properties":[4,5,2]}}