{"2607":{"Path":["0","2607","2607","2607"],"Coordinates":[0.63701480904828067,0.78365351425169916,0.53236647688395378],"Categories":["Kurtzmanomyces insolitus","Kurtzmanomyces insolitus","Kurtzmanomyces","Chionosphaeraceae","Agaricostilbales"],"Properties":[6,6,4]}}