{"814":{"Path":["0","0","814","814"],"Coordinates":[0.27108689254953872,0.489393126212683,0.6238904438024625],"Categories":["Pichia terricola","Pichia terricola","Pichia","Saccharomycetaceae","Saccharomycetales"],"Properties":[2,3,5]},"815":{"Path":["0","0","814","814"],"Coordinates":[0.26647491162658549,0.48654627942762613,0.62832046585079659],"Categories":["Pichia terricola","Pichia terricola","Pichia","Saccharomycetaceae","Saccharomycetales"],"Properties":[2,3,5]}}