{"340":{"Path":["7","24","118","340"],"Coordinates":[-0.56460647218818216,0.43884209614282088,-0.25111147283320112],"Categories":["Candida parapsilosis","Candida parapsilosis","Candida","","Saccharomycetales"],"Properties":[-5,3,-2]},"1529":{"Path":["7","24","118","340"],"Coordinates":[-0.56577566260513568,0.44066951967780443,-0.25310100588786755],"Categories":["Candida dendronema","Candida dendronema","Candida","","Saccharomycetales"],"Properties":[-5,3,-2]}}