{"3105":{"Path":["0","0","3105","3105"],"Coordinates":[0.48749439654371324,0.2092179974769213,0.54239213723854107],"Categories":["Malassezia japonica","Malassezia japonica","Malassezia","","Malasseziales"],"Properties":[4,1,4]}}