{"1347":{"Path":["0","0","1347","1347"],"Coordinates":[0.81501867635321934,0.74123931860857073,0.24042012108151409],"Categories":["Ambrosiozyma angophorae","Ambrosiozyma angophorae","Ambrosiozyma","","Saccharomycetales"],"Properties":[8,5,2]}}