{"1692":{"Path":["0","0","1692","1692"],"Coordinates":[0.36616029865768646,0.60146260411003316,0.68210976764545017],"Categories":["Yamadazyma philogaea","Yamadazyma philogaea","Yamadazyma","Saccharomycetaceae","Saccharomycetales"],"Properties":[3,4,6]},"1693":{"Path":["0","0","1692","1692"],"Coordinates":[0.36614729365027976,0.60146960102216762,0.6821025255737847],"Categories":["Yamadazyma philogaea","Yamadazyma philogaea","Yamadazyma","Saccharomycetaceae","Saccharomycetales"],"Properties":[3,4,6]}}