{"1817":{"Path":["0","1817","1817","1817"],"Coordinates":[0.47138037772836561,0.53073385588099986,0.627897522890221],"Categories":["Myxozyma lipomycoides","Myxozyma lipomycoides","Myxozyma","Lipomycetaceae","Saccharomycetales"],"Properties":[4,4,5]}}