{"1803":{"Path":["0","0","1803","1803"],"Coordinates":[0.4418613859388042,0.64823878480117891,0.389083651460498],"Categories":["Malassezia furfur","Malassezia furfur","Malassezia","","Malasseziales"],"Properties":[4,5,3]}}