{"2399":{"Path":["0","0","2399","2399"],"Coordinates":[0.28779849966396054,0.55288012315393587,0.69716776112861212],"Categories":["Babjeviella inositovora","Babjeviella inositovora","Babjeviella","Debaryomycetaceae","Saccharomycetales"],"Properties":[2,4,6]}}