{"3375":{"Path":["0","0","3375","3375"],"Coordinates":[0.58244946452917845,0.53563408712323557,0.34070952331119625],"Categories":["Cryptococcus foliicola","Cryptococcus foliicola","Cryptococcus","Tremellaceae","Tremellales"],"Properties":[5,4,3]}}