{"82":{"Path":["0","0","82","82"],"Coordinates":[0.57557566186111186,0.43264200361979643,0.403341260914006],"Categories":["Candida stellata","Candida stellata","Candida","","Saccharomycetales"],"Properties":[5,3,3]},"83":{"Path":["0","0","82","82"],"Coordinates":[0.57558301883944751,0.4326108494892566,0.40333094155742188],"Categories":["Candida stellata","Candida stellata","Candida","","Saccharomycetales"],"Properties":[5,3,3]},"84":{"Path":["0","0","82","82"],"Coordinates":[0.57561756417054677,0.43254362188726303,0.40329342058748413],"Categories":["Candida stellata","Candida stellata","Candida","","Saccharomycetales"],"Properties":[5,3,3]},"85":{"Path":["0","0","82","82"],"Coordinates":[0.57559597774000482,0.43263647757317786,0.40332416333753635],"Categories":["Candida stellata","Candida stellata","Candida","","Saccharomycetales"],"Properties":[5,3,3]}}