{"4199":{"Path":["0","0","3497","4199"],"Coordinates":[0.49632220544518985,0.49491110996910187,0.23312671236027982],"Categories":["Candida adriatica","Candida adriatica","Candida","","Saccharomycetales"],"Properties":[4,3,2]}}