{"3628":{"Path":["0","0","3629","3629"],"Coordinates":[0.33909444935216,0.42719903542848764,0.62250485590146076],"Categories":["Trigonopsis californica","Trigonopsis californica","Trigonopsis","","Saccharomycetales"],"Properties":[3,3,5]},"3629":{"Path":["0","0","3629","3629"],"Coordinates":[0.33963299185659462,0.4277155700587788,0.62265086825930749],"Categories":["Trigonopsis californica","Trigonopsis californica","Trigonopsis","","Saccharomycetales"],"Properties":[3,3,5]}}