{"2363":{"Path":["0","0","2363","2363"],"Coordinates":[0.634268653424127,0.573050052360581,0.49366616438764954],"Categories":["Bensingtonia musae","Bensingtonia musae","Bensingtonia","Agaricostilbaceae","Agaricostilbales"],"Properties":[6,4,4]}}