{"4074":{"Path":["4073","4073","4073","4074"],"Coordinates":[0.017894559928893442,0.70282494739295531,0.2980001065717181],"Categories":["Malassezia cuniculi","Malassezia cuniculi","Malassezia","","Malasseziales"],"Properties":[0,5,2]}}