{"25":{"Path":["2","25","25","25"],"Coordinates":[-0.260185043847539,0.365450772361562,0.0095119925392026013],"Categories":["Pichia membranifaciens","Pichia membranifaciens","Pichia","Saccharomycetaceae","Saccharomycetales"],"Properties":[-2,2,0]},"70":{"Path":["2","25","70","70"],"Coordinates":[-0.2713142399009677,0.33709221266826123,0.013123977662786923],"Categories":["Cryptococcus magnus","Cryptococcus magnus","Cryptococcus","Tremellaceae","Tremellales"],"Properties":[-2,2,0]},"91":{"Path":["2","25","91","91"],"Coordinates":[-0.2835283145967204,0.3901214660789572,-0.0038889719081453434],"Categories":["Cryptococcus diffluens","Cryptococcus diffluens","Cryptococcus","Tremellaceae","Tremellales"],"Properties":[-2,3,0]},"129":{"Path":["2","25","129","129"],"Coordinates":[-0.24592337518365393,0.34666733649396231,-0.016206762428286368],"Categories":["Cyberlindnera saturnus","Cyberlindnera saturnus","Cyberlindnera","","Saccharomycetales"],"Properties":[-2,2,0]},"131":{"Path":["2","25","131","131"],"Coordinates":[-0.27154330083699907,0.34522128848841344,0.028473276655539597],"Categories":["Cyberlindnera saturnus","Cyberlindnera suaveolens","Cyberlindnera","","Saccharomycetales"],"Properties":[-2,2,0]}}