{"2419":{"Path":["0","0","2419","2419"],"Coordinates":[0.4330885016999258,0.58287018269324586,0.40421741142848844],"Categories":["Candida tropicalis","Candida tropicalis","Candida","","Saccharomycetales"],"Properties":[4,4,3]}}