{"4188":{"Path":["0","0","4188","4188"],"Coordinates":[0.45469794149254356,0.73566068216768232,0.45911850001994459],"Categories":["Komagataella ulmi","Komagataella ulmi","Komagataella","Saccharomycetaceae","Saccharomycetales"],"Properties":[4,5,4]}}