{"328":{"Path":["0","0","328","328"],"Coordinates":[0.780323148698159,0.49987185575717646,0.071686049158765086],"Categories":["Candida mesenterica","Candida mesenterica","Candida","","Saccharomycetales"],"Properties":[7,3,0]}}