{"3024":{"Path":["0","0","0","3024"],"Coordinates":[0.32840701578049364,0.64187891728695656,0.21863449636201546],"Categories":["Sporobolomyces poonsookiae","Sporobolomyces poonsookiae","Sporobolomyces","","Sporidiobolales"],"Properties":[3,5,1]},"3025":{"Path":["0","0","0","3024"],"Coordinates":[0.32839285652177441,0.64188299350446221,0.21862258536153942],"Categories":["Sporobolomyces poonsookiae","Sporobolomyces poonsookiae","Sporobolomyces","","Sporidiobolales"],"Properties":[3,5,1]}}