{"101":{"Path":["0","0","101","101"],"Coordinates":[0.58125387710486554,0.8913400801192588,0.24560055798785502],"Categories":["Candida magnoliae","Candida magnoliae","Candida","","Saccharomycetales"],"Properties":[5,7,2]}}