{"3583":{"Path":["0","0","3583","3583"],"Coordinates":[0.026025101426496808,0.655267836717504,0.37356540635502666],"Categories":["Cryptococcus mujuensis","Cryptococcus mujuensis","Cryptococcus","Tremellaceae","Tremellales"],"Properties":[0,5,3]}}