{"91":{"Path":["0","0","1630","1630"],"Coordinates":[0.47046341770419858,0.50506343637353834,0.42582143775695075],"Categories":["Cryptococcus diffluens","Cryptococcus diffluens","Cryptococcus","Tremellaceae","Tremellales"],"Properties":[4,4,3]},"92":{"Path":["0","0","1630","1630"],"Coordinates":[0.47044653705500866,0.50506006225448274,0.42582029348465211],"Categories":["Cryptococcus diffluens","Cryptococcus diffluens","Cryptococcus","Tremellaceae","Tremellales"],"Properties":[4,4,3]},"93":{"Path":["0","0","1630","1630"],"Coordinates":[0.47046344305574322,0.50506052884442154,0.42582115176024293],"Categories":["Cryptococcus diffluens","Cryptococcus diffluens","Cryptococcus","Tremellaceae","Tremellales"],"Properties":[4,4,3]},"94":{"Path":["0","0","1630","1630"],"Coordinates":[0.4704530035870868,0.50505787351785025,0.42581622446889483],"Categories":["Cryptococcus diffluens","Cryptococcus diffluens","Cryptococcus","Tremellaceae","Tremellales"],"Properties":[4,4,3]},"95":{"Path":["0","0","1630","1630"],"Coordinates":[0.47045581029524891,0.50504445724488278,0.42581924976682123],"Categories":["Cryptococcus diffluens","Cryptococcus diffluens","Cryptococcus","Tremellaceae","Tremellales"],"Properties":[4,4,3]},"96":{"Path":["0","0","1630","1630"],"Coordinates":[0.47044771918688122,0.50506644286165836,0.42581677501527065],"Categories":["Cryptococcus diffluens","Cryptococcus diffluens","Cryptococcus","Tremellaceae","Tremellales"],"Properties":[4,4,3]},"97":{"Path":["0","0","1630","1630"],"Coordinates":[0.47045427160237008,0.50504617956206621,0.42581998579848357],"Categories":["Cryptococcus diffluens","Cryptococcus diffluens","Cryptococcus","Tremellaceae","Tremellales"],"Properties":[4,4,3]},"98":{"Path":["0","0","1630","1630"],"Coordinates":[0.47045552324736722,0.50504730163516254,0.42582042739498727],"Categories":["Cryptococcus diffluens","Cryptococcus diffluens","Cryptococcus","Tremellaceae","Tremellales"],"Properties":[4,4,3]},"99":{"Path":["0","0","1630","1630"],"Coordinates":[0.47046850237177079,0.50505087824725481,0.42580870083244354],"Categories":["Cryptococcus diffluens","Cryptococcus diffluens","Cryptococcus","Tremellaceae","Tremellales"],"Properties":[4,4,3]},"100":{"Path":["0","0","1630","1630"],"Coordinates":[0.47046680682591363,0.505056035623623,0.42581453379702633],"Categories":["Cryptococcus diffluens","Cryptococcus diffluens","Cryptococcus","Tremellaceae","Tremellales"],"Properties":[4,4,3]},"1630":{"Path":["0","0","1630","1630"],"Coordinates":[0.470455992764773,0.50507255166532661,0.42581614899927445],"Categories":["Cryptococcus diffluens","Cryptococcus diffluens","Cryptococcus","Tremellaceae","Tremellales"],"Properties":[4,4,3]},"1631":{"Path":["0","0","1630","1630"],"Coordinates":[0.47046411620237844,0.50505747859450723,0.42581810543573539],"Categories":["Cryptococcus diffluens","Cryptococcus diffluens","Cryptococcus","Tremellaceae","Tremellales"],"Properties":[4,4,3]},"1632":{"Path":["0","0","1630","1630"],"Coordinates":[0.47045229847025266,0.5050749140460099,0.42581478490183489],"Categories":["Cryptococcus diffluens","Cryptococcus diffluens","Cryptococcus","Tremellaceae","Tremellales"],"Properties":[4,4,3]},"1633":{"Path":["0","0","1630","1630"],"Coordinates":[0.47045485026900163,0.5050428901736127,0.42582133992945043],"Categories":["Cryptococcus diffluens","Cryptococcus diffluens","Cryptococcus","Tremellaceae","Tremellales"],"Properties":[4,4,3]},"1634":{"Path":["0","0","1630","1630"],"Coordinates":[0.47045643105723828,0.50506334064644254,0.42581312010555555],"Categories":["Cryptococcus diffluens","Cryptococcus diffluens","Cryptococcus","Tremellaceae","Tremellales"],"Properties":[4,4,3]},"1635":{"Path":["0","0","1630","1630"],"Coordinates":[0.47045347033973484,0.50505715245013283,0.42581390835244354],"Categories":["Cryptococcus diffluens","Cryptococcus diffluens","Cryptococcus","Tremellaceae","Tremellales"],"Properties":[4,4,3]}}