{"2721":{"Path":["0","2721","2721","2721"],"Coordinates":[0.0943054326157282,0.61410032074191268,0.55510919352365606],"Categories":["Candida eppingiae","Candida eppingiae","Candida","","Saccharomycetales"],"Properties":[0,4,4]},"3447":{"Path":["0","2721","3447","3447"],"Coordinates":[0.654882309423634,0.4720972224845118,0.67942740624471643],"Categories":["Candida bromeliacearum","Candida bromeliacearum","Candida","","Saccharomycetales"],"Properties":[6,3,6]}}