{"2699":{"Path":["0","0","2699","2699"],"Coordinates":[0.59500329789557926,0.55070033786101447,0.52161847156263064],"Categories":["Candida batistae","Candida batistae","Candida","","Saccharomycetales"],"Properties":[5,4,4]}}