{"4153":{"Path":["0","0","4153","4153"],"Coordinates":[0.53264579411315294,0.22975763901299698,0.23738357500548998],"Categories":["Candida tocantinsensis","Candida tocantinsensis","Candida","","Saccharomycetales"],"Properties":[5,1,2]}}