{"2255":{"Path":["0","0","2255","2255"],"Coordinates":[0.4015126094998539,0.20802341533394977,0.40574277414547971],"Categories":["Starmera caribaea","Starmera caribaea","Starmera","Phaffomycetaceae","Saccharomycetales"],"Properties":[4,1,3]}}