{"604":{"Path":["0","0","605","605"],"Coordinates":[0.57751486134426677,0.24792336392619427,0.52970229507491651],"Categories":["Kuraishia capsulata","Kuraishia capsulata","Kuraishia","Saccharomycetaceae","Saccharomycetales"],"Properties":[5,1,4]},"605":{"Path":["0","0","605","605"],"Coordinates":[0.57752135443072616,0.24792136541318902,0.52971768075296366],"Categories":["Kuraishia capsulata","Kuraishia capsulata","Kuraishia","Saccharomycetaceae","Saccharomycetales"],"Properties":[5,1,4]}}