{"2411":{"Path":["0","0","2411","2411"],"Coordinates":[0.61406058617558856,0.39703805883358911,0.21913273914084896],"Categories":["Cyberlindnera misumaiensis","Cyberlindnera misumaiensis","Cyberlindnera","","Saccharomycetales"],"Properties":[6,3,1]},"2412":{"Path":["0","0","2411","2411"],"Coordinates":[0.61710487172988326,0.39642502201001933,0.22035030674196163],"Categories":["Cyberlindnera misumaiensis","Cyberlindnera misumaiensis","Cyberlindnera","","Saccharomycetales"],"Properties":[6,3,1]}}