{"2165":{"Path":["0","2165","2165","2165"],"Coordinates":[0.49434314127220086,0.61771848137293006,0.52798920536099725],"Categories":["Bensingtonia ciliata","Bensingtonia ciliata","Bensingtonia","Agaricostilbaceae","Agaricostilbales"],"Properties":[4,4,4]}}