{"3739":{"Path":["0","0","3739","3739"],"Coordinates":[0.68872327677137579,0.47386212621596385,0.56476219108800341],"Categories":["Glaciozyma watsonii","Glaciozyma watsonii","Glaciozyma","",""],"Properties":[6,3,5]}}