{"3861":{"Path":["0","0","3861","3861"],"Coordinates":[0.45583749290254472,0.08606262587963491,0.19626166092336889],"Categories":["Rhodotorula cladiensis","Rhodotorula cladiensis","Rhodotorula","","Sporidiobolales"],"Properties":[4,0,1]}}