{"3030":{"Path":["0","0","3030","3030"],"Coordinates":[0.15691885957397386,0.54583160408526221,0.20021717053440369],"Categories":["Starmerella meliponinorum","Starmerella meliponinorum","Starmerella","Saccharomycetaceae","Saccharomycetales"],"Properties":[1,4,1]},"3031":{"Path":["0","0","3030","3030"],"Coordinates":[0.1565566500218129,0.54674776208901488,0.20004553501219496],"Categories":["Starmerella meliponinorum","Starmerella meliponinorum","Starmerella","Saccharomycetaceae","Saccharomycetales"],"Properties":[1,4,1]}}