{"3182":{"Path":["0","0","3182","3182"],"Coordinates":[0.81793102887666391,0.55681839602177052,0.53271219568696371],"Categories":["Sporobolomyces clavatus","Sporobolomyces clavatus","Sporobolomyces","","Sporidiobolales"],"Properties":[8,4,4]}}