{"4146":{"Path":["0","0","4146","4146"],"Coordinates":[0.67900035287542648,0.42487945146157891,0.22474264472022551],"Categories":["Candida mattraensis","Candida mattraensis","Candida","","Saccharomycetales"],"Properties":[6,3,2]},"4147":{"Path":["0","0","4146","4147"],"Coordinates":[0.6710718018801729,0.42633559768392043,0.2188250677418648],"Categories":["Candida mattraensis","Candida mattraensis","Candida","","Saccharomycetales"],"Properties":[6,3,1]}}