{"3822":{"Path":["0","0","3822","3822"],"Coordinates":[0.77435733042920785,0.84456182320933637,0.20798990723514527],"Categories":["Candida khaoyaiensis","Candida khaoyaiensis","Candida","","Saccharomycetales"],"Properties":[7,6,1]}}