{"315":{"Path":["0","0","315","315"],"Coordinates":[0.42297990909237954,0.43407537034535565,0.73216483109401487],"Categories":["Cryptococcus curvatus","Cryptococcus curvatus","Cryptococcus","Tremellaceae","Tremellales"],"Properties":[4,3,6]}}