{"1642":{"Path":["0","0","1642","1642"],"Coordinates":[0.43556566163997273,0.48612350110391855,0.58510600842230731],"Categories":["Candida kruisii","Candida kruisii","Candida","","Saccharomycetales"],"Properties":[4,3,5]}}