{"4181":{"Path":["0","0","159","4181"],"Coordinates":[0.30508196705600249,0.37478710987240593,0.65025182166139084],"Categories":["Cystobasidium ritchiei","Cystobasidium ritchiei","Cystobasidium","Platygloeaceae","Platygloeales"],"Properties":[3,2,5]}}