{"68":{"Path":["0","0","68","68"],"Coordinates":[0.31610907217896494,0.39735501940701468,0.419643263271237],"Categories":["Cryptococcus magnus","Cryptococcus magnus","Cryptococcus","Tremellaceae","Tremellales"],"Properties":[3,3,3]},"69":{"Path":["0","0","68","68"],"Coordinates":[0.31609157729572557,0.39735694243459807,0.41966108249645],"Categories":["Cryptococcus magnus","Cryptococcus magnus","Cryptococcus","Tremellaceae","Tremellales"],"Properties":[3,3,3]},"70":{"Path":["0","0","68","68"],"Coordinates":[0.31603494236660862,0.39734765369188269,0.41973486248213859],"Categories":["Cryptococcus magnus","Cryptococcus magnus","Cryptococcus","Tremellaceae","Tremellales"],"Properties":[3,3,3]},"71":{"Path":["0","0","68","68"],"Coordinates":[0.31612199596857748,0.39736693785588778,0.41961626158576065],"Categories":["Cryptococcus magnus","Cryptococcus magnus","Cryptococcus","Tremellaceae","Tremellales"],"Properties":[3,3,3]},"72":{"Path":["0","0","68","68"],"Coordinates":[0.31604006190351452,0.39733119099940956,0.4197461426797397],"Categories":["Cryptococcus magnus","Cryptococcus magnus","Cryptococcus","Tremellaceae","Tremellales"],"Properties":[3,3,3]},"73":{"Path":["0","0","68","68"],"Coordinates":[0.31605898565542995,0.39737555694090149,0.41967868429774213],"Categories":["Cryptococcus magnus","Cryptococcus magnus","Cryptococcus","Tremellaceae","Tremellales"],"Properties":[3,3,3]}}