{"2802":{"Path":["0","0","2803","2803"],"Coordinates":[0.29604750169297628,0.27103717406061173,0.58494309768162966],"Categories":["Ogataea ramenticola","Ogataea ramenticola","Ogataea","Saccharomycetaceae","Saccharomycetales"],"Properties":[2,2,5]},"2803":{"Path":["0","0","2803","2803"],"Coordinates":[0.29606169635014074,0.27103540517652275,0.58498222939078626],"Categories":["Ogataea ramenticola","Ogataea ramenticola","Ogataea","Saccharomycetaceae","Saccharomycetales"],"Properties":[2,2,5]}}