{"3793":{"Path":["0","0","3793","3793"],"Coordinates":[0.69240116941334084,0.73338435876701624,0.27615270675053744],"Categories":["Cryptococcus agrionensis","Cryptococcus agrionensis","Cryptococcus","Tremellaceae","Tremellales"],"Properties":[6,5,2]}}