{"2591":{"Path":["0","2591","2591","2591"],"Coordinates":[0.13360747564362108,0.18952080607777874,0.12114951109906184],"Categories":["Saccharomycopsis fodiens","Saccharomycopsis fodiens","Saccharomycopsis","Saccharomycopsidaceae","Saccharomycetales"],"Properties":[1,1,1]}}