{"101":{"Path":["0","0","101","101"],"Coordinates":[0.64224331567189219,0.50181899771007654,0.40790295609662541],"Categories":["Candida magnoliae","Candida magnoliae","Candida","","Saccharomycetales"],"Properties":[6,4,3]}}