{"4152":{"Path":["0","0","2712","4152"],"Coordinates":[0.20108928857554975,0.42608399055554064,0.61705293026315844],"Categories":["Candida tocantinsensis","Candida tocantinsensis","Candida","","Saccharomycetales"],"Properties":[2,3,5]}}