{"3926":{"Path":["0","2609","3926","3926"],"Coordinates":[0.33219044833665523,0.55436815786042182,0.64917797100242336],"Categories":["Pseudozyma pruni","Pseudozyma pruni","Pseudozyma","Ustilaginaceae","Ustilaginales"],"Properties":[3,4,5]},"3927":{"Path":["0","2609","3926","3926"],"Coordinates":[0.33156083197548963,0.5536478518020409,0.64946907651596242],"Categories":["Pseudozyma pruni","Pseudozyma pruni","Pseudozyma","Ustilaginaceae","Ustilaginales"],"Properties":[3,4,5]}}