{"3259":{"Path":["0","0","3258","3259"],"Coordinates":[0.2624564935525614,0.198288769186172,0.5050483579205518],"Categories":["Candida emberorum","Candida emberorum","Candida","","Saccharomycetales"],"Properties":[2,1,4]}}