{"4130":{"Path":["0","0","4130","4130"],"Coordinates":[0.584226991398871,0.84223947609535821,0.24447295090629925],"Categories":["Ambrosiozyma maleeae","Ambrosiozyma maleeae","Ambrosiozyma","","Saccharomycetales"],"Properties":[5,6,2]},"4132":{"Path":["0","0","4130","4130"],"Coordinates":[0.58396305118364467,0.84263812476353661,0.24535139170950354],"Categories":["Ambrosiozyma maleeae","Ambrosiozyma maleeae","Ambrosiozyma","","Saccharomycetales"],"Properties":[5,6,2]}}