{"3465":{"Path":["0","0","3465","3465"],"Coordinates":[0.53666507125050089,0.32942132734107255,0.51737305652920462],"Categories":["Cryptococcus armeniacus","Cryptococcus armeniacus","Cryptococcus","Tremellaceae","Tremellales"],"Properties":[5,2,4]}}