{"209":{"Path":["5","44","209","209"],"Coordinates":[-0.511993329885624,0.29037515874839559,-0.040758500952363413],"Categories":["Naumovozyma dairenensis","Naumovozyma dairenensis","Naumovozyma","Saccharomycetaceae","Saccharomycetales"],"Properties":[-5,2,0]}}