{"58":{"Path":["9","9","58","58"],"Coordinates":[-0.397505413708994,0.41886908080517687,-0.20642701746687583],"Categories":["Candida glabrata","Candida glabrata","Candida","","Saccharomycetales"],"Properties":[-3,3,-1]},"3867":{"Path":["9","9","58","58"],"Coordinates":[-0.39892096632236956,0.41792336413350467,-0.20318561913302008],"Categories":["Vanderwaltozyma verrucispora","Vanderwaltozyma verrucispora","Vanderwaltozyma","Saccharomycetaceae","Saccharomycetales"],"Properties":[-3,3,-1]}}