{"1799":{"Path":["0","0","1800","1800"],"Coordinates":[0.43195575562149585,0.3692851007321909,0.37793254414157396],"Categories":["Wickerhamomyces alni","Wickerhamomyces alni","Wickerhamomyces","","Saccharomycetales"],"Properties":[4,2,3]},"1800":{"Path":["0","0","1800","1800"],"Coordinates":[0.4319891088620193,0.36928672506623539,0.37796038521546493],"Categories":["Wickerhamomyces alni","Wickerhamomyces alni","Wickerhamomyces","","Saccharomycetales"],"Properties":[4,2,3]}}