{"2422":{"Path":["0","0","2422","2422"],"Coordinates":[0.72055576135812549,0.60054254346020419,0.52943647639924163],"Categories":["Rhodotorula phylloplana","Rhodotorula phylloplana","Rhodotorula","","Sporidiobolales"],"Properties":[7,4,4]}}