{"1141":{"Path":["0","0","1141","1141"],"Coordinates":[0.44494431961210229,0.38033078134082715,0.34795645774809747],"Categories":["Candida torresii","Candida torresii","Candida","","Saccharomycetales"],"Properties":[4,3,3]}}