{"3949":{"Path":["0","0","37","3949"],"Coordinates":[0.52697808832439963,0.29428833249332703,0.724707881159764],"Categories":["Trichosporon chiarellii","Trichosporon chiarellii","Trichosporon","Trichosporonaceae","Tremellales"],"Properties":[5,2,6]}}