{"3625":{"Path":["0","0","3625","3625"],"Coordinates":[0.51921537141130714,0.54798340720509,0.48003311347117722],"Categories":["Candida neomexicana","Candida neomexicana","Candida","","Saccharomycetales"],"Properties":[5,4,4]}}