{"2134":{"Path":["0","2134","2134","2134"],"Coordinates":[0.55979789943901248,0.51890626726346156,0.47645879595652285],"Categories":["Botryozyma nematodophila","Botryozyma nematodophila","Botryozyma","","Saccharomycetales"],"Properties":[5,4,4]}}