{"3163":{"Path":["0","0","3163","3163"],"Coordinates":[0.72812602412246175,0.614443099174265,0.39505622898991943],"Categories":["Candida galli","Candida galli","Candida","","Saccharomycetales"],"Properties":[7,4,3]}}