{"2151":{"Path":["0","0","2151","2151"],"Coordinates":[0.38007672946336363,0.48610540493743531,0.22385229770412779],"Categories":["Myxozyma udenii","Myxozyma udenii","Myxozyma","Lipomycetaceae","Saccharomycetales"],"Properties":[3,3,2]}}