{"2413":{"Path":["0","1324","2413","2413"],"Coordinates":[0.49656826858917996,0.7180624537490613,0.6325200286802054],"Categories":["Sporopachydermia quercuum","Sporopachydermia quercuum","Sporopachydermia","","Saccharomycetales"],"Properties":[4,5,5]}}