{"2051":{"Path":["0","0","2051","2051"],"Coordinates":[0.51040625518968974,0.62703204254974454,0.40263365429144066],"Categories":["Candida floricola","Candida floricola","Candida","","Saccharomycetales"],"Properties":[5,5,3]}}