{"2017":{"Path":["0","0","120","2017"],"Coordinates":[0.2607511456244489,0.74526906603217324,0.485002112907979],"Categories":["Pichia cephalocereana","Pichia cephalocereana","Pichia","Saccharomycetaceae","Saccharomycetales"],"Properties":[2,5,4]}}