{"4142":{"Path":["0","0","4142","4142"],"Coordinates":[0.66861166812966677,0.88214289699646931,0.32633571560311053],"Categories":["Candida sirachaensis","Candida sirachaensis","Candida","","Saccharomycetales"],"Properties":[6,7,2]}}