{"2211":{"Path":["0","0","2211","2211"],"Coordinates":[0.24848845729238936,0.50512583277424528,0.37752144556010675],"Categories":["Kockovaella imperatae","Kockovaella imperatae","Kockovaella","Cuniculitremaceae","Tremellales"],"Properties":[2,4,3]}}