{"906":{"Path":["0","0","901","906"],"Coordinates":[0.48567721783341644,0.39098644440625824,0.59686522565387123],"Categories":["Candida viswanathii","Candida viswanathii","Candida","","Saccharomycetales"],"Properties":[4,3,5]},"907":{"Path":["0","0","901","906"],"Coordinates":[0.48562959151981583,0.39093335270630458,0.596836431728917],"Categories":["Candida viswanathii","Candida viswanathii","Candida","","Saccharomycetales"],"Properties":[4,3,5]}}