{"835":{"Path":["0","0","834","835"],"Coordinates":[0.62527076991334951,0.36930551112844845,0.33042892180717459],"Categories":["Kazachstania lodderae","Kazachstania lodderae","Kazachstania","Saccharomycetaceae","Saccharomycetales"],"Properties":[6,2,2]},"836":{"Path":["0","0","834","835"],"Coordinates":[0.62530658150165308,0.36929735643532974,0.33040925033761009],"Categories":["Kazachstania lodderae","Kazachstania lodderae","Kazachstania","Saccharomycetaceae","Saccharomycetales"],"Properties":[6,2,2]}}