{"53":{"Path":["0","55","53","53"],"Coordinates":[0.34711576313805981,0.62512160555869634,0.57083002986685882],"Categories":["Candida glabrata","Candida glabrata","Candida","","Saccharomycetales"],"Properties":[3,5,5]},"55":{"Path":["0","55","55","55"],"Coordinates":[0.51602845983599288,0.65174899164426991,0.61356502962178383],"Categories":["Candida glabrata","Candida glabrata","Candida","","Saccharomycetales"],"Properties":[5,5,5]}}