{"2815":{"Path":["0","0","2815","2815"],"Coordinates":[0.36866753714570055,0.55800243762653656,0.32465665263840487],"Categories":["Occultifur externus","Occultifur externus","Occultifur","Cystobasidiaceae",""],"Properties":[3,4,2]}}