{"3731":{"Path":["0","0","3731","3731"],"Coordinates":[0.50627736717799521,0.50443377665387878,0.39403728717499248],"Categories":["Candida ratchasimensis","Candida ratchasimensis","Candida","","Saccharomycetales"],"Properties":[5,4,3]}}