{"3516":{"Path":["0","0","3514","3516"],"Coordinates":[0.68628775228673922,0.44518911417125095,0.55551450591105267],"Categories":["Kazachstania aquatica","Kazachstania aquatica","Kazachstania","Saccharomycetaceae","Saccharomycetales"],"Properties":[6,3,4]}}