{"1530":{"Path":["0","0","437","1530"],"Coordinates":[0.60384616711300765,0.45469225964706311,0.41940674409173834],"Categories":["Candida dendronema","Candida dendronema","Candida","","Saccharomycetales"],"Properties":[6,3,3]}}