{"2059":{"Path":["0","0","2059","2059"],"Coordinates":[0.45490928619099769,0.53673127403013232,0.57460205405129583],"Categories":["Sporobolomyces inositophilus","Sporobolomyces inositophilus","Sporobolomyces","","Sporidiobolales"],"Properties":[4,4,5]}}