{"3702":{"Path":["0","0","3702","3702"],"Coordinates":[0.489211079934028,0.47740230330816297,0.49406450631256693],"Categories":["Candida gelsemii","Candida gelsemii","Candida","","Saccharomycetales"],"Properties":[4,3,4]}}