{"3737":{"Path":["0","0","3737","3737"],"Coordinates":[0.6420081021061036,0.42744653098692359,0.32683416386971831],"Categories":["Glaciozyma martinii","Glaciozyma martinii","Glaciozyma","",""],"Properties":[6,3,2]}}