{"2734":{"Path":["0","0","2734","2734"],"Coordinates":[0.36680239981493878,0.68671552233614985,0.41574178196267564],"Categories":["Kockovaella phaffii","Kockovaella phaffii","Kockovaella","Cuniculitremaceae","Tremellales"],"Properties":[3,5,3]}}