{"3023":{"Path":["0","0","0","3023"],"Coordinates":[0.67185376294676569,0.4819742842253848,0.43737893475415024],"Categories":["Sporobolomyces poonsookiae","Sporobolomyces poonsookiae","Sporobolomyces","","Sporidiobolales"],"Properties":[6,3,3]}}