{"2643":{"Path":["0","0","2643","2643"],"Coordinates":[0.36041277692807755,0.37983122889314475,0.17526901148467525],"Categories":["Wickerhamiella cacticola","Wickerhamiella cacticola","Wickerhamiella","","Saccharomycetales"],"Properties":[3,3,1]}}