{"2847":{"Path":["0","0","2848","2848"],"Coordinates":[0.39394524485225363,0.3860860348223985,0.20685656722195364],"Categories":["Candida tilneyi","Candida tilneyi","Candida","","Saccharomycetales"],"Properties":[3,3,1]},"2848":{"Path":["0","0","2848","2848"],"Coordinates":[0.3902984779377397,0.38543185658113621,0.20534887298905785],"Categories":["Candida tilneyi","Candida tilneyi","Candida","","Saccharomycetales"],"Properties":[3,3,1]}}