{"3269":{"Path":["0","0","3269","3269"],"Coordinates":[0.34832092523204039,0.35688324667636817,0.40699097654739197],"Categories":["Candida bolitotheri","Candida bolitotheri","Candida","","Saccharomycetales"],"Properties":[3,2,3]}}