{"2740":{"Path":["0","0","2741","2741"],"Coordinates":[0.40490038113109245,0.67107846060467313,0.24267706088728894],"Categories":["Kodamaea kakaduensis","Kodamaea kakaduensis","Kodamaea","Saccharomycetaceae","Saccharomycetales"],"Properties":[4,5,2]},"2741":{"Path":["0","0","2741","2741"],"Coordinates":[0.40491652227146074,0.67107326100565734,0.24266866022379569],"Categories":["Kodamaea kakaduensis","Kodamaea kakaduensis","Kodamaea","Saccharomycetaceae","Saccharomycetales"],"Properties":[4,5,2]}}