{"1524":{"Path":["0","0","1524","1524"],"Coordinates":[0.636875477579195,0.62408023803668489,0.73078129919200774],"Categories":["Saccharomycopsis malanga","Saccharomycopsis malanga","Saccharomycopsis","Saccharomycopsidaceae","Saccharomycetales"],"Properties":[6,4,6]}}