{"2254":{"Path":["0","0","2255","2254"],"Coordinates":[0.39826684496446507,0.19668697670299712,0.39819624038835277],"Categories":["Starmera caribaea","Starmera caribaea","Starmera","Phaffomycetaceae","Saccharomycetales"],"Properties":[3,1,3]}}