{"1939":{"Path":["0","0","1939","1939"],"Coordinates":[0.50725781591244412,0.64421261668216334,0.492788388819083],"Categories":["Hannaella oryzae","Hannaella oryzae","Hannaella","","Tremellales"],"Properties":[5,5,4]}}