{"3250":{"Path":["0","0","3506","3250"],"Coordinates":[0.31066527389383342,0.52654290446414442,0.33776625231909946],"Categories":["Bullera taiwanensis","Bullera taiwanensis","Bullera","Tremellaceae","Tremellales"],"Properties":[3,4,3]},"3506":{"Path":["0","0","3506","3506"],"Coordinates":[0.26174963403615992,0.409751906185822,0.25667046019935225],"Categories":["Cryptococcus silvicola","Cryptococcus silvicola","Cryptococcus","Tremellaceae","Tremellales"],"Properties":[2,3,2]}}