{"938":{"Path":["0","0","74","938"],"Coordinates":[0.46245652834911521,0.53142661031921268,0.4796067425466562],"Categories":["Cryptococcus aerius","Cryptococcus aerius","Cryptococcus","Tremellaceae","Tremellales"],"Properties":[4,4,4]}}