{"2044":{"Path":["0","0","2044","2044"],"Coordinates":[0.49684658990318947,0.4535302435494834,0.26412465871307805],"Categories":["Sporobolomyces sasicola","Sporobolomyces sasicola","Sporobolomyces","","Sporidiobolales"],"Properties":[4,3,2]}}