{"427":{"Path":["8","38","55","427"],"Coordinates":[-0.53298101420554356,0.48719163486677586,-0.066117457759955936],"Categories":["Torulaspora globosa","Torulaspora globosa","Torulaspora","Saccharomycetaceae","Saccharomycetales"],"Properties":[-5,3,0]}}