{"11":{"Path":["1","11","11","11"],"Coordinates":[-0.3301476507171992,0.062310545927213822,-0.1445781245653083],"Categories":["Dekkera bruxellensis","Dekkera bruxellensis","Dekkera","Saccharomycetaceae","Saccharomycetales"],"Properties":[-3,0,-1]},"94":{"Path":["1","11","94","94"],"Coordinates":[-0.31432191358475636,0.0765944920062334,-0.12309301797489114],"Categories":["Cryptococcus diffluens","Cryptococcus diffluens","Cryptococcus","Tremellaceae","Tremellales"],"Properties":[-3,0,-1]},"157":{"Path":["1","11","157","157"],"Coordinates":[-0.32683371619079038,0.089543912149972052,-0.16684462739236319],"Categories":["Cryptococcus aureus","Cryptococcus aureus","Cryptococcus","Tremellaceae","Tremellales"],"Properties":[-3,0,-1]}}