{"786":{"Path":["0","0","786","786"],"Coordinates":[0.43808277410333263,0.43678394207543508,0.2344655327620499],"Categories":["Guehomyces pullulans","Guehomyces pullulans","Guehomyces","Cystofilobasidiaceae","Cystofilobasidiales"],"Properties":[4,3,2]}}