{"1944":{"Path":["0","0","1946","1946"],"Coordinates":[0.63972152817606476,0.44016225202467985,0.59629407239609178],"Categories":["Candida tsuchiyae","Candida tsuchiyae","Candida","","Saccharomycetales"],"Properties":[6,3,5]},"1946":{"Path":["0","0","1946","1946"],"Coordinates":[0.63695432240750738,0.44235512026847656,0.592753747396913],"Categories":["Candida tsuchiyae","Candida tsuchiyae","Candida","","Saccharomycetales"],"Properties":[6,3,5]}}