{"4242":{"Path":["0","0","4242","4242"],"Coordinates":[0.20761763868311717,0.42653198047979418,0.91190174508877964],"Categories":["Naumovozyma baii","Naumovozyma baii","Naumovozyma","Saccharomycetaceae","Saccharomycetales"],"Properties":[2,3,8]}}