{"3992":{"Path":["0","3992","3992","3992"],"Coordinates":[0.92424780831434172,0.48751429885553238,0.079344573598369939],"Categories":["Kazachstania taianensis","Kazachstania taianensis","Kazachstania","Saccharomycetaceae","Saccharomycetales"],"Properties":[9,3,0]}}