{"3992":{"Path":["0","3992","3992","3992"],"Coordinates":[0.13108889029695225,0.57352042763942845,0.077790028281085444],"Categories":["Kazachstania taianensis","Kazachstania taianensis","Kazachstania","Saccharomycetaceae","Saccharomycetales"],"Properties":[1,4,0]}}