{"4159":{"Path":["0","0","4159","4159"],"Coordinates":[0.42105446869446084,0.55377067959671089,0.2793899156719985],"Categories":["Candida theae","Candida theae","Candida","","Saccharomycetales"],"Properties":[4,4,2]}}