{"2842":{"Path":["0","0","2843","2843"],"Coordinates":[0.34121003565654351,0.22541939199886321,0.17702706726348458],"Categories":["Candida anutae","Candida anutae","Candida","","Saccharomycetales"],"Properties":[3,1,1]},"2843":{"Path":["0","0","2843","2843"],"Coordinates":[0.34155193068001716,0.22537903732904274,0.17741267676315806],"Categories":["Candida anutae","Candida anutae","Candida","","Saccharomycetales"],"Properties":[3,1,1]}}