{"3459":{"Path":["0","0","3459","3459"],"Coordinates":[0.23917856575909136,0.50861212753798479,0.54667569221779855],"Categories":["Saturnispora hagleri","Saturnispora hagleri","Saturnispora","Saccharomycetaceae","Saccharomycetales"],"Properties":[2,4,4]},"4095":{"Path":["0","0","3459","4095"],"Coordinates":[0.5543440732973296,0.39818127715302781,0.39592846767041351],"Categories":["Saturnispora serradocipensis","Saturnispora serradocipensis","Saturnispora","Saccharomycetaceae","Saccharomycetales"],"Properties":[5,3,3]}}