{"2934":{"Path":["0","0","2934","2934"],"Coordinates":[0.58209341979790652,0.32231501377328065,0.46334680791000404],"Categories":["Candida prunicola","Candida prunicola","Candida","","Saccharomycetales"],"Properties":[5,2,4]}}