{"2678":{"Path":["0","0","2678","2678"],"Coordinates":[0.70836751014606159,0.42550298840469064,0.23968513832352628],"Categories":["Danielozyma ontarioensis","Danielozyma ontarioensis","Danielozyma","",""],"Properties":[7,3,2]},"2679":{"Path":["0","0","2678","2678"],"Coordinates":[0.70839632222566085,0.42553454803669333,0.23967713906592722],"Categories":["Danielozyma ontarioensis","Danielozyma ontarioensis","Danielozyma","",""],"Properties":[7,3,2]}}