{"56":{"Path":["0","56","56","56"],"Coordinates":[0.61188870387203131,0.019241326899312045,0.36801317935656697],"Categories":["Candida glabrata","Candida glabrata","Candida","","Saccharomycetales"],"Properties":[6,0,3]}}