{"4155":{"Path":["0","0","4155","4155"],"Coordinates":[0.2610072240598556,0.77973797453512916,0.49782289020344739],"Categories":["Wickerhamomyces scolytoplatypi","Wickerhamomyces scolytoplatypi","Wickerhamomyces","","Saccharomycetales"],"Properties":[2,6,4]},"4190":{"Path":["0","0","4155","4155"],"Coordinates":[0.26104245496775774,0.77976553338204635,0.49780656434280413],"Categories":["Wickerhamomyces scolytoplatypi","Komagataella populi","Komagataella","Saccharomycetaceae","Saccharomycetales"],"Properties":[2,6,4]}}