{"3762":{"Path":["0","3762","3762","3762"],"Coordinates":[0.49849943332942465,0.7186851253331128,0.62029235248653547],"Categories":["Candida alocasiicola","Candida alocasiicola","Candida","","Saccharomycetales"],"Properties":[4,5,5]},"3763":{"Path":["0","3762","3762","3762"],"Coordinates":[0.49755848454911306,0.71898916919847622,0.61855391274886062],"Categories":["Candida alocasiicola","Candida alocasiicola","Candida","","Saccharomycetales"],"Properties":[4,5,5]}}