{"3893":{"Path":["0","0","331","3893"],"Coordinates":[0.415756802275421,0.4882983195065298,0.45575943786447853],"Categories":["Candida orthopsilosis","Candida orthopsilosis","Candida","","Saccharomycetales"],"Properties":[4,3,4]}}