{"3582":{"Path":["0","0","3581","3582"],"Coordinates":[0.60031410708953648,0.77752599261524746,0.6912096881023182],"Categories":["Kuraishia floccosa","Kuraishia floccosa","Kuraishia","Saccharomycetaceae","Saccharomycetales"],"Properties":[6,6,6]}}