{"3793":{"Path":["0","0","3793","3793"],"Coordinates":[0.1503379153406858,0.71700510160779551,0.28812687021841288],"Categories":["Cryptococcus agrionensis","Cryptococcus agrionensis","Cryptococcus","Tremellaceae","Tremellales"],"Properties":[1,5,2]}}