{"1781":{"Path":["0","0","107","1781"],"Coordinates":[0.4950400126934727,0.511898998307867,0.28108622207145556],"Categories":["Pichia cactophila","Pichia cactophila","Pichia","Saccharomycetaceae","Saccharomycetales"],"Properties":[4,4,2]},"1782":{"Path":["0","0","107","1781"],"Coordinates":[0.49418037121022362,0.51218115819181265,0.28051273975970309],"Categories":["Pichia cactophila","Pichia cactophila","Pichia","Saccharomycetaceae","Saccharomycetales"],"Properties":[4,4,2]}}