{"3434":{"Path":["0","0","3434","3434"],"Coordinates":[0.57742355484968444,0.36430116156805226,0.44418848232220748],"Categories":["Kuraishia molischiana","Kuraishia molischiana","Kuraishia","Saccharomycetaceae","Saccharomycetales"],"Properties":[5,2,3]}}