{"3442":{"Path":["0","0","3442","3442"],"Coordinates":[0.85470155488388555,0.57495395220105516,0.21876721587555884],"Categories":["Candida picinguabensis","Candida picinguabensis","Candida","","Saccharomycetales"],"Properties":[8,4,1]}}