{"3234":{"Path":["0","0","3234","3234"],"Coordinates":[0.698363963079162,0.17532790926444172,0.21533615392988983],"Categories":["Candida digboiensis","Candida digboiensis","Candida","","Saccharomycetales"],"Properties":[6,1,1]},"3235":{"Path":["0","0","3234","3235"],"Coordinates":[0.53810027207243449,0.3028143365876283,0.21359731858450429],"Categories":["Candida digboiensis","Candida digboiensis","Candida","","Saccharomycetales"],"Properties":[5,2,1]}}