{"2575":{"Path":["0","0","2575","2575"],"Coordinates":[0.70242569990242365,0.67453575919526354,0.47864048257561742],"Categories":["Cryptococcus pseudolongus","Cryptococcus pseudolongus","Cryptococcus","Tremellaceae","Tremellales"],"Properties":[7,5,4]}}