{"542":{"Path":["0","0","542","542"],"Coordinates":[0.61100330270430825,0.46429762878294323,0.45807674683575789],"Categories":["Malassezia pachydermatis","Malassezia pachydermatis","Malassezia","","Malasseziales"],"Properties":[6,3,4]}}