{"2742":{"Path":["0","0","2741","2742"],"Coordinates":[0.579642583838548,0.48129099400808767,0.4772382378412478],"Categories":["Kodamaea kakaduensis","Kodamaea kakaduensis","Kodamaea","Saccharomycetaceae","Saccharomycetales"],"Properties":[5,3,4]}}