{"4097":{"Path":["0","0","4097","4097"],"Coordinates":[0.21007385502171022,0.54545741629738653,0.69881276572653517],"Categories":["Cystobasidium psychroaquaticum","Cystobasidium psychroaquaticum","Cystobasidium","Platygloeaceae","Platygloeales"],"Properties":[2,4,6]}}