{"1650":{"Path":["0","0","1650","1650"],"Coordinates":[0.48925886498745824,0.56067487696619134,0.64748553172492818],"Categories":["Rhodotorula pustula","Rhodotorula pustula","Rhodotorula","","Sporidiobolales"],"Properties":[4,4,5]}}