{"1761":{"Path":["0","1761","1761","1761"],"Coordinates":[0.38932551054220182,0.61262715804399237,0.11648219576126426],"Categories":["Symbiotaphrina buchneri","Symbiotaphrina buchneri","Symbiotaphrina","",""],"Properties":[3,4,1]}}