{"4092":{"Path":["0","0","4092","4092"],"Coordinates":[0.75276264599471154,0.30888795779867567,0.34187995262822712],"Categories":["Saturnispora gosingensis","Saturnispora gosingensis","Saturnispora","Saccharomycetaceae","Saccharomycetales"],"Properties":[7,2,3]}}