{"31":{"Path":["0","31","31","31"],"Coordinates":[-0.42060028231712782,0.4724755133048994,0.031546179589739029],"Categories":["Filobasidiella neoformans","Filobasidiella neoformans","Filobasidiella","","Tremellales"],"Properties":[-4,3,0]},"60":{"Path":["0","31","60","60"],"Coordinates":[-0.44372073949770813,0.45643600089024206,0.060775419939650591],"Categories":["Cryptococcus laurentii","Cryptococcus laurentii","Cryptococcus","Tremellaceae","Tremellales"],"Properties":[-4,3,0]},"114":{"Path":["0","31","114","114"],"Coordinates":[-0.4252515170223139,0.5010887120612777,0.023813121057339119],"Categories":["Pichia fermentans","Pichia fermentans","Pichia","Saccharomycetaceae","Saccharomycetales"],"Properties":[-4,4,0]},"184":{"Path":["0","31","184","184"],"Coordinates":[-0.41329583906348877,0.4325712072481076,0.017584014985224251],"Categories":["Kazachstania exigua","Kazachstania exigua","Kazachstania","Saccharomycetaceae","Saccharomycetales"],"Properties":[-4,3,0]}}