{"3854":{"Path":["0","0","3854","3854"],"Coordinates":[0.6868889743485328,0.40575667924166076,0.39877507526953843],"Categories":["Candida sanitii","Candida sanitii","Candida","","Saccharomycetales"],"Properties":[6,3,3]}}