{"3028":{"Path":["0","0","2086","3028"],"Coordinates":[0.3646834246937678,0.32554996956920856,0.40418934357742176],"Categories":["Bulleribasidium oberjochense","Bulleribasidium oberjochense","Bulleribasidium","Tremellaceae","Tremellales"],"Properties":[3,2,3]}}