{"2102":{"Path":["0","0","2102","2102"],"Coordinates":[0.38128291629908995,0.53222245013464864,0.46758305858766974],"Categories":["Sporobolomyces falcatus","Sporobolomyces falcatus","Sporobolomyces","","Sporidiobolales"],"Properties":[3,4,4]}}