{"912":{"Path":["0","0","912","912"],"Coordinates":[0.76333390400242163,0.48480039360218857,0.56415800828892193],"Categories":["Trigonopsis vinaria","Trigonopsis vinaria","Trigonopsis","","Saccharomycetales"],"Properties":[7,3,5]}}