{"3628":{"Path":["0","0","3629","3629"],"Coordinates":[0.785389145288798,0.44951624754954328,0.2669514293821767],"Categories":["Trigonopsis californica","Trigonopsis californica","Trigonopsis","","Saccharomycetales"],"Properties":[7,3,2]},"3629":{"Path":["0","0","3629","3629"],"Coordinates":[0.785220440179907,0.4493313150764951,0.26723835985932681],"Categories":["Trigonopsis californica","Trigonopsis californica","Trigonopsis","","Saccharomycetales"],"Properties":[7,3,2]}}