{"1717":{"Path":["0","1717","1717","1717"],"Coordinates":[0.044404297916814162,0.28554125365678179,0.6302606610096203],"Categories":["Dipodascopsis anomala","Dipodascopsis anomala","Dipodascopsis","Lipomycetaceae","Saccharomycetales"],"Properties":[0,2,5]}}