{"2759":{"Path":["0","0","2759","2759"],"Coordinates":[0.61153789338505182,0.35040717327264875,0.49488662501528063],"Categories":["Kazachstania bulderi","Kazachstania bulderi","Kazachstania","Saccharomycetaceae","Saccharomycetales"],"Properties":[6,2,4]}}