{"409":{"Path":["0","0","404","409"],"Coordinates":[0.4387723237565776,0.714514332076719,0.65735178833404939],"Categories":["Zygosaccharomyces rouxii","Zygosaccharomyces rouxii","Zygosaccharomyces","Saccharomycetaceae","Saccharomycetales"],"Properties":[4,5,5]},"410":{"Path":["0","0","404","409"],"Coordinates":[0.43876599013178508,0.71451855999911207,0.65736846172319963],"Categories":["Zygosaccharomyces rouxii","Zygosaccharomyces rouxii","Zygosaccharomyces","Saccharomycetaceae","Saccharomycetales"],"Properties":[4,5,5]}}