{"527":{"Path":["2","41","57","527"],"Coordinates":[-0.30888239482109925,0.36010816298257381,0.078501409282441],"Categories":["Candida etchellsii","Candida etchellsii","Candida","","Saccharomycetales"],"Properties":[-3,2,0]},"2362":{"Path":["2","41","57","527"],"Coordinates":[-0.30691561511105758,0.35670195752276262,0.075633919475072767],"Categories":["Malassezia slooffiae","Malassezia slooffiae","Malassezia","","Malasseziales"],"Properties":[-3,2,0]}}