{"3455":{"Path":["0","2609","3455","3455"],"Coordinates":[0.54541006192738539,0.67220796840779107,0.32201054220686604],"Categories":["Pseudozyma thailandica","Pseudozyma thailandica","Pseudozyma","Ustilaginaceae","Ustilaginales"],"Properties":[5,5,2]}}