{"3506":{"Path":["0","0","3506","3506"],"Coordinates":[0.26174963403615992,0.409751906185822,0.25667046019935225],"Categories":["Cryptococcus silvicola","Cryptococcus silvicola","Cryptococcus","Tremellaceae","Tremellales"],"Properties":[2,3,2]},"3507":{"Path":["0","0","3506","3506"],"Coordinates":[0.26104105147164824,0.40708423264084026,0.25484869622573475],"Categories":["Cryptococcus silvicola","Cryptococcus silvicola","Cryptococcus","Tremellaceae","Tremellales"],"Properties":[2,3,2]}}