{"616":{"Path":["4","30","139","616"],"Coordinates":[-0.39080409954578704,0.64558225676810743,0.086047649165379436],"Categories":["Meyerozyma guilliermondii","Meyerozyma guilliermondii","Meyerozyma","Debaryomycetaceae","Saccharomycetales"],"Properties":[-3,5,0]},"1942":{"Path":["4","30","139","616"],"Coordinates":[-0.387712236682721,0.64132124184051631,0.083309152886533316],"Categories":["Hannaella oryzae","Hannaella oryzae","Hannaella","","Tremellales"],"Properties":[-3,5,0]}}