{"635":{"Path":["0","0","1968","635"],"Coordinates":[0.67616692580087645,0.44966603284327927,0.60430484349175428],"Categories":["Myxozyma melibiosi","Myxozyma melibiosi","Myxozyma","Lipomycetaceae","Saccharomycetales"],"Properties":[6,3,5]},"1968":{"Path":["0","0","1968","1968"],"Coordinates":[0.38316368626296571,0.62705966858278139,0.61984502914327688],"Categories":["Myxozyma geophila","Myxozyma geophila","Myxozyma","Lipomycetaceae","Saccharomycetales"],"Properties":[3,5,5]}}