{"1492":{"Path":["0","0","357","1492"],"Coordinates":[0.34758903440493266,0.60726140771743342,0.37151474592784806],"Categories":["Hyphopichia heimii","Hyphopichia heimii","Hyphopichia","Saccharomycetaceae","Saccharomycetales"],"Properties":[3,4,3]},"1493":{"Path":["0","0","357","1492"],"Coordinates":[0.34757422011128747,0.60726426209142648,0.37150706693467306],"Categories":["Hyphopichia heimii","Hyphopichia heimii","Hyphopichia","Saccharomycetaceae","Saccharomycetales"],"Properties":[3,4,3]}}