{"3146":{"Path":["0","0","37","3147"],"Coordinates":[0.32909053746972661,0.62987673664622268,0.54862275797720716],"Categories":["Dioszegia changbaiensis","Dioszegia changbaiensis","Dioszegia","Tremellaceae","Tremellales"],"Properties":[3,5,4]},"3147":{"Path":["0","0","37","3147"],"Coordinates":[0.33006421247447282,0.63019186429708907,0.5480964234034631],"Categories":["Dioszegia changbaiensis","Dioszegia changbaiensis","Dioszegia","Tremellaceae","Tremellales"],"Properties":[3,5,4]}}