{"3791":{"Path":["0","0","3791","3791"],"Coordinates":[0.82076049514923277,0.59249616699051588,0.90388450396564224],"Categories":["Ogataea nitratoaversa","Ogataea nitratoaversa","Ogataea","Saccharomycetaceae","Saccharomycetales"],"Properties":[8,4,8]}}