{"3233":{"Path":["0","0","3234","3234"],"Coordinates":[0.60681189923509571,0.13501355465542925,0.619183493767907],"Categories":["Candida digboiensis","Candida digboiensis","Candida","","Saccharomycetales"],"Properties":[6,1,5]},"3234":{"Path":["0","0","3234","3234"],"Coordinates":[0.60957829975039468,0.13575159078208496,0.616390228498602],"Categories":["Candida digboiensis","Candida digboiensis","Candida","","Saccharomycetales"],"Properties":[6,1,5]}}