{"3915":{"Path":["0","0","3915","3915"],"Coordinates":[0.31296979239137829,0.62055100341424285,0.50204064019013539],"Categories":["Candida suratensis","Candida suratensis","Candida","","Saccharomycetales"],"Properties":[3,4,4]}}