{"910":{"Path":["0","0","910","910"],"Coordinates":[0.34083654434450872,0.39881552214778326,0.34143700950028111],"Categories":["Candida diversa","Candida diversa","Candida","","Saccharomycetales"],"Properties":[3,3,3]}}