{"327":{"Path":["0","0","327","327"],"Coordinates":[0.49479176768901562,0.45168407695656076,0.50616474689113555],"Categories":["Yarrowia lipolytica","Yarrowia lipolytica","Yarrowia","","Saccharomycetales"],"Properties":[4,3,4]},"1487":{"Path":["0","0","327","1487"],"Coordinates":[0.47413347679714629,0.3949631756028163,0.60280408254292439],"Categories":["Yarrowia lipolytica","Yarrowia lipolytica","Yarrowia","","Saccharomycetales"],"Properties":[4,3,5]}}