{"2052":{"Path":["0","0","2051","2052"],"Coordinates":[0.56148741578780048,0.70160618875750547,0.441409078673178],"Categories":["Candida floricola","Candida floricola","Candida","","Saccharomycetales"],"Properties":[5,5,3]}}