{"1190":{"Path":["0","0","1189","1190"],"Coordinates":[0.52583812706408117,0.46226059528770336,0.4165989111092287],"Categories":["Kodamaea ohmeri","Kodamaea ohmeri","Kodamaea","Saccharomycetaceae","Saccharomycetales"],"Properties":[5,3,3]}}