{"2445":{"Path":["0","0","2445","2445"],"Coordinates":[0.58839210544708986,0.27259064812650297,0.393881286305439],"Categories":["Cuniculitrema polymorpha","Cuniculitrema polymorpha","Cuniculitrema","Cuniculitremaceae","Tremellales"],"Properties":[5,2,3]}}