{"1546":{"Path":["0","0","1546","1546"],"Coordinates":[0.41036272333180857,0.52799714863486091,0.60069131377396923],"Categories":["Tetrapisispora blattae","Tetrapisispora blattae","Tetrapisispora","Saccharomycetaceae","Saccharomycetales"],"Properties":[4,4,5]}}