{"1617":{"Path":["0","0","1617","1617"],"Coordinates":[0.16476659168164942,0.35141268001069464,0.57142034578232892],"Categories":["Kurtzmanomyces nectairei","Kurtzmanomyces nectairei","Kurtzmanomyces","Chionosphaeraceae","Agaricostilbales"],"Properties":[1,2,5]}}