{"2859":{"Path":["0","0","2859","2859"],"Coordinates":[0.56620837951016623,0.55874700550447221,1.0238168174249547],"Categories":["Danielozyma litseae","Danielozyma litseae","Danielozyma","",""],"Properties":[5,4,0]},"2860":{"Path":["0","0","2859","2859"],"Coordinates":[0.56617833279325358,0.55869280988731718,1.0237922441053589],"Categories":["Danielozyma litseae","Danielozyma litseae","Danielozyma","",""],"Properties":[5,4,0]}}