{"2859":{"Path":["0","0","2859","2859"],"Coordinates":[0.742642688193602,0.39621369302296883,0.53446120869492009],"Categories":["Danielozyma litseae","Danielozyma litseae","Danielozyma","",""],"Properties":[7,3,4]},"2860":{"Path":["0","0","2859","2859"],"Coordinates":[0.74262539908803882,0.39621770179472615,0.53445594738696822],"Categories":["Danielozyma litseae","Danielozyma litseae","Danielozyma","",""],"Properties":[7,3,4]}}