{"1923":{"Path":["0","1923","1923","1923"],"Coordinates":[0.54724868509307834,0.39635481347935936,0.51151122681690786],"Categories":["Bensingtonia phyllada","Bensingtonia phyllada","Bensingtonia","Agaricostilbaceae","Agaricostilbales"],"Properties":[5,3,4]}}