{"1756":{"Path":["0","0","1756","1756"],"Coordinates":[0.65476346507455763,0.84672989244355712,0.24832496098329526],"Categories":["Candida spandovensis","Candida spandovensis","Candida","","Saccharomycetales"],"Properties":[6,6,2]}}