{"3856":{"Path":["0","0","1990","3856"],"Coordinates":[0.24347726307964415,0.66534490551239922,0.33505464383689854],"Categories":["Cryptococcus mangaliensis","Cryptococcus mangaliensis","Cryptococcus","Tremellaceae","Tremellales"],"Properties":[2,5,3]},"3857":{"Path":["0","0","1990","3856"],"Coordinates":[0.24181178731509481,0.664682603058851,0.33416720598683641],"Categories":["Cryptococcus mangaliensis","Cryptococcus mangaliensis","Cryptococcus","Tremellaceae","Tremellales"],"Properties":[2,5,3]}}