{"3908":{"Path":["0","0","3908","3908"],"Coordinates":[0.52816540683180191,0.62075040554823124,0.59738383844492238],"Categories":["Trichomonascus apis","Trichomonascus apis","Trichomonascus","Endomycetaceae","Saccharomycetales"],"Properties":[5,4,5]}}