{"2408":{"Path":["0","0","2408","2408"],"Coordinates":[0.464938954667526,0.44241784563677089,0.577894816963515],"Categories":["Candida kofuensis","Candida kofuensis","Candida","","Saccharomycetales"],"Properties":[4,3,5]}}