{"88":{"Path":["0","0","88","88"],"Coordinates":[0.41522922778260046,0.50906124029382782,0.52282676945491935],"Categories":["Candida sake","Candida sake","Candida","","Saccharomycetales"],"Properties":[4,4,4]}}