{"1348":{"Path":["0","0","350","1348"],"Coordinates":[0.47924289175341778,0.41269375564017863,0.68198279522392924],"Categories":["Metschnikowia pulcherrima","Metschnikowia pulcherrima","Metschnikowia","Metschnikowiaceae","Saccharomycetales"],"Properties":[4,3,6]}}