{"3819":{"Path":["0","0","2620","3819"],"Coordinates":[0.42393067758320874,0.4234321443363333,0.35201399098304403],"Categories":["Metschnikowia cubensis","Metschnikowia cubensis","Metschnikowia","Metschnikowiaceae","Saccharomycetales"],"Properties":[4,3,3]}}