{"4035":{"Path":["0","0","4035","4035"],"Coordinates":[0.55082725098373864,0.29950358551331974,0.84920900829527179],"Categories":["Barnettozyma vustinii","Barnettozyma vustinii","Barnettozyma","","Saccharomycetales"],"Properties":[5,2,7]},"4036":{"Path":["0","0","4035","4035"],"Coordinates":[0.54992274201184843,0.29561917757738704,0.848903658484344],"Categories":["Barnettozyma vustinii","Barnettozyma vustinii","Barnettozyma","","Saccharomycetales"],"Properties":[5,2,7]}}