{"3347":{"Path":["0","0","3347","3347"],"Coordinates":[0.26192136172913361,0.40087490375282986,0.4017459275158084],"Categories":["Candida plutei","Candida plutei","Candida","","Saccharomycetales"],"Properties":[2,3,3]}}