{"1857":{"Path":["0","0","1858","1857"],"Coordinates":[0.86186818637186635,0.53834027569075138,0.13205922701616132],"Categories":["Cyberlindnera meyerae","Cyberlindnera meyerae","Cyberlindnera","","Saccharomycetales"],"Properties":[8,4,1]}}