{"2830":{"Path":["0","0","2830","2830"],"Coordinates":[0.42788914350430945,0.20664969123950769,0.67070540128156664],"Categories":["Tetrapisispora arboricola","Tetrapisispora arboricola","Tetrapisispora","Saccharomycetaceae","Saccharomycetales"],"Properties":[4,1,6]}}