{"4041":{"Path":["0","0","0","4041"],"Coordinates":[0.4907510871002983,0.42614712260909554,0.66599183912188475],"Categories":["Leucosporidium drummii","Leucosporidium drummii","Leucosporidium","Sporidiobolaceae","Sporidiobolales"],"Properties":[4,3,5]}}