{"1084":{"Path":["0","0","1085","1085"],"Coordinates":[0.44780556467169419,0.39756121024539814,0.564146207351615],"Categories":["Trichomonascus ciferrii","Trichomonascus ciferrii","Trichomonascus","Endomycetaceae","Saccharomycetales"],"Properties":[4,3,5]},"1085":{"Path":["0","0","1085","1085"],"Coordinates":[0.44841071997329779,0.398169345989685,0.56363243894322224],"Categories":["Trichomonascus ciferrii","Trichomonascus ciferrii","Trichomonascus","Endomycetaceae","Saccharomycetales"],"Properties":[4,3,5]}}