{"2741":{"Path":["0","0","2741","2741"],"Coordinates":[0.62960103276739554,0.43002530310087655,0.34173589544248589],"Categories":["Kodamaea kakaduensis","Kodamaea kakaduensis","Kodamaea","Saccharomycetaceae","Saccharomycetales"],"Properties":[6,3,3]},"2742":{"Path":["0","0","2741","2742"],"Coordinates":[0.579642583838548,0.48129099400808767,0.4772382378412478],"Categories":["Kodamaea kakaduensis","Kodamaea kakaduensis","Kodamaea","Saccharomycetaceae","Saccharomycetales"],"Properties":[5,3,4]}}