{"2288":{"Path":["0","0","2288","2288"],"Coordinates":[0.65654542418634987,0.6756795404029583,0.32600596934377413],"Categories":["Candida sojae","Candida sojae","Candida","","Saccharomycetales"],"Properties":[6,5,2]},"2289":{"Path":["0","0","2288","2289"],"Coordinates":[0.61908744186402376,0.61311908241559188,0.52878607070269523],"Categories":["Candida sojae","Candida sojae","Candida","","Saccharomycetales"],"Properties":[6,4,4]}}