{"3713":{"Path":["0","0","3713","3713"],"Coordinates":[0.15897202458101914,0.56043475312989754,0.787125457920727],"Categories":["Tetrapisispora taiwanensis","Tetrapisispora taiwanensis","Tetrapisispora","Saccharomycetaceae","Saccharomycetales"],"Properties":[1,4,7]}}