{"3182":{"Path":["0","0","3182","3182"],"Coordinates":[0.52839846173450822,0.30529788389661394,0.48542329936861911],"Categories":["Sporobolomyces clavatus","Sporobolomyces clavatus","Sporobolomyces","","Sporidiobolales"],"Properties":[5,2,4]}}