{"3685":{"Path":["0","0","1126","3685"],"Coordinates":[0.35795461872052392,0.23637040241497978,0.2811638651150401],"Categories":["Pichia cecembensis","Pichia cecembensis","Pichia","Saccharomycetaceae","Saccharomycetales"],"Properties":[3,1,2]}}