{"3462":{"Path":["0","0","3462","3462"],"Coordinates":[0.7503332380727793,0.61780786388434927,0.8281425938915955],"Categories":["Cryptococcus amylolyticus","Cryptococcus amylolyticus","Cryptococcus","Tremellaceae","Tremellales"],"Properties":[7,4,7]}}