{"2058":{"Path":["0","0","2058","2058"],"Coordinates":[0.81927240818591462,0.29199010346907917,0.52010176737761327],"Categories":["Saitoella complicata","Saitoella complicata","Saitoella","Protomycetaceae","Taphrinales"],"Properties":[8,2,4]}}