{"3475":{"Path":["0","0","3475","3475"],"Coordinates":[0.44134268854790493,0.40395717903383832,0.43898052489854461],"Categories":["Dioszegia buhagiarii","Dioszegia buhagiarii","Dioszegia","Tremellaceae","Tremellales"],"Properties":[4,3,3]}}