{"4016":{"Path":["0","0","4017","4016"],"Coordinates":[0.51860686663075262,0.53628750571391726,0.50369179774765283],"Categories":["Candida kaohsiungensis","Candida kaohsiungensis","Candida","","Saccharomycetales"],"Properties":[5,4,4]}}