{"190":{"Path":["0","0","190","190"],"Coordinates":[0.36770094605692388,0.39930594027755217,0.087477179815353953],"Categories":["Kazachstania exigua","Kazachstania exigua","Kazachstania","Saccharomycetaceae","Saccharomycetales"],"Properties":[3,3,0]}}