{"2520":{"Path":["0","0","2521","2520"],"Coordinates":[0.44873542966501306,0.18758775441653539,0.776656508568248],"Categories":["Fellomyces fuzhouensis","Fellomyces fuzhouensis","Fellomyces","Cuniculitremaceae","Tremellales"],"Properties":[4,1,6]},"2521":{"Path":["0","0","2521","2521"],"Coordinates":[0.66905714309072317,0.312823594954119,0.48958616654553588],"Categories":["Fellomyces fuzhouensis","Fellomyces fuzhouensis","Fellomyces","Cuniculitremaceae","Tremellales"],"Properties":[6,2,4]}}