{"4143":{"Path":["0","0","4143","4143"],"Coordinates":[0.53123714740540251,0.52504124972554156,0.17559484201607317],"Categories":["Ogataea phyllophila","Ogataea phyllophila","Ogataea","Saccharomycetaceae","Saccharomycetales"],"Properties":[5,4,1]},"4144":{"Path":["0","0","4143","4144"],"Coordinates":[0.54377827224228426,0.528788410407067,0.16639290682427033],"Categories":["Ogataea phyllophila","Ogataea phyllophila","Ogataea","Saccharomycetaceae","Saccharomycetales"],"Properties":[5,4,1]}}