{"16":{"Path":["0","16","16","16"],"Coordinates":[-0.25709351825564547,0.40217041302380407,-0.057317840185379422],"Categories":["Dekkera bruxellensis","Dekkera bruxellensis","Dekkera","Saccharomycetaceae","Saccharomycetales"],"Properties":[-2,3,0]},"392":{"Path":["0","16","16","392"],"Coordinates":[-0.26077331988353808,0.4132608302143061,-0.048395801409835508],"Categories":["Lachancea fermentati","Lachancea fermentati","Lachancea","Saccharomycetaceae","Saccharomycetales"],"Properties":[-2,3,0]}}