{"2630":{"Path":["0","2630","2630","2630"],"Coordinates":[0.49390020091776959,0.33935860647205995,0.38655624827434082],"Categories":["Metschnikowia hibisci","Metschnikowia hibisci","Metschnikowia","Metschnikowiaceae","Saccharomycetales"],"Properties":[4,2,3]},"2631":{"Path":["0","2630","2630","2630"],"Coordinates":[0.49390198301309185,0.33934371150709391,0.38656241537164737],"Categories":["Metschnikowia hibisci","Metschnikowia hibisci","Metschnikowia","Metschnikowiaceae","Saccharomycetales"],"Properties":[4,2,3]}}