{"3354":{"Path":["0","0","3353","3354"],"Coordinates":[0.67584513610872843,0.33832736514189188,0.5036722002225017],"Categories":["Geotrichum cucujoidarum","Geotrichum cucujoidarum","Geotrichum","Dipodascaceae","Saccharomycetales"],"Properties":[6,2,4]}}