{"3917":{"Path":["0","0","3917","3917"],"Coordinates":[0.61255624050297475,0.15002552677352035,0.4034698640615067],"Categories":["Geotrichum siamensis","Geotrichum siamensis","Geotrichum","Dipodascaceae","Saccharomycetales"],"Properties":[6,1,3]}}