{"18":{"Path":["2","18","18","18"],"Coordinates":[-0.39526957250395273,0.46301261575766772,-0.048211007428439534],"Categories":["Candida tropicalis","Candida tropicalis","Candida","","Saccharomycetales"],"Properties":[-3,3,0]},"69":{"Path":["2","18","69","69"],"Coordinates":[-0.43295700942921189,0.47126764895601236,-0.074121738906004472],"Categories":["Cryptococcus magnus","Cryptococcus magnus","Cryptococcus","Tremellaceae","Tremellales"],"Properties":[-4,3,0]},"134":{"Path":["2","18","134","134"],"Coordinates":[-0.37287429101816333,0.4351782568664801,-0.050741648510188121],"Categories":["Kloeckera lindneri","Kloeckera lindneri","Kloeckera","Saccharomycodaceae","Saccharomycetales"],"Properties":[-3,3,0]}}