{"3186":{"Path":["0","0","3186","3186"],"Coordinates":[0.65151328740632974,0.45094383304909319,0.46232775657086084],"Categories":["Kazachstania slooffiae","Kazachstania slooffiae","Kazachstania","Saccharomycetaceae","Saccharomycetales"],"Properties":[6,3,4]}}