{"4223":{"Path":["0","0","707","4223"],"Coordinates":[0.81120129105076288,0.39103571932125758,0.74124229801743324],"Categories":["Tortispora ganteri","Tortispora ganteri","Tortispora","Trigonopsidaceae","Saccharomycetales"],"Properties":[8,3,6]}}