{"2989":{"Path":["0","0","2989","2989"],"Coordinates":[0.41651754367417365,0.73552012058867766,0.17751872617431996],"Categories":["Bannoa hahajimensis","Bannoa hahajimensis","Bannoa","","Erythrobasidiales"],"Properties":[4,5,1]},"2990":{"Path":["0","0","2989","2990"],"Coordinates":[0.24758653557704535,0.34971652532552183,0.31113363585318721],"Categories":["Sporobolomyces syzygii","Sporobolomyces syzygii","Sporobolomyces","","Sporidiobolales"],"Properties":[2,2,2]}}