{"3152":{"Path":["0","0","3152","3152"],"Coordinates":[0.35664470634014867,0.42790386158850047,0.47642621842569438],"Categories":["Auriculibuller fuscus","Auriculibuller fuscus","Auriculibuller","Tremellaceae","Tremellales"],"Properties":[3,3,4]}}