{"2288":{"Path":["0","0","2288","2288"],"Coordinates":[0.56763451542612609,0.4863899196413875,0.37118693003068881],"Categories":["Candida sojae","Candida sojae","Candida","","Saccharomycetales"],"Properties":[5,3,3]}}