{"4134":{"Path":["0","4134","4134","4134"],"Coordinates":[0.10961038256483262,0.68567457570233492,0.28820714074354048],"Categories":["Candida hasegawae","Candida hasegawae","Candida","","Saccharomycetales"],"Properties":[1,5,2]}}