{"3442":{"Path":["0","0","3442","3442"],"Coordinates":[0.85470155488388555,0.57495395220105516,0.21876721587555884],"Categories":["Candida picinguabensis","Candida picinguabensis","Candida","","Saccharomycetales"],"Properties":[8,4,1]},"3443":{"Path":["0","0","3442","3443"],"Coordinates":[0.619748613606984,0.36142489567405889,0.598326088666554],"Categories":["Candida picinguabensis","Candida picinguabensis","Candida","","Saccharomycetales"],"Properties":[6,2,5]}}