{"3858":{"Path":["0","0","3858","3858"],"Coordinates":[0.69246933402249833,0.64790249147530943,0.40587070326979707],"Categories":["Cryptococcus ibericus","Cryptococcus ibericus","Cryptococcus","Tremellaceae","Tremellales"],"Properties":[6,5,3]}}