{"809":{"Path":["0","0","809","809"],"Coordinates":[0.15990291321456207,0.28736133443186868,0.44701914329753673],"Categories":["Kregervanrija delftensis","Kregervanrija delftensis","Kregervanrija","Saccharomycetaceae","Saccharomycetales"],"Properties":[1,2,4]}}