{"1185":{"Path":["0","0","1184","1185"],"Coordinates":[0.24516288786717388,0.3277432652080689,0.44937059005283264],"Categories":["Candida intermedia","Candida intermedia","Candida","","Saccharomycetales"],"Properties":[2,2,4]}}