{"3997":{"Path":["0","0","3998","3998"],"Coordinates":[0.10978131777209783,0.74383333070940683,0.13637303898454764],"Categories":["Mingxiaea wuzhishanensis","Mingxiaea wuzhishanensis","Mingxiaea","","Tremellales"],"Properties":[1,5,1]},"3998":{"Path":["0","0","3998","3998"],"Coordinates":[0.10973785709763013,0.74380134534789011,0.13638623154255816],"Categories":["Mingxiaea wuzhishanensis","Mingxiaea wuzhishanensis","Mingxiaea","","Tremellales"],"Properties":[1,5,1]}}