{"2828":{"Path":["0","0","2829","2828"],"Coordinates":[0.36655772129611508,0.6387890501467931,0.43085727593390161],"Categories":["Tetrapisispora nanseiensis","Tetrapisispora nanseiensis","Tetrapisispora","Saccharomycetaceae","Saccharomycetales"],"Properties":[3,5,3]}}