{"2830":{"Path":["0","0","2830","2830"],"Coordinates":[0.42788914350430945,0.20664969123950769,0.67070540128156664],"Categories":["Tetrapisispora arboricola","Tetrapisispora arboricola","Tetrapisispora","Saccharomycetaceae","Saccharomycetales"],"Properties":[4,1,6]},"2831":{"Path":["0","0","2830","2831"],"Coordinates":[0.42764985331393712,0.214118463199437,0.68371156080755147],"Categories":["Tetrapisispora arboricola","Tetrapisispora arboricola","Tetrapisispora","Saccharomycetaceae","Saccharomycetales"],"Properties":[4,1,6]}}