{"1648":{"Path":["0","0","1648","1648"],"Coordinates":[0.36068788233649723,0.86047671843557849,0.28233822554228682],"Categories":["Candida multigemmis","Candida multigemmis","Candida","","Saccharomycetales"],"Properties":[3,6,2]}}