{"437":{"Path":["7","10","82","437"],"Coordinates":[-0.39570374609385067,0.54275552983805042,-0.12104114653052434],"Categories":["Debaryomyces hansenii","Debaryomyces hansenii","Debaryomyces","Saccharomycetaceae","Saccharomycetales"],"Properties":[-3,4,-1]},"4268":{"Path":["7","10","82","437"],"Coordinates":[-0.39590389849025293,0.54743043464797447,-0.12444416031239525],"Categories":["Cryptococcus vaughanmartiniae","Cryptococcus vaughanmartiniae","Cryptococcus","Tremellaceae","Tremellales"],"Properties":[-3,4,-1]}}