{"4261":{"Path":["0","0","4261","4261"],"Coordinates":[0.55150262011531,0.32938384559603556,1.2130929998144824],"Categories":["Wickerhamomyces arborarius","Wickerhamomyces arborarius","Wickerhamomyces","","Saccharomycetales"],"Properties":[5,2,1]}}