{"79":{"Path":["3","46","79","79"],"Coordinates":[-0.267632087270966,0.26091971255803265,-0.18526301266134163],"Categories":["Candida gropengiesseri","Candida gropengiesseri","Candida","","Saccharomycetales"],"Properties":[-2,2,-1]},"3530":{"Path":["3","46","79","79"],"Coordinates":[-0.2702581544834774,0.25625968999695,-0.1841057331866291],"Categories":["Dioszegia athyri","Dioszegia athyri","Dioszegia","Tremellaceae","Tremellales"],"Properties":[-2,2,-1]}}