{"2016":{"Path":["0","0","120","2016"],"Coordinates":[0.68079399432706711,0.65637104141141878,0.31149454788046066],"Categories":["Pichia eremophila","Pichia eremophila","Pichia","Saccharomycetaceae","Saccharomycetales"],"Properties":[6,5,2]}}