{"68":{"Path":["0","0","68","68"],"Coordinates":[0.6386478079257446,0.48961300327814966,0.58272307212588947],"Categories":["Cryptococcus magnus","Cryptococcus magnus","Cryptococcus","Tremellaceae","Tremellales"],"Properties":[6,3,5]}}