{"3764":{"Path":["0","0","3764","3764"],"Coordinates":[0.67814735399120141,0.79242502736455611,-0.0066434500843858824],"Categories":["Kazachstania hellenica","Kazachstania hellenica","Kazachstania","Saccharomycetaceae","Saccharomycetales"],"Properties":[6,6,0]}}