{"41":{"Path":["2","41","41","41"],"Coordinates":[-0.31973217819568311,0.34498056911386749,0.09973701997653045],"Categories":["Kuraishia molischiana","Kuraishia molischiana","Kuraishia","Saccharomycetaceae","Saccharomycetales"],"Properties":[-3,2,0]},"281":{"Path":["2","41","41","281"],"Coordinates":[-0.32218402670272167,0.34943763347057155,0.091060286089430134],"Categories":["Sporidiobolus salmonicolor","Sporidiobolus salmonicolor","Sporidiobolus","Sporidiobolaceae","Sporidiobolales"],"Properties":[-3,2,0]},"829":{"Path":["2","41","41","829"],"Coordinates":[-0.31214666108073191,0.33761586979794267,0.10787931723216028],"Categories":["Kluyveromyces wickerhamii","Kluyveromyces wickerhamii","Kluyveromyces","Saccharomycetaceae","Saccharomycetales"],"Properties":[-3,2,0]}}