{"2032":{"Path":["0","0","2032","2032"],"Coordinates":[0.40772053648702206,0.39869249134171775,0.49823045009567696],"Categories":["Sporobolomyces griseoflavus","Sporobolomyces griseoflavus","Sporobolomyces","","Sporidiobolales"],"Properties":[4,3,4]}}