{"3384":{"Path":["0","0","3384","3384"],"Coordinates":[0.43599403281046462,0.23055595635598605,0.68964414328915091],"Categories":["Bullera panici","Bullera panici","Bullera","Tremellaceae","Tremellales"],"Properties":[4,1,6]}}