{"8":{"Path":["8","8","8","8"],"Coordinates":[-0.59683924151053136,0.44699301132402658,0.031638132029525985],"Categories":["Dekkera bruxellensis","Dekkera bruxellensis","Dekkera","Saccharomycetaceae","Saccharomycetales"],"Properties":[-5,3,0]},"50":{"Path":["8","8","50","50"],"Coordinates":[-0.5808403495499429,0.41620145695796179,0.016213861586498436],"Categories":["Candida glabrata","Candida glabrata","Candida","","Saccharomycetales"],"Properties":[-5,3,0]},"53":{"Path":["8","8","53","53"],"Coordinates":[-0.57743719737653565,0.41075953200530074,0.029461312184740039],"Categories":["Candida glabrata","Candida glabrata","Candida","","Saccharomycetales"],"Properties":[-5,3,0]},"110":{"Path":["8","8","110","110"],"Coordinates":[-0.57979762950305047,0.41044823621568088,0.03225250426337592],"Categories":["Millerozyma farinosa","Millerozyma farinosa","Millerozyma","Debaryomycetaceae","Saccharomycetales"],"Properties":[-5,3,0]},"120":{"Path":["8","8","120","120"],"Coordinates":[-0.56545288846964314,0.46480438440046135,0.057981418201659807],"Categories":["Pichia kluyveri","Pichia kluyveri","Pichia","Saccharomycetaceae","Saccharomycetales"],"Properties":[-5,3,0]}}