{"2865":{"Path":["2864","2864","2864","2865"],"Coordinates":[1.0983099516648762,0.26362831492416106,0.95275538443716123],"Categories":["Danielozyma litseae","Danielozyma litseae","Danielozyma","",""],"Properties":[0,2,8]}}