{"3775":{"Path":["0","0","3775","3775"],"Coordinates":[0.24808808002457619,0.51393076412321625,0.24337077647177247],"Categories":["Mingxiaea begoniae","Mingxiaea begoniae","Mingxiaea","","Tremellales"],"Properties":[2,4,2]}}