{"2264":{"Path":["0","0","2264","2264"],"Coordinates":[0.48160151068960733,0.53555661825111855,0.39091149665279673],"Categories":["Nakaseomyces bacillisporus","Nakaseomyces bacillisporus","Nakaseomyces","Saccharomycetaceae","Saccharomycetales"],"Properties":[4,4,3]}}