{"2342":{"Path":["0","0","2342","2342"],"Coordinates":[0.56263752067145245,0.45354148264105659,0.49662459462504033],"Categories":["Sporobolomyces dracophylli","Sporobolomyces dracophylli","Sporobolomyces","","Sporidiobolales"],"Properties":[5,3,4]}}