{"4169":{"Path":["0","0","4169","4169"],"Coordinates":[0.728562539116,0.81145327452211669,0.52422717467030888],"Categories":["Candida hungchunana","Candida hungchunana","Candida","","Saccharomycetales"],"Properties":[7,6,4]}}