{"599":{"Path":["0","55","55","599"],"Coordinates":[0.69442287591430052,0.3895789313175137,0.41882680535473993],"Categories":["Debaryomyces marama","Debaryomyces marama","Debaryomyces","Saccharomycetaceae","Saccharomycetales"],"Properties":[6,3,3]}}