{"1970":{"Path":["0","0","1970","1970"],"Coordinates":[0.31956004875912059,0.35626075377617061,0.39142103806532397],"Categories":["Malassezia sympodialis","Malassezia sympodialis","Malassezia","","Malasseziales"],"Properties":[3,2,3]}}