{"4217":{"Path":["0","0","4217","4217"],"Coordinates":[0.27620600641281512,0.34201718563804218,0.36552048131405851],"Categories":["Wickerhamomyces siamensis","Wickerhamomyces siamensis","Wickerhamomyces","","Saccharomycetales"],"Properties":[2,2,3]}}