{"4003":{"Path":["0","0","4003","4003"],"Coordinates":[0.696107702138303,0.56978111196620773,0.054281635777929049],"Categories":["Candida laemsonensis","Candida laemsonensis","Candida","","Saccharomycetales"],"Properties":[6,4,0]}}