{"2769":{"Path":["0","0","190","2769"],"Coordinates":[0.24384856271478031,0.59224861442493337,0.23944537801453819],"Categories":["Kazachstania turicensis","Kazachstania turicensis","Kazachstania","Saccharomycetaceae","Saccharomycetales"],"Properties":[2,4,2]},"2770":{"Path":["0","0","190","2769"],"Coordinates":[0.24383493732702793,0.59227229834857775,0.23946446721391629],"Categories":["Kazachstania turicensis","Kazachstania turicensis","Kazachstania","Saccharomycetaceae","Saccharomycetales"],"Properties":[2,4,2]}}