{"3726":{"Path":["0","0","3726","3726"],"Coordinates":[0.43220399618452787,0.081873752012191423,0.47233257979264281],"Categories":["Candida floris","Candida floris","Candida","","Saccharomycetales"],"Properties":[4,0,4]}}