{"4079":{"Path":["0","0","4079","4079"],"Coordinates":[0.53392688834374724,0.34935762665805292,0.50768006451118175],"Categories":["Candida inulinophila","Candida inulinophila","Candida","","Saccharomycetales"],"Properties":[5,2,4]}}