{"1056":{"Path":["0","0","974","1056"],"Coordinates":[0.44816598002896973,0.54971465272567777,0.67752463393207563],"Categories":["Scheffersomyces lignosus","Scheffersomyces lignosus","Scheffersomyces","Debaryomycetaceae","Saccharomycetales"],"Properties":[4,4,6]}}