{"1396":{"Path":["0","0","1396","1396"],"Coordinates":[1.1056718389993443,0.074654805322504264,0.45057804755453174],"Categories":["Metschnikowia lunata","Metschnikowia lunata","Metschnikowia","Metschnikowiaceae","Saccharomycetales"],"Properties":[1,0,4]}}