{"9":{"Path":["9","9","9","9"],"Coordinates":[-0.39544383792155091,0.46476370914954518,-0.21586203208043156],"Categories":["Dekkera bruxellensis","Dekkera bruxellensis","Dekkera","Saccharomycetaceae","Saccharomycetales"],"Properties":[-3,3,-1]},"2003":{"Path":["9","9","9","9"],"Coordinates":[-0.39316045043867626,0.46492249538346031,-0.2132389275442558],"Categories":["Hannaella sinensis","Hannaella sinensis","Hannaella","","Tremellales"],"Properties":[-3,3,-1]}}