{"1608":{"Path":["0","0","1607","1608"],"Coordinates":[0.56506033938953715,0.64526293619884423,0.12794613514805894],"Categories":["Candida musae","Candida musae","Candida","","Saccharomycetales"],"Properties":[5,5,1]}}