{"2":{"Path":["2","2","2","2"],"Coordinates":[-0.3299792077933148,0.42448369791748974,0.048504421794087982],"Categories":["Rhodotorula glutinis","Rhodotorula glutinis","Rhodotorula","","Sporidiobolales"],"Properties":[-3,3,0]},"92":{"Path":["2","2","92","92"],"Coordinates":[-0.33909642493869341,0.38407159854384526,0.04274112767558344],"Categories":["Cryptococcus diffluens","Cryptococcus diffluens","Cryptococcus","Tremellaceae","Tremellales"],"Properties":[-3,3,0]},"143":{"Path":["2","2","143","143"],"Coordinates":[-0.30413379755591186,0.39783917892627074,0.066001299175621364],"Categories":["Hanseniaspora uvarum","Hanseniaspora uvarum","Hanseniaspora","Saccharomycodaceae","Saccharomycetales"],"Properties":[-3,3,0]},"162":{"Path":["2","2","162","162"],"Coordinates":[-0.28782512862986825,0.41319838807541126,0.068650226229489048],"Categories":["Cystobasidium minuta","Cystobasidium minuta","Cystobasidium","Platygloeaceae","Platygloeales"],"Properties":[-2,3,0]}}