{"2660":{"Path":["0","0","2620","2660"],"Coordinates":[0.47106703432032043,0.46653714067106383,0.4552334465645822],"Categories":["Candida ipomoeae","Candida ipomoeae","Candida","","Saccharomycetales"],"Properties":[4,3,4]}}