{"4120":{"Path":["0","0","4120","4120"],"Coordinates":[0.59070483621954317,0.35418695230637737,0.58018808756967422],"Categories":["Candida citri","Candida citri","Candida","","Saccharomycetales"],"Properties":[5,2,5]},"4121":{"Path":["0","0","4120","4121"],"Coordinates":[0.78514353877982379,0.44868746285539396,0.46820949562923142],"Categories":["Candida citri","Candida citri","Candida","","Saccharomycetales"],"Properties":[7,3,4]}}