{"2497":{"Path":["0","0","1513","2497"],"Coordinates":[0.49655882670115881,0.45899321336710047,0.609468185628351],"Categories":["Scheffersomyces coipomoensis","Scheffersomyces coipomoensis","Scheffersomyces","Debaryomycetaceae","Saccharomycetales"],"Properties":[4,3,5]}}