{"1395":{"Path":["0","0","1395","1395"],"Coordinates":[0.25669719437468708,0.52170412741631722,0.038675448941714465],"Categories":["Metschnikowia lunata","Metschnikowia lunata","Metschnikowia","Metschnikowiaceae","Saccharomycetales"],"Properties":[2,4,0]}}