{"1163":{"Path":["0","0","1163","1163"],"Coordinates":[0.50847230974013446,0.58984265473374464,0.60182241553087157],"Categories":["Rhodotorula javanica","Rhodotorula javanica","Rhodotorula","","Sporidiobolales"],"Properties":[5,4,5]}}