{"3939":{"Path":["0","0","3939","3939"],"Coordinates":[0.45032426670873033,0.42270512769478552,0.36811561000372495],"Categories":["Candida awuaii","Candida awuaii","Candida","","Saccharomycetales"],"Properties":[4,3,3]}}