{"3674":{"Path":["0","0","3674","3674"],"Coordinates":[0.61211196649102251,0.652037838706234,0.079869206592268815],"Categories":["Rhodotorula psychrophenolica","Rhodotorula psychrophenolica","Rhodotorula","","Sporidiobolales"],"Properties":[6,5,0]}}