{"2721":{"Path":["0","2721","2721","2721"],"Coordinates":[0.65655300234742242,0.12606997369018533,0.4345655373353306],"Categories":["Candida eppingiae","Candida eppingiae","Candida","","Saccharomycetales"],"Properties":[6,1,3]},"2722":{"Path":["0","2721","2721","2721"],"Coordinates":[0.6565723869522877,0.12608241568750916,0.43452386492276035],"Categories":["Candida eppingiae","Candida eppingiae","Candida","","Saccharomycetales"],"Properties":[6,1,3]}}