{"1636":{"Path":["0","0","1636","1636"],"Coordinates":[0.50593113649083421,0.43898621713077546,0.25960375627120885],"Categories":["Saccharomycopsis crataegensis","Saccharomycopsis crataegensis","Saccharomycopsis","Saccharomycopsidaceae","Saccharomycetales"],"Properties":[5,3,2]},"1637":{"Path":["0","0","1636","1636"],"Coordinates":[0.50346391588079131,0.43724883975304352,0.25811194318982145],"Categories":["Saccharomycopsis crataegensis","Saccharomycopsis crataegensis","Saccharomycopsis","Saccharomycopsidaceae","Saccharomycetales"],"Properties":[5,3,2]}}