{"3967":{"Path":["0","0","3967","3967"],"Coordinates":[0.21920698457393298,-0.067680578238103917,0.69203534495715169],"Categories":["Mycogloea nipponica","Mycogloea nipponica","Mycogloea","",""],"Properties":[2,0,6]}}