{"2699":{"Path":["0","0","2699","2699"],"Coordinates":[0.64791757902092373,0.51576994345218985,0.66786229065696168],"Categories":["Candida batistae","Candida batistae","Candida","","Saccharomycetales"],"Properties":[6,4,6]}}