{"1499":{"Path":["0","793","1499","1499"],"Coordinates":[0.0778044021803075,0.827454104289802,0.36420886114028939],"Categories":["Ambrosiozyma cicatricosa","Ambrosiozyma cicatricosa","Ambrosiozyma","","Saccharomycetales"],"Properties":[0,6,3]}}