{"1848":{"Path":["0","0","1849","1848"],"Coordinates":[0.29819743440103241,0.5395575958410137,0.52273494049019154],"Categories":["Myxozyma mucilagina","Myxozyma mucilagina","Myxozyma","Lipomycetaceae","Saccharomycetales"],"Properties":[2,4,4]},"1849":{"Path":["0","0","1849","1849"],"Coordinates":[0.30305385889225817,0.5575064238862133,0.52721706910891031],"Categories":["Myxozyma mucilagina","Myxozyma mucilagina","Myxozyma","Lipomycetaceae","Saccharomycetales"],"Properties":[3,4,4]}}