{"1421":{"Path":["0","0","1421","1421"],"Coordinates":[0.54204944725038207,0.42341218464671015,0.286912103098121],"Categories":["Candida odintsovae","Candida odintsovae","Candida","","Saccharomycetales"],"Properties":[5,3,2]},"1422":{"Path":["0","0","1421","1421"],"Coordinates":[0.54205287506270827,0.42342926538731218,0.28688092939299525],"Categories":["Candida odintsovae","Candida odintsovae","Candida","","Saccharomycetales"],"Properties":[5,3,2]}}