{"2989":{"Path":["0","0","2989","2989"],"Coordinates":[0.55545564015090543,0.65664484774649146,0.33721320775902508],"Categories":["Bannoa hahajimensis","Bannoa hahajimensis","Bannoa","","Erythrobasidiales"],"Properties":[5,5,3]},"2990":{"Path":["0","0","2989","2990"],"Coordinates":[0.62651330463236066,0.44941671852702247,0.4124454705296895],"Categories":["Sporobolomyces syzygii","Sporobolomyces syzygii","Sporobolomyces","","Sporidiobolales"],"Properties":[6,3,3]}}