{"1320":{"Path":["0","0","1796","1320"],"Coordinates":[0.41124893564660359,0.68640435862487714,0.25323874943784364],"Categories":["Cryptococcus dimennae","Cryptococcus dimennae","Cryptococcus","Tremellaceae","Tremellales"],"Properties":[4,5,2]},"1796":{"Path":["0","0","1796","1796"],"Coordinates":[0.71600571258320522,0.63792576738572793,0.66869885982977928],"Categories":["Bullera globispora","Bullera globispora","Bullera","Tremellaceae","Tremellales"],"Properties":[7,5,6]}}