{"3737":{"Path":["0","0","3737","3737"],"Coordinates":[0.67630548712498251,0.45978970201935887,0.26671634330510674],"Categories":["Glaciozyma martinii","Glaciozyma martinii","Glaciozyma","",""],"Properties":[6,3,2]}}