{"1224":{"Path":["0","0","1224","1224"],"Coordinates":[-1.7971486289319882E-05,0.31061399208475909,0.39891057439905053],"Categories":["Ambrosiozyma oregonensis","Ambrosiozyma oregonensis","Ambrosiozyma","","Saccharomycetales"],"Properties":[0,2,3]}}