{"4075":{"Path":["0","0","4075","4075"],"Coordinates":[0.40980601549649476,0.35757721227352068,0.72750776430394448],"Categories":["Candida berkhoutiae","Candida berkhoutiae","Candida","","Saccharomycetales"],"Properties":[4,2,6]},"4076":{"Path":["0","0","4075","4075"],"Coordinates":[0.40976054972662257,0.35760868643734195,0.72750250846021591],"Categories":["Candida berkhoutiae","Candida berkhoutiae","Candida","","Saccharomycetales"],"Properties":[4,2,6]}}