{"28":{"Path":["1","28","28","28"],"Coordinates":[-0.30805597423922809,0.18223059973673167,-0.30576067219686087],"Categories":["Filobasidiella neoformans","Filobasidiella neoformans","Filobasidiella","","Tremellales"],"Properties":[-3,1,-2]},"95":{"Path":["1","28","95","95"],"Coordinates":[-0.328011645555912,0.19466433342748357,-0.33129075243874856],"Categories":["Cryptococcus diffluens","Cryptococcus diffluens","Cryptococcus","Tremellaceae","Tremellales"],"Properties":[-3,1,-2]},"152":{"Path":["1","28","152","152"],"Coordinates":[-0.29022859328923478,0.21456988550000417,-0.32726377086155856],"Categories":["Rhodotorula aurantiaca","Rhodotorula aurantiaca","Rhodotorula","","Sporidiobolales"],"Properties":[-2,1,-2]}}