{"3505":{"Path":["0","0","3505","3505"],"Coordinates":[-0.021205763403616958,0.5455329119645469,0.51505452729385814],"Categories":["Ogataea thermomethanolica","Ogataea thermomethanolica","Ogataea","Saccharomycetaceae","Saccharomycetales"],"Properties":[0,4,4]}}