{"3843":{"Path":["0","0","3843","3843"],"Coordinates":[0.61636255291626452,0.73763854436085652,0.740952010252543],"Categories":["Candida andamanensis","Candida andamanensis","Candida","","Saccharomycetales"],"Properties":[6,5,6]},"3844":{"Path":["0","0","3843","3843"],"Coordinates":[0.61691559080681424,0.73795668780149437,0.74075057300533242],"Categories":["Candida andamanensis","Candida andamanensis","Candida","","Saccharomycetales"],"Properties":[6,5,6]}}