{"1959":{"Path":["0","0","1959","1959"],"Coordinates":[0.48313277306169344,0.38834779608295056,0.47707553416783782],"Categories":["Candida nanaspora","Candida nanaspora","Candida","","Saccharomycetales"],"Properties":[4,3,4]}}