{"2084":{"Path":["0","0","2084","2084"],"Coordinates":[0.55057917174529514,0.36507515774975574,0.15383135854436625],"Categories":["Myxozyma kluyveri","Myxozyma kluyveri","Myxozyma","Lipomycetaceae","Saccharomycetales"],"Properties":[5,2,1]}}