{"1644":{"Path":["0","0","411","1644"],"Coordinates":[0.5292978872270192,0.65766652820967841,0.69319536556830719],"Categories":["Candida methanolovescens","Candida methanolovescens","Candida","","Saccharomycetales"],"Properties":[5,5,6]}}