{"2124":{"Path":["0","0","2124","2124"],"Coordinates":[0.49401500868890047,0.26241328854707274,0.67459307678515079],"Categories":["Candida tanzawaensis","Candida tanzawaensis","Candida","","Saccharomycetales"],"Properties":[4,2,6]},"2125":{"Path":["0","0","2124","2124"],"Coordinates":[0.49401566745025033,0.262400764944348,0.67461231141074129],"Categories":["Candida tanzawaensis","Candida tanzawaensis","Candida","","Saccharomycetales"],"Properties":[4,2,6]}}