{"3138":{"Path":["0","0","3138","3138"],"Coordinates":[0.45656778818939886,0.37712439631287187,0.3900052046456417],"Categories":["Cryptococcus perniciosus","Cryptococcus perniciosus","Cryptococcus","Tremellaceae","Tremellales"],"Properties":[4,3,3]},"3141":{"Path":["0","0","3138","3141"],"Coordinates":[0.43151012279663731,0.71545413399831048,0.67547343388252956],"Categories":["Cryptococcus nemorosus","Cryptococcus nemorosus","Cryptococcus","Tremellaceae","Tremellales"],"Properties":[4,5,6]}}