{"799":{"Path":["0","0","799","799"],"Coordinates":[0.40071490975829971,0.41113840139656804,0.73208025023804246],"Categories":["Saccharomycopsis selenospora","Saccharomycopsis selenospora","Saccharomycopsis","Saccharomycopsidaceae","Saccharomycetales"],"Properties":[4,3,6]},"1283":{"Path":["0","0","799","1283"],"Coordinates":[0.44066891712719464,0.528666892079972,0.39544529000189715],"Categories":["Candida glaebosa","Candida glaebosa","Candida","","Saccharomycetales"],"Properties":[4,4,3]}}