{"2113":{"Path":["0","0","2113","2113"],"Coordinates":[0.51668261010264127,0.40151137731356779,0.48952115642691996],"Categories":["Rhodotorula ferulica","Rhodotorula ferulica","Rhodotorula","","Sporidiobolales"],"Properties":[5,3,4]}}