{"2500":{"Path":["0","0","1513","2500"],"Coordinates":[0.48392401002380081,0.47546280375671496,0.6061171875505631],"Categories":["Scheffersomyces coipomoensis","Scheffersomyces coipomoensis","Scheffersomyces","Debaryomycetaceae","Saccharomycetales"],"Properties":[4,3,5]}}