{"3915":{"Path":["0","0","3915","3915"],"Coordinates":[0.5872114504101984,0.46269444175148977,0.40161075639232519],"Categories":["Candida suratensis","Candida suratensis","Candida","","Saccharomycetales"],"Properties":[5,3,3]}}