{"2938":{"Path":["0","0","2938","2938"],"Coordinates":[0.10790495812635192,0.395304031337302,0.67228399557988583],"Categories":["Metschnikowia koreensis","Metschnikowia koreensis","Metschnikowia","Metschnikowiaceae","Saccharomycetales"],"Properties":[1,3,6]}}