{"1297":{"Path":["0","0","1297","1297"],"Coordinates":[0.25604315642555192,0.59556442269892873,0.46933276478329633],"Categories":["Candida albicans","Candida albicans","Candida","","Saccharomycetales"],"Properties":[2,4,4]},"2381":{"Path":["0","0","1297","2381"],"Coordinates":[0.34206846012771513,0.50193024671848641,0.625549275214909],"Categories":["Candida dubliniensis","Candida dubliniensis","Candida","","Saccharomycetales"],"Properties":[3,4,5]}}