{"3466":{"Path":["0","0","3466","3466"],"Coordinates":[0.64292544769747983,0.37352387043395735,0.58397948763797136],"Categories":["Dioszegia catarinonii","Dioszegia catarinonii","Dioszegia","Tremellaceae","Tremellales"],"Properties":[6,2,5]},"3530":{"Path":["0","0","3466","3530"],"Coordinates":[0.56287719299609584,0.47177033891372466,0.63727283252329181],"Categories":["Dioszegia athyri","Dioszegia athyri","Dioszegia","Tremellaceae","Tremellales"],"Properties":[5,3,5]}}