{"2395":{"Path":["0","0","2394","2395"],"Coordinates":[0.63719115269146631,0.59744480506532038,0.63144870090017857],"Categories":["Candida succiphila","Candida succiphila","Candida","","Saccharomycetales"],"Properties":[6,4,5]}}