{"2497":{"Path":["0","0","1513","2497"],"Coordinates":[0.66035451813558366,0.65560247253094717,0.53310583949509227],"Categories":["Scheffersomyces coipomoensis","Scheffersomyces coipomoensis","Scheffersomyces","Debaryomycetaceae","Saccharomycetales"],"Properties":[6,5,4]}}