{"1411":{"Path":["0","0","1411","1411"],"Coordinates":[0.26236444067717957,0.3306161493653435,0.72397779203022372],"Categories":["Starmerella bombicola","Starmerella bombicola","Starmerella","Saccharomycetaceae","Saccharomycetales"],"Properties":[2,2,6]}}