{"2964":{"Path":["0","0","2963","2964"],"Coordinates":[0.27056488189444888,0.73112046959330634,0.46633278621767055],"Categories":["Tetrapisispora fleetii","Tetrapisispora fleetii","Tetrapisispora","Saccharomycetaceae","Saccharomycetales"],"Properties":[2,5,4]},"2965":{"Path":["0","0","2963","2964"],"Coordinates":[0.27056310682917745,0.73113554716079954,0.466344926506259],"Categories":["Tetrapisispora fleetii","Tetrapisispora fleetii","Tetrapisispora","Saccharomycetaceae","Saccharomycetales"],"Properties":[2,5,4]}}