{"2842":{"Path":["0","0","2843","2843"],"Coordinates":[0.670258311998494,0.71664608193441326,0.42571151558499037],"Categories":["Candida anutae","Candida anutae","Candida","","Saccharomycetales"],"Properties":[6,5,3]},"2843":{"Path":["0","0","2843","2843"],"Coordinates":[0.670136549483997,0.71662520753779557,0.42552691233302131],"Categories":["Candida anutae","Candida anutae","Candida","","Saccharomycetales"],"Properties":[6,5,3]}}