{"2826":{"Path":["0","0","2826","2826"],"Coordinates":[0.7347780863751795,0.46213847821666248,0.32639537666506013],"Categories":["Tetrapisispora iriomotensis","Tetrapisispora iriomotensis","Tetrapisispora","Saccharomycetaceae","Saccharomycetales"],"Properties":[7,3,2]}}