{"122":{"Path":["0","0","121","122"],"Coordinates":[0.61405106506185025,0.540654161721816,0.57650857687969159],"Categories":["Pichia punctispora","Pichia punctispora","Pichia","Saccharomycetaceae","Saccharomycetales"],"Properties":[6,4,5]}}