{"545":{"Path":["0","545","545","545"],"Coordinates":[0.11908384090705633,0.77406182968378046,0.87114025524580518],"Categories":["Wickerhamomyces bisporus","Wickerhamomyces bisporus","Wickerhamomyces","","Saccharomycetales"],"Properties":[1,6,7]}}