{"1657":{"Path":["0","0","1657","1657"],"Coordinates":[0.55616227724617873,0.35468944116458512,0.56936439157603735],"Categories":["Candida savonica","Candida savonica","Candida","","Saccharomycetales"],"Properties":[5,2,5]}}