{"1770":{"Path":["0","0","1770","1770"],"Coordinates":[0.26321918571845415,0.317050628959025,0.484733445121827],"Categories":["Candida auringiensis","Candida auringiensis","Candida","","Saccharomycetales"],"Properties":[2,2,4]}}