{"4050":{"Path":["0","0","1566","4050"],"Coordinates":[0.448875975349947,0.35767257869164842,0.60817231009890838],"Categories":["Lachancea nothofagi","Lachancea nothofagi","Lachancea","Saccharomycetaceae","Saccharomycetales"],"Properties":[4,2,5]}}