{"814":{"Path":["0","0","814","814"],"Coordinates":[0.27108689254953872,0.489393126212683,0.6238904438024625],"Categories":["Pichia terricola","Pichia terricola","Pichia","Saccharomycetaceae","Saccharomycetales"],"Properties":[2,3,5]}}