{"3228":{"Path":["0","0","3228","3228"],"Coordinates":[0.44025804728034446,0.71615772754406193,0.49665047683429481],"Categories":["Candida khmerensis","Candida khmerensis","Candida","","Saccharomycetales"],"Properties":[4,5,4]}}