{"3258":{"Path":["0","0","3258","3258"],"Coordinates":[0.71682588046364959,0.60824602291882268,0.53550725283040146],"Categories":["Candida emberorum","Candida emberorum","Candida","","Saccharomycetales"],"Properties":[7,4,4]}}