{"3379":{"Path":["0","1615","3379","3379"],"Coordinates":[0.46782633374486132,0.393047807113717,0.33173739213607206],"Categories":["Farysizyma taiwaniana","Farysizyma taiwaniana","Farysizyma","","Ustilaginales"],"Properties":[4,3,2]}}