{"3689":{"Path":["0","0","3689","3689"],"Coordinates":[0.42660868246845918,0.04355706551582629,0.55041877457092092],"Categories":["Candida tetrigidarum","Candida tetrigidarum","Candida","","Saccharomycetales"],"Properties":[4,0,4]}}