{"609":{"Path":["7","32","165","609"],"Coordinates":[-0.44335910444291976,0.44236894558551465,-0.1548600947751469],"Categories":["Candida nitratophila","Candida nitratophila","Candida","","Saccharomycetales"],"Properties":[-4,3,-1]},"3156":{"Path":["7","32","165","609"],"Coordinates":[-0.44548881813845415,0.444438308285172,-0.15554407043505539],"Categories":["Sporidiobolus pararoseus","Sporobolomyces patagonicus","Sporobolomyces","","Sporidiobolales"],"Properties":[-4,3,-1]}}