{"3772":{"Path":["0","0","3774","3772"],"Coordinates":[0.557022028691339,0.6932346653379442,0.73279840173121891],"Categories":["Pichia garciniae","Pichia garciniae","Pichia","Saccharomycetaceae","Saccharomycetales"],"Properties":[5,5,6]},"3773":{"Path":["0","0","3774","3772"],"Coordinates":[0.55701835313967762,0.69324717174375383,0.73280886029607084],"Categories":["Pichia garciniae","Pichia garciniae","Pichia","Saccharomycetaceae","Saccharomycetales"],"Properties":[5,5,6]}}