{"4175":{"Path":["0","0","4175","4175"],"Coordinates":[0.61052442282601671,0.54435314002646373,0.26724697924496515],"Categories":["Candida middelhoveniana","Candida middelhoveniana","Candida","","Saccharomycetales"],"Properties":[6,4,2]}}