{"872":{"Path":["0","0","873","873"],"Coordinates":[0.70606513702029194,0.38906531495983659,0.33172231878635927],"Categories":["Wickerhamomyces strasburgensis","Wickerhamomyces strasburgensis","Wickerhamomyces","","Saccharomycetales"],"Properties":[7,3,2]},"873":{"Path":["0","0","873","873"],"Coordinates":[0.70558429954980006,0.38928953706735403,0.33401048390724508],"Categories":["Wickerhamomyces strasburgensis","Wickerhamomyces strasburgensis","Wickerhamomyces","","Saccharomycetales"],"Properties":[7,3,3]}}