{"1140":{"Path":["0","0","1140","1140"],"Coordinates":[0.66811385791173961,0.030835955872871468,0.53290147466014282],"Categories":["Candida maris","Candida maris","Candida","","Saccharomycetales"],"Properties":[6,0,4]}}