{"528":{"Path":["0","0","528","528"],"Coordinates":[0.53623866318399038,0.66578662554614221,0.65530603205912674],"Categories":["Candida versatilis","Candida versatilis","Candida","","Saccharomycetales"],"Properties":[5,5,5]},"529":{"Path":["0","0","528","529"],"Coordinates":[0.61638038095007686,0.35141362603938059,0.40551891534514978],"Categories":["Candida versatilis","Candida versatilis","Candida","","Saccharomycetales"],"Properties":[6,2,3]}}