{"3776":{"Path":["0","0","3776","3776"],"Coordinates":[0.13991600036709281,0.67690602386038645,0.27047522723111916],"Categories":["Bullera setariae","Bullera setariae","Bullera","Tremellaceae","Tremellales"],"Properties":[1,5,2]}}