{"1334":{"Path":["0","0","1334","1334"],"Coordinates":[0.44744276736235916,0.46926530019906265,0.78910279566332064],"Categories":["Saturnispora zaruensis","Saturnispora zaruensis","Saturnispora","Saccharomycetaceae","Saccharomycetales"],"Properties":[4,3,7]}}