{"149":{"Path":["7","35","149","149"],"Coordinates":[-0.55878877546364025,0.61605737672685668,-0.26227127927103816],"Categories":["Rhodosporidium diobovatum","Rhodotorula mucilaginosa","Rhodotorula","","Sporidiobolales"],"Properties":[-5,4,-2]},"754":{"Path":["7","35","149","754"],"Coordinates":[-0.55701771845277015,0.60207755525950513,-0.26138019363152126],"Categories":["Trichosporon asahii","Trichosporon asahii","Trichosporon","Trichosporonaceae","Tremellales"],"Properties":[-5,4,-2]}}