{"4018":{"Path":["0","0","4017","4018"],"Coordinates":[0.68202607553954964,0.43380577526255504,0.20713503507019793],"Categories":["Candida kaohsiungensis","Candida kaohsiungensis","Candida","","Saccharomycetales"],"Properties":[6,3,1]}}