{"1380":{"Path":["0","0","1380","1380"],"Coordinates":[0.63591534485409451,0.58452676664336323,0.54645189803247962],"Categories":["Candida grinbergsii","Candida grinbergsii","Candida","","Saccharomycetales"],"Properties":[6,4,4]}}