{"4151":{"Path":["0","0","4149","4151"],"Coordinates":[0.71590567871430755,0.1347981557525289,0.42610115111283564],"Categories":["Wickerhamomyces tratensis","Wickerhamomyces tratensis","Wickerhamomyces","","Saccharomycetales"],"Properties":[7,1,3]}}