{"3004":{"Path":["0","0","3003","3004"],"Coordinates":[0.61371509558175485,0.3801186782894948,0.678218952854644],"Categories":["Metschnikowia dekortorum","Metschnikowia dekortorum","Metschnikowia","Metschnikowiaceae","Saccharomycetales"],"Properties":[6,3,6]}}