{"7":{"Path":["7","7","7","7"],"Coordinates":[-0.52279178999295384,0.5300988168448294,-0.16745541258346214],"Categories":["Dekkera bruxellensis","Dekkera bruxellensis","Dekkera","Saccharomycetaceae","Saccharomycetales"],"Properties":[-5,4,-1]},"81":{"Path":["7","7","81","81"],"Coordinates":[-0.50127532329896674,0.56052939464565543,-0.1494100644603811],"Categories":["Candida gropengiesseri","Candida gropengiesseri","Candida","","Saccharomycetales"],"Properties":[-5,4,-1]}}