{"1034":{"Path":["0","0","1034","1034"],"Coordinates":[0.41966543249599769,0.43668995637411279,0.33391502064405754],"Categories":["Cryptococcus terricola","Cryptococcus terricola","Cryptococcus","Tremellaceae","Tremellales"],"Properties":[4,3,3]}}