{"4039":{"Path":["0","0","4040","4039"],"Coordinates":[0.30709841569592622,0.68233060096360232,0.53658103754954545],"Categories":["Clavispora reshetovae","Clavispora reshetovae","Clavispora","Metschnikowiaceae","Saccharomycetales"],"Properties":[3,5,4]}}