{"2826":{"Path":["0","0","2826","2826"],"Coordinates":[0.65921619821298238,0.16647902842430892,0.4325442630999749],"Categories":["Tetrapisispora iriomotensis","Tetrapisispora iriomotensis","Tetrapisispora","Saccharomycetaceae","Saccharomycetales"],"Properties":[6,1,3]}}