{"257":{"Path":["3","36","127","257"],"Coordinates":[-0.22975149573024004,0.18756923439535242,-0.24678101184086734],"Categories":["Hanseniaspora valbyensis","Hanseniaspora valbyensis","Hanseniaspora","Saccharomycodaceae","Saccharomycetales"],"Properties":[-2,1,-2]},"3936":{"Path":["3","36","127","257"],"Coordinates":[-0.22886282831793003,0.1891676925238176,-0.24415504667667337],"Categories":["Glaciozyma watsonii","Glaciozyma watsonii","Glaciozyma","",""],"Properties":[-2,1,-2]}}