{"1539":{"Path":["0","0","930","1539"],"Coordinates":[0.47915008389906422,0.48503063945370983,0.54800982148118693],"Categories":["Ambrosiozyma philentoma","Ambrosiozyma philentoma","Ambrosiozyma","","Saccharomycetales"],"Properties":[4,3,4]}}