{"2319":{"Path":["0","0","2319","2319"],"Coordinates":[0.66698411365173527,0.59144483746950982,0.40011435748182578],"Categories":["Sporobolomyces dimennae","Sporobolomyces dimennae","Sporobolomyces","","Sporidiobolales"],"Properties":[6,4,3]}}