{"2870":{"Path":["0","0","3084","2870"],"Coordinates":[0.49202967670278919,0.77998956207380088,0.80949636600580277],"Categories":["Candida ponderosae","Candida ponderosae","Candida","","Saccharomycetales"],"Properties":[4,6,7]}}