{"3803":{"Path":["0","0","37","3804"],"Coordinates":[0.1786384670151257,0.39374385876464557,0.77175211924168374],"Categories":["Derxomyces boekhoutii","Derxomyces boekhoutii","Derxomyces","","Tremellales"],"Properties":[1,3,6]},"3804":{"Path":["0","0","37","3804"],"Coordinates":[0.17920449863531987,0.39453719283172317,0.77197623810067328],"Categories":["Derxomyces boekhoutii","Derxomyces boekhoutii","Derxomyces","","Tremellales"],"Properties":[1,3,6]}}