{"1617":{"Path":["0","0","1617","1617"],"Coordinates":[0.037988293286636408,0.4833187358099475,0.12071195079974836],"Categories":["Kurtzmanomyces nectairei","Kurtzmanomyces nectairei","Kurtzmanomyces","Chionosphaeraceae","Agaricostilbales"],"Properties":[0,3,1]}}