{"864":{"Path":["0","0","864","864"],"Coordinates":[0.68097206472365956,0.38222324948887981,0.75472925523534218],"Categories":["Nakazawaea wickerhamii","Nakazawaea wickerhamii","Nakazawaea","Saccharomycetaceae","Saccharomycetales"],"Properties":[6,3,6]}}