{"549":{"Path":["0","0","549","549"],"Coordinates":[0.51882301461997749,0.40012825883452768,0.43100973229132722],"Categories":["Trichosporon debeurmannianum","Trichosporon debeurmannianum","Trichosporon","Trichosporonaceae","Tremellales"],"Properties":[5,3,3]}}