{"2111":{"Path":["0","0","1085","2112"],"Coordinates":[0.55020567542930154,0.3596710498238932,0.38794736340708019],"Categories":["Candida mucifera","Candida mucifera","Candida","","Saccharomycetales"],"Properties":[5,2,3]},"2112":{"Path":["0","0","1085","2112"],"Coordinates":[0.55257110452279845,0.35922952232590005,0.38615577230634884],"Categories":["Candida mucifera","Candida mucifera","Candida","","Saccharomycetales"],"Properties":[5,2,3]}}