{"1589":{"Path":["0","0","1589","1589"],"Coordinates":[0.47016507441763017,0.51263386855684256,0.58411717977142552],"Categories":["Cystofilobasidium capitatum","Cystofilobasidium capitatum","Cystofilobasidium","Cystofilobasidiaceae","Cystofilobasidiales"],"Properties":[4,4,5]}}