{"3623":{"Path":["0","0","3620","3623"],"Coordinates":[0.48421122556785134,0.5961391017716785,0.60839400747766514],"Categories":["Candida pinicola","Candida pinicola","Candida","","Saccharomycetales"],"Properties":[4,4,5]}}