{"3488":{"Path":["0","2609","3488","3488"],"Coordinates":[0.41979071079937713,0.45361376884457427,0.85442426234806945],"Categories":["Pseudozyma shanxiensis","Pseudozyma shanxiensis","Pseudozyma","Ustilaginaceae","Ustilaginales"],"Properties":[4,3,7]},"3489":{"Path":["0","2609","3488","3488"],"Coordinates":[0.41325773676871236,0.45437964429199057,0.85681877380423432],"Categories":["Pseudozyma shanxiensis","Pseudozyma shanxiensis","Pseudozyma","Ustilaginaceae","Ustilaginales"],"Properties":[4,3,7]}}