{"2111":{"Path":["0","0","1085","2112"],"Coordinates":[0.48929746957292369,0.70225630865613231,0.45155752172478425],"Categories":["Candida mucifera","Candida mucifera","Candida","","Saccharomycetales"],"Properties":[4,5,4]},"2112":{"Path":["0","0","1085","2112"],"Coordinates":[0.49164278733583627,0.70292449306146654,0.44981023405773141],"Categories":["Candida mucifera","Candida mucifera","Candida","","Saccharomycetales"],"Properties":[4,5,4]}}