{"2866":{"Path":["2866","2866","2866","2866"],"Coordinates":[1.0943934955346597,0.25655632651442029,0.94584157967964866],"Categories":["Danielozyma litseae","Danielozyma litseae","Danielozyma","",""],"Properties":[0,2,8]}}