{"722":{"Path":["0","0","722","722"],"Coordinates":[0.55849634790367275,0.467533678804406,0.51648140481153582],"Categories":["Hyphopichia burtonii","Hyphopichia burtonii","Hyphopichia","Saccharomycetaceae","Saccharomycetales"],"Properties":[5,3,4]}}