{"3543":{"Path":["0","0","3543","3543"],"Coordinates":[0.52029303980775077,0.43283097966644468,0.51226085047638159],"Categories":["Candida alimentaria","Candida alimentaria","Candida","","Saccharomycetales"],"Properties":[5,3,4]}}