{"3418":{"Path":["0","2609","3418","3418"],"Coordinates":[0.29718885950088719,0.796858110529738,0.50830025890792374],"Categories":["Pseudozyma alboarmeniaca","Pseudozyma alboarmeniaca","Pseudozyma","Ustilaginaceae","Ustilaginales"],"Properties":[2,6,4]}}