{"2922":{"Path":["0","0","2922","2922"],"Coordinates":[0.37319776523146575,0.27599346997656871,0.37709444683886073],"Categories":["Candida galis","Candida galis","Candida","","Saccharomycetales"],"Properties":[3,2,3]},"2923":{"Path":["0","0","2922","2922"],"Coordinates":[0.37245701900887174,0.275748884425558,0.37772012482468903],"Categories":["Candida galis","Candida galis","Candida","","Saccharomycetales"],"Properties":[3,2,3]}}