{"429":{"Path":["6","47","104","429"],"Coordinates":[-0.25857252895327515,0.28096870124626089,-0.02966632000970431],"Categories":["Torulaspora globosa","Torulaspora globosa","Torulaspora","Saccharomycetaceae","Saccharomycetales"],"Properties":[-2,2,0]},"3273":{"Path":["6","47","104","429"],"Coordinates":[-0.26231196654056488,0.28196118916640367,-0.025406729313223016],"Categories":["Candida panamericana","Candida panamericana","Candida","","Saccharomycetales"],"Properties":[-2,2,0]}}