{"60":{"Path":["0","0","60","60"],"Coordinates":[0.33485697363787781,0.582469991354998,0.644265973082327],"Categories":["Cryptococcus laurentii","Cryptococcus laurentii","Cryptococcus","Tremellaceae","Tremellales"],"Properties":[3,4,5]},"61":{"Path":["0","0","60","60"],"Coordinates":[0.33439156421578548,0.58363886981449253,0.64463018920433368],"Categories":["Cryptococcus laurentii","Cryptococcus laurentii","Cryptococcus","Tremellaceae","Tremellales"],"Properties":[3,4,5]},"62":{"Path":["0","0","60","60"],"Coordinates":[0.33477411959067743,0.58353486451288394,0.645004129578589],"Categories":["Cryptococcus laurentii","Cryptococcus laurentii","Cryptococcus","Tremellaceae","Tremellales"],"Properties":[3,4,5]},"63":{"Path":["0","0","60","60"],"Coordinates":[0.33426200682531776,0.58355740428981018,0.6443982886689551],"Categories":["Cryptococcus laurentii","Cryptococcus laurentii","Cryptococcus","Tremellaceae","Tremellales"],"Properties":[3,4,5]},"64":{"Path":["0","0","60","60"],"Coordinates":[0.33443086128262484,0.583712708360849,0.64472526648878081],"Categories":["Cryptococcus laurentii","Cryptococcus laurentii","Cryptococcus","Tremellaceae","Tremellales"],"Properties":[3,4,5]},"65":{"Path":["0","0","60","60"],"Coordinates":[0.3345814517739083,0.58304278785478625,0.64438466773706249],"Categories":["Cryptococcus laurentii","Cryptococcus laurentii","Cryptococcus","Tremellaceae","Tremellales"],"Properties":[3,4,5]},"66":{"Path":["0","0","60","60"],"Coordinates":[0.33564515660054661,0.58021175694351579,0.643441021543913],"Categories":["Cryptococcus laurentii","Cryptococcus laurentii","Cryptococcus","Tremellaceae","Tremellales"],"Properties":[3,4,5]},"67":{"Path":["0","0","60","60"],"Coordinates":[0.33692980903644582,0.58306689842111215,0.64725104758006669],"Categories":["Cryptococcus laurentii","Cryptococcus laurentii","Cryptococcus","Tremellaceae","Tremellales"],"Properties":[3,4,5]}}