{"3853":{"Path":["0","0","3853","3853"],"Coordinates":[0.32097772002237124,0.45257952481072439,0.24937491421738556],"Categories":["Candida asiatica","Candida asiatica","Candida","","Saccharomycetales"],"Properties":[3,3,2]}}