{"53":{"Path":["0","55","53","53"],"Coordinates":[0.61900256543965693,0.4791833404126537,0.29026553767271923],"Categories":["Candida glabrata","Candida glabrata","Candida","","Saccharomycetales"],"Properties":[6,3,2]}}