{"2870":{"Path":["0","0","3084","2870"],"Coordinates":[0.44460488897938216,0.83467171211992175,0.2631815276462966],"Categories":["Candida ponderosae","Candida ponderosae","Candida","","Saccharomycetales"],"Properties":[4,6,2]}}