{"56":{"Path":["0","56","56","56"],"Coordinates":[0.48771313619551843,0.5248129992536823,0.86034647792715646],"Categories":["Candida glabrata","Candida glabrata","Candida","","Saccharomycetales"],"Properties":[4,4,7]}}