{"68":{"Path":["3","23","68","68"],"Coordinates":[-0.30523674032987763,0.26100594373400915,-0.16918260153966136],"Categories":["Cryptococcus magnus","Cryptococcus magnus","Cryptococcus","Tremellaceae","Tremellales"],"Properties":[-3,2,-1]},"2284":{"Path":["3","23","68","68"],"Coordinates":[-0.30270120692633212,0.25977212853943132,-0.16708403497958768],"Categories":["Saccharomycopsis fermentans","Saccharomycopsis fermentans","Saccharomycopsis","Saccharomycopsidaceae","Saccharomycetales"],"Properties":[-3,2,-1]}}