{"4148":{"Path":["0","0","4148","4148"],"Coordinates":[0.58089052191664181,0.36078700102193917,0.39928672174633462],"Categories":["Trichosporon vanderwaltii","Trichosporon vanderwaltii","Trichosporon","Trichosporonaceae","Tremellales"],"Properties":[5,2,3]}}