{"960":{"Path":["0","960","960","960"],"Coordinates":[0.51165157661063831,0.44726743448149209,0.369400435583767],"Categories":["Candida norvegica","Candida norvegica","Candida","","Saccharomycetales"],"Properties":[5,3,3]}}