{"1636":{"Path":["0","0","1636","1636"],"Coordinates":[0.69509179091748885,0.63410797492526816,0.84183440468016668],"Categories":["Saccharomycopsis crataegensis","Saccharomycopsis crataegensis","Saccharomycopsis","Saccharomycopsidaceae","Saccharomycetales"],"Properties":[6,5,7]}}