{"3652":{"Path":["0","0","60","3653"],"Coordinates":[0.53978909818416287,0.38608436944907915,0.5275812481410288],"Categories":["Cryptococcus rajasthanensis","Cryptococcus rajasthanensis","Cryptococcus","Tremellaceae","Tremellales"],"Properties":[5,3,4]},"3653":{"Path":["0","0","60","3653"],"Coordinates":[0.53773840763534864,0.38522348996492722,0.52200867649171179],"Categories":["Cryptococcus rajasthanensis","Cryptococcus rajasthanensis","Cryptococcus","Tremellaceae","Tremellales"],"Properties":[5,3,4]}}