{"3522":{"Path":["0","0","1277","3522"],"Coordinates":[0.681766093469267,0.70747749939785165,0.46649662698016331],"Categories":["Blastobotrys robertii","Blastobotrys robertii","Blastobotrys","Trichomonascaceae","Saccharomycetales"],"Properties":[6,5,4]},"4140":{"Path":["0","0","1277","3522"],"Coordinates":[0.68437133491899116,0.70693353534745318,0.46503795136040349],"Categories":["Blastobotrys robertii","Pichia koratensis","Pichia","Saccharomycetaceae","Saccharomycetales"],"Properties":[6,5,4]}}