{"3184":{"Path":["0","0","3184","3184"],"Coordinates":[0.19699150835376969,0.37267731753556055,0.86212883707030663],"Categories":["Kazachstania bovina","Kazachstania bovina","Kazachstania","Saccharomycetaceae","Saccharomycetales"],"Properties":[1,2,7]}}