{"940":{"Path":["0","0","940","940"],"Coordinates":[0.58936910918578878,0.42725625825399555,0.48601233015204948],"Categories":["Dioszegia hungarica","Dioszegia hungarica","Dioszegia","Tremellaceae","Tremellales"],"Properties":[5,3,4]},"944":{"Path":["0","0","940","944"],"Coordinates":[0.46501621190016773,0.29056417434290982,0.70242632830098528],"Categories":["Dioszegia hungarica","Dioszegia hungarica","Dioszegia","Tremellaceae","Tremellales"],"Properties":[4,2,6]}}