{"2102":{"Path":["0","0","2102","2102"],"Coordinates":[0.37564973216412978,0.64929171752572,0.45539536394313979],"Categories":["Sporobolomyces falcatus","Sporobolomyces falcatus","Sporobolomyces","","Sporidiobolales"],"Properties":[3,5,4]}}