{"912":{"Path":["0","0","912","912"],"Coordinates":[0.45463179690433786,0.67642481480967509,0.43837884017927731],"Categories":["Trigonopsis vinaria","Trigonopsis vinaria","Trigonopsis","","Saccharomycetales"],"Properties":[4,5,3]}}