{"377":{"Path":["0","0","377","377"],"Coordinates":[0.55435405038156127,0.58175433753094452,0.66578909704443878],"Categories":["Zygosaccharomyces bisporus","Zygosaccharomyces bisporus","Zygosaccharomyces","Saccharomycetaceae","Saccharomycetales"],"Properties":[5,4,5]}}