{"4169":{"Path":["0","0","4169","4169"],"Coordinates":[0.51673873397092962,0.40843326432924915,0.43443486574857082],"Categories":["Candida hungchunana","Candida hungchunana","Candida","","Saccharomycetales"],"Properties":[5,3,3]}}