{"557":{"Path":["0","557","557","557"],"Coordinates":[0.12241938491728843,0.1024475049156371,0.20634413235214275],"Categories":["Candida blankii","Candida blankii","Candida","","Saccharomycetales"],"Properties":[1,0,1]}}