{"1800":{"Path":["0","0","1800","1800"],"Coordinates":[0.812502648778431,0.55996670173392571,0.64156851113575264],"Categories":["Wickerhamomyces alni","Wickerhamomyces alni","Wickerhamomyces","","Saccharomycetales"],"Properties":[8,4,5]}}