{"833":{"Path":["0","0","833","833"],"Coordinates":[0.52605965447804548,0.46723201635584904,0.56321918919082681],"Categories":["Kluyveromyces wickerhamii","Kluyveromyces wickerhamii","Kluyveromyces","Saccharomycetaceae","Saccharomycetales"],"Properties":[5,3,5]}}