{"1968":{"Path":["0","0","1968","1968"],"Coordinates":[0.25008312447273484,0.61359256551613739,0.41687642546915971],"Categories":["Myxozyma geophila","Myxozyma geophila","Myxozyma","Lipomycetaceae","Saccharomycetales"],"Properties":[2,4,3]},"1969":{"Path":["0","0","1968","1968"],"Coordinates":[0.25179783099136643,0.614166177259078,0.41602158564596275],"Categories":["Myxozyma geophila","Myxozyma geophila","Myxozyma","Lipomycetaceae","Saccharomycetales"],"Properties":[2,4,3]}}