{"4002":{"Path":["0","0","4002","4002"],"Coordinates":[0.12306746256236587,0.4055463577943148,0.72398184910912922],"Categories":["Candida laemsonensis","Candida laemsonensis","Candida","","Saccharomycetales"],"Properties":[1,3,6]}}