{"394":{"Path":["0","0","394","394"],"Coordinates":[0.45677663071118346,0.50218084265564267,0.50599847390275654],"Categories":["Kluyveromyces marxianus","Kluyveromyces marxianus","Kluyveromyces","Saccharomycetaceae","Saccharomycetales"],"Properties":[4,4,4]},"636":{"Path":["0","0","394","636"],"Coordinates":[0.46094926886309756,0.47234846322928858,0.29070229899625077],"Categories":["Kluyveromyces dobzhanskii","Kluyveromyces dobzhanskii","Kluyveromyces","Saccharomycetaceae","Saccharomycetales"],"Properties":[4,3,2]}}