{"2750":{"Path":["0","0","2749","2750"],"Coordinates":[0.71952098184036506,0.50002999075805454,0.24338775455820491],"Categories":["Bullera penniseticola","Bullera penniseticola","Bullera","Tremellaceae","Tremellales"],"Properties":[7,4,2]},"2751":{"Path":["0","0","2749","2750"],"Coordinates":[0.71953714550924353,0.50003373589119282,0.24339292933975484],"Categories":["Bullera penniseticola","Bullera penniseticola","Bullera","Tremellaceae","Tremellales"],"Properties":[7,4,2]}}