{"1413":{"Path":["0","0","0","1413"],"Coordinates":[0.69784668114264925,0.50163448237992969,0.67924189773291432],"Categories":["Rhodosporidium toruloides","Rhodosporidium toruloides","Rhodosporidium","","Sporidiales"],"Properties":[6,4,6]}}