{"268":{"Path":["1","17","17","268"],"Coordinates":[-0.4281118467812855,0.14705288552375737,-0.29928505690642065],"Categories":["Sporobolomyces roseus","Sporobolomyces roseus","Sporobolomyces","","Sporidiobolales"],"Properties":[-4,1,-2]},"1995":{"Path":["1","17","17","268"],"Coordinates":[-0.4235128947674649,0.14923849157625416,-0.2981634515981979],"Categories":["Sporobolomyces oryzicola","Sporobolomyces oryzicola","Sporobolomyces","","Sporidiobolales"],"Properties":[-4,1,-2]}}