{"3797":{"Path":["0","0","3797","3797"],"Coordinates":[0.63912053436136129,0.54029680996327079,0.547640483400549],"Categories":["Candida ruelliae","Candida ruelliae","Candida","","Saccharomycetales"],"Properties":[6,4,4]},"3887":{"Path":["0","0","3797","3887"],"Coordinates":[0.40679254668149278,0.84557969505317154,0.66584289442141265],"Categories":["Ambrosiozyma pseudovanderkliftii","Ambrosiozyma pseudovanderkliftii","Ambrosiozyma","","Saccharomycetales"],"Properties":[4,6,5]}}