{"3795":{"Path":["0","0","155","3795"],"Coordinates":[0.57394062608746454,0.34244144161143797,0.56029183664619975],"Categories":["Cryptococcus terrestris","Cryptococcus terrestris","Cryptococcus","Tremellaceae","Tremellales"],"Properties":[5,2,5]}}