{"4172":{"Path":["0","0","4172","4172"],"Coordinates":[0.45336266268481423,0.19139064477605289,0.74890178396520246],"Categories":["Candida takata","Candida takata","Candida","","Saccharomycetales"],"Properties":[4,1,6]}}