{"3808":{"Path":["0","0","1178","3808"],"Coordinates":[0.24522242105413783,0.81286482287498363,0.421432965506357],"Categories":["Mrakia psychrophila","Mrakia psychrophila","Mrakia","Cystofilobasidiaceae","Cystofilobasidiales"],"Properties":[2,6,3]},"3810":{"Path":["0","0","1178","3808"],"Coordinates":[0.24518418460347102,0.81288706088791218,0.42141534113918122],"Categories":["Mrakia psychrophila","Mrakia psychrophila","Mrakia","Cystofilobasidiaceae","Cystofilobasidiales"],"Properties":[2,6,3]}}