{"4":{"Path":["0","0","8","8"],"Coordinates":[0.38672531744626953,0.53470250347375692,0.37295668210045169],"Categories":["Dekkera bruxellensis","Dekkera bruxellensis","Dekkera","Saccharomycetaceae","Saccharomycetales"],"Properties":[3,4,3]},"5":{"Path":["0","0","8","8"],"Coordinates":[0.389036375475712,0.53401354836694681,0.37117039777335287],"Categories":["Dekkera bruxellensis","Dekkera bruxellensis","Dekkera","Saccharomycetaceae","Saccharomycetales"],"Properties":[3,4,3]},"6":{"Path":["0","0","8","8"],"Coordinates":[0.38928375255854203,0.53398221668559542,0.3713155779926347],"Categories":["Dekkera bruxellensis","Dekkera bruxellensis","Dekkera","Saccharomycetaceae","Saccharomycetales"],"Properties":[3,4,3]},"7":{"Path":["0","0","8","8"],"Coordinates":[0.38886286425770394,0.53401457917521267,0.37153701460772309],"Categories":["Dekkera bruxellensis","Dekkera bruxellensis","Dekkera","Saccharomycetaceae","Saccharomycetales"],"Properties":[3,4,3]},"8":{"Path":["0","0","8","8"],"Coordinates":[0.38849666424111723,0.534154145249862,0.37165483457776088],"Categories":["Dekkera bruxellensis","Dekkera bruxellensis","Dekkera","Saccharomycetaceae","Saccharomycetales"],"Properties":[3,4,3]},"9":{"Path":["0","0","8","8"],"Coordinates":[0.3889061001562289,0.53397165639286448,0.37173132891225408],"Categories":["Dekkera bruxellensis","Dekkera bruxellensis","Dekkera","Saccharomycetaceae","Saccharomycetales"],"Properties":[3,4,3]},"10":{"Path":["0","0","8","8"],"Coordinates":[0.38885308061788115,0.53405645534719937,0.37162183743715832],"Categories":["Dekkera bruxellensis","Dekkera bruxellensis","Dekkera","Saccharomycetaceae","Saccharomycetales"],"Properties":[3,4,3]},"11":{"Path":["0","0","8","8"],"Coordinates":[0.38877416140890919,0.53404341195796945,0.37152687578725313],"Categories":["Dekkera bruxellensis","Dekkera bruxellensis","Dekkera","Saccharomycetaceae","Saccharomycetales"],"Properties":[3,4,3]},"16":{"Path":["0","0","8","8"],"Coordinates":[0.38597816544306168,0.53474368909889081,0.37440282910570116],"Categories":["Dekkera bruxellensis","Dekkera bruxellensis","Dekkera","Saccharomycetaceae","Saccharomycetales"],"Properties":[3,4,3]}}