{"3083":{"Path":["0","0","3983","3983"],"Coordinates":[0.3695918920132451,0.4476431757665244,0.57208417589199345],"Categories":["Wickerhamomyces patagonicus","Komagataella pseudopastoris","Komagataella","Saccharomycetaceae","Saccharomycetales"],"Properties":[3,3,5]},"3983":{"Path":["0","0","3983","3983"],"Coordinates":[0.25621427102068,0.46367008323227238,0.64858149369903328],"Categories":["Wickerhamomyces patagonicus","Wickerhamomyces patagonicus","Wickerhamomyces","","Saccharomycetales"],"Properties":[2,3,5]}}