{"4063":{"Path":["0","0","4063","4063"],"Coordinates":[0.54422741466518865,0.48413582872843314,0.74389013507565516],"Categories":["Candida pattaniensis","Candida pattaniensis","Candida","","Saccharomycetales"],"Properties":[5,3,6]},"4064":{"Path":["0","0","4063","4064"],"Coordinates":[0.55845450084698878,0.48553470297778695,0.74574123366940626],"Categories":["Candida pattaniensis","Candida pattaniensis","Candida","","Saccharomycetales"],"Properties":[5,3,6]}}