{"1783":{"Path":["0","0","1784","1783"],"Coordinates":[0.40173905905799412,0.59519810956572206,0.47548233219216635],"Categories":["Pichia heedii","Pichia heedii","Pichia","Saccharomycetaceae","Saccharomycetales"],"Properties":[4,4,4]}}