{"1103":{"Path":["0","0","1103","1103"],"Coordinates":[0.80585238443770857,0.48102527050430061,0.64542223134587129],"Categories":["Candida oregonensis","Candida oregonensis","Candida","","Saccharomycetales"],"Properties":[8,3,5]}}