{"4030":{"Path":["0","0","4030","4030"],"Coordinates":[0.53617945926952382,0.334686861879689,0.5799498844857669],"Categories":["Candida palmyrensis","Candida palmyrensis","Candida","","Saccharomycetales"],"Properties":[5,2,5]}}