{"3605":{"Path":["0","0","3523","3605"],"Coordinates":[0.713685696398343,0.41493417521547032,0.32658641761764712],"Categories":["Blastobotrys muscicola","Blastobotrys muscicola","Blastobotrys","Trichomonascaceae","Saccharomycetales"],"Properties":[7,3,2]}}