{"2406":{"Path":["0","2406","2406","2406"],"Coordinates":[0.65494166012857735,0.44306631448539446,0.38365243336633614],"Categories":["Candida montana","Candida montana","Candida","","Saccharomycetales"],"Properties":[6,3,3]},"2407":{"Path":["0","2406","2406","2406"],"Coordinates":[0.65495830607499872,0.44305894666978629,0.38365009638413777],"Categories":["Candida montana","Candida montana","Candida","","Saccharomycetales"],"Properties":[6,3,3]}}