{"3261":{"Path":["0","0","3262","3261"],"Coordinates":[0.65877626749001572,0.365178524278091,0.4070493796078079],"Categories":["Candida wounanorum","Candida wounanorum","Candida","","Saccharomycetales"],"Properties":[6,2,3]}}