{"4135":{"Path":["0","0","4135","4135"],"Coordinates":[0.66063369878484557,0.42054518374114819,0.40582284407638985],"Categories":["Candida wancherniae","Candida wancherniae","Candida","","Saccharomycetales"],"Properties":[6,3,3]},"4136":{"Path":["0","0","4135","4136"],"Coordinates":[0.64971566984984508,0.39453133842266369,0.42104565586606985],"Categories":["Candida wancherniae","Candida wancherniae","Candida","","Saccharomycetales"],"Properties":[6,3,3]}}