{"2681":{"Path":["0","0","2681","2681"],"Coordinates":[0.31275720867459927,0.46289575941819588,0.49452468680495926],"Categories":["Candida tammaniensis","Candida tammaniensis","Candida","","Saccharomycetales"],"Properties":[3,3,4]},"2682":{"Path":["0","0","2681","2681"],"Coordinates":[0.31275979901116852,0.46290402489150762,0.49451170267779815],"Categories":["Candida tammaniensis","Candida tammaniensis","Candida","","Saccharomycetales"],"Properties":[3,3,4]}}