{"3257":{"Path":["0","0","3257","3257"],"Coordinates":[0.47660990974597117,0.48569023845582826,0.15383547828629846],"Categories":["Candida terraborum","Candida terraborum","Candida","","Saccharomycetales"],"Properties":[4,3,1]}}