{"822":{"Path":["0","0","822","822"],"Coordinates":[0.45994297941794959,0.47575714994170271,0.64288090513949692],"Categories":["Kazachstania telluris","Kazachstania telluris","Kazachstania","Saccharomycetaceae","Saccharomycetales"],"Properties":[4,3,5]}}