{"2315":{"Path":["0","0","2315","2315"],"Coordinates":[0.438267740496701,0.634358711643387,0.31242070665785243],"Categories":["Sporobolomyces novazealandicus","Sporobolomyces novazealandicus","Sporobolomyces","","Sporidiobolales"],"Properties":[4,5,2]}}