{"1845":{"Path":["0","0","1842","1845"],"Coordinates":[0.39168535458504206,0.53910242428669231,0.49914882765169943],"Categories":["Yamadazyma mexicana","Yamadazyma mexicana","Yamadazyma","Saccharomycetaceae","Saccharomycetales"],"Properties":[3,4,4]},"1846":{"Path":["0","0","1842","1845"],"Coordinates":[0.39166859120336628,0.53910821105380835,0.49915669876606683],"Categories":["Yamadazyma mexicana","Yamadazyma mexicana","Yamadazyma","Saccharomycetaceae","Saccharomycetales"],"Properties":[3,4,4]}}