{"1607":{"Path":["0","0","1607","1607"],"Coordinates":[0.59038494014925147,0.64827697298999765,0.13950382430215244],"Categories":["Candida fructus","Candida fructus","Candida","","Saccharomycetales"],"Properties":[5,5,1]}}