{"1467":{"Path":["0","0","1466","1467"],"Coordinates":[0.33520792229389645,0.44551723234225166,0.6811894517225614],"Categories":["Ogataea philodendra","Ogataea philodendra","Ogataea","Saccharomycetaceae","Saccharomycetales"],"Properties":[3,3,6]}}