{"555":{"Path":["0","0","555","555"],"Coordinates":[0.74378341106914647,0.54894177563019775,0.6944654067943653],"Categories":["Candida blankii","Candida blankii","Candida","","Saccharomycetales"],"Properties":[7,4,6]},"556":{"Path":["0","0","555","555"],"Coordinates":[0.74379242684933433,0.54895722094247612,0.69447131044387878],"Categories":["Candida blankii","Candida blankii","Candida","","Saccharomycetales"],"Properties":[7,4,6]}}