{"170":{"Path":["0","0","170","170"],"Coordinates":[0.39840619833753987,0.66308478866418175,0.63908875600247628],"Categories":["Cryptococcus flavus","Cryptococcus flavus","Cryptococcus","Tremellaceae","Tremellales"],"Properties":[3,5,5]},"171":{"Path":["0","0","170","170"],"Coordinates":[0.39840429640613023,0.66309421940924607,0.63910113715733108],"Categories":["Cryptococcus flavus","Cryptococcus flavus","Cryptococcus","Tremellaceae","Tremellales"],"Properties":[3,5,5]}}