{"2672":{"Path":["0","0","2672","2672"],"Coordinates":[0.60823390540477051,0.43706335823991882,0.41765906288050592],"Categories":["Kodamaea anthophila","Kodamaea anthophila","Kodamaea","Saccharomycetaceae","Saccharomycetales"],"Properties":[6,3,3]}}