{"960":{"Path":["0","960","960","960"],"Coordinates":[0.51165157661063831,0.44726743448149209,0.369400435583767],"Categories":["Candida norvegica","Candida norvegica","Candida","","Saccharomycetales"],"Properties":[5,3,3]},"961":{"Path":["0","960","960","960"],"Coordinates":[0.513451998833854,0.44655376878884817,0.36989959599665567],"Categories":["Candida norvegica","Candida norvegica","Candida","","Saccharomycetales"],"Properties":[5,3,3]}}