{"4052":{"Path":["0","0","4052","4052"],"Coordinates":[0.96786644909742858,0.41148420780338663,0.67891666299287956],"Categories":["Candida rishirensis","Candida rishirensis","Candida","","Saccharomycetales"],"Properties":[9,3,6]}}