{"2749":{"Path":["0","0","2749","2749"],"Coordinates":[0.7976565104973411,0.84952299105490792,0.42613906563565912],"Categories":["Bullera penniseticola","Bullera penniseticola","Bullera","Tremellaceae","Tremellales"],"Properties":[7,6,3]},"2750":{"Path":["0","0","2749","2750"],"Coordinates":[0.7242136322485655,0.72539155659047339,0.49287106553956561],"Categories":["Bullera penniseticola","Bullera penniseticola","Bullera","Tremellaceae","Tremellales"],"Properties":[7,5,4]}}