{"1432":{"Path":["0","0","1435","1432"],"Coordinates":[0.61492448050897541,0.69925625591614193,0.47994829928423277],"Categories":["Candida naeodendra","Candida naeodendra","Candida","","Saccharomycetales"],"Properties":[6,5,4]}}