{"3865":{"Path":["0","0","2519","3865"],"Coordinates":[0.589631444772545,0.26583196105177115,0.65218163257239459],"Categories":["Vanderwaltozyma verrucispora","Vanderwaltozyma verrucispora","Vanderwaltozyma","Saccharomycetaceae","Saccharomycetales"],"Properties":[5,2,5]}}