{"1497":{"Path":["0","0","1497","1497"],"Coordinates":[0.31128417406719394,0.73185164674308223,0.26317503408518106],"Categories":["Starmera dryadoides","Starmera dryadoides","Starmera","Phaffomycetaceae","Saccharomycetales"],"Properties":[3,5,2]},"1498":{"Path":["0","0","1497","1498"],"Coordinates":[0.31594581687842682,0.73827309892143556,0.25892836635087907],"Categories":["Starmera dryadoides","Starmera dryadoides","Starmera","Phaffomycetaceae","Saccharomycetales"],"Properties":[3,5,2]}}