{"847":{"Path":["7","26","63","847"],"Coordinates":[-0.53945708579581608,0.5407700118558324,-0.092600185388529932],"Categories":["Rhodotorula glutinis","Rhodotorula graminis","Rhodotorula","","Sporidiobolales"],"Properties":[-5,4,0]},"3104":{"Path":["7","26","63","847"],"Coordinates":[-0.53885578580859128,0.53798350185832267,-0.090979271117165528],"Categories":["Malassezia japonica","Malassezia japonica","Malassezia","","Malasseziales"],"Properties":[-5,4,0]}}