{"3446":{"Path":["0","0","3446","3446"],"Coordinates":[0.36999919439106377,0.61372871778776683,0.60486554522042868],"Categories":["Candida heliconiae","Candida heliconiae","Candida","","Saccharomycetales"],"Properties":[3,4,5]}}