{"3358":{"Path":["0","0","3358","3358"],"Coordinates":[0.63054293109185777,0.24652649493429915,0.58633359239732841],"Categories":["Candida gigantensis","Candida gigantensis","Candida","","Saccharomycetales"],"Properties":[6,1,5]}}