{"2849":{"Path":["0","0","2051","2849"],"Coordinates":[0.49905318802771315,0.59906964355583492,0.426316088484149],"Categories":["Candida powellii","Candida powellii","Candida","","Saccharomycetales"],"Properties":[4,4,3]}}