{"3987":{"Path":["0","0","3987","3987"],"Coordinates":[0.62783269783360385,0.53044062871990838,0.31742195761564745],"Categories":["Torulaspora quercuum","Torulaspora quercuum","Torulaspora","Saccharomycetaceae","Saccharomycetales"],"Properties":[6,4,2]}}