{"3154":{"Path":["0","0","3154","3154"],"Coordinates":[0.35678033549080151,0.24780985635079303,0.60264097708900655],"Categories":["Leucosporidium golubevii","Leucosporidium golubevii","Leucosporidium","Sporidiobolaceae","Sporidiobolales"],"Properties":[3,1,5]},"3155":{"Path":["0","0","3154","3155"],"Coordinates":[0.371612076032778,0.23678823611968866,0.61029234036471436],"Categories":["Leucosporidium golubevii","Leucosporidium golubevii","Leucosporidium","Sporidiobolaceae","Sporidiobolales"],"Properties":[3,1,5]}}