{"4211":{"Path":["0","0","1451","4211"],"Coordinates":[0.427577450017894,0.58850975784779724,0.55209117083154757],"Categories":["Candida thasaenensis","Candida thasaenensis","Candida","","Saccharomycetales"],"Properties":[4,4,4]}}