{"14":{"Path":["1","14","14","14"],"Coordinates":[-0.33969532048189033,0.13073698579790907,-0.31601716381225031],"Categories":["Dekkera anomala","Dekkera anomala","Dekkera","Saccharomycetaceae","Saccharomycetales"],"Properties":[-3,1,-2]},"132":{"Path":["1","14","132","132"],"Coordinates":[-0.36328741590618446,0.14861785000540337,-0.31099776276746577],"Categories":["Cyberlindnera saturnus","Cyberlindnera suaveolens","Cyberlindnera","","Saccharomycetales"],"Properties":[-3,1,-2]},"196":{"Path":["1","14","196","196"],"Coordinates":[-0.31117131725948283,0.12044240587441565,-0.30213983342097012],"Categories":["Kazachstania unispora","Kazachstania unispora","Kazachstania","Saccharomycetaceae","Saccharomycetales"],"Properties":[-3,0,-2]}}