{"1546":{"Path":["0","0","1546","1546"],"Coordinates":[0.58341451745950723,0.43645546410756042,0.28815691600656268],"Categories":["Tetrapisispora blattae","Tetrapisispora blattae","Tetrapisispora","Saccharomycetaceae","Saccharomycetales"],"Properties":[5,3,2]}}