{"4207":{"Path":["0","4207","4207","4207"],"Coordinates":[0.28568917803665211,0.10738028982437403,0.44920729665904929],"Categories":["Candida tunisiensis","Candida tunisiensis","Candida","","Saccharomycetales"],"Properties":[2,0,4]}}