{"4137":{"Path":["0","0","4137","4137"],"Coordinates":[0.662595055019262,0.57916927390036943,0.49628277769621093],"Categories":["Candida morakotiae","Candida morakotiae","Candida","","Saccharomycetales"],"Properties":[6,4,4]}}