{"1278":{"Path":["0","0","1760","1278"],"Coordinates":[0.39935079030083037,0.38259902357334957,0.35158960953351237],"Categories":["Candida humilis","Candida humilis","Candida","","Saccharomycetales"],"Properties":[3,3,3]},"1760":{"Path":["0","0","1760","1760"],"Coordinates":[0.53192918383476462,0.20062137093384119,0.51413168426411771],"Categories":["Candida milleri","Candida milleri","Candida","","Saccharomycetales"],"Properties":[5,1,4]}}