{"3990":{"Path":["0","0","3990","3990"],"Coordinates":[0.64890918796679009,0.78022486701864591,0.80603458405512718],"Categories":["Candida pseudohumilis","Candida pseudohumilis","Candida","","Saccharomycetales"],"Properties":[6,6,7]},"3991":{"Path":["0","0","3990","3990"],"Coordinates":[0.64950234331755829,0.78053850477823139,0.80677606776069233],"Categories":["Candida pseudohumilis","Candida pseudohumilis","Candida","","Saccharomycetales"],"Properties":[6,6,7]}}