{"2740":{"Path":["0","0","2741","2741"],"Coordinates":[0.62961128374914055,0.43001681315478463,0.34170133651678614],"Categories":["Kodamaea kakaduensis","Kodamaea kakaduensis","Kodamaea","Saccharomycetaceae","Saccharomycetales"],"Properties":[6,3,3]},"2741":{"Path":["0","0","2741","2741"],"Coordinates":[0.62960103276739554,0.43002530310087655,0.34173589544248589],"Categories":["Kodamaea kakaduensis","Kodamaea kakaduensis","Kodamaea","Saccharomycetaceae","Saccharomycetales"],"Properties":[6,3,3]}}