{"1248":{"Path":["0","0","1248","1248"],"Coordinates":[0.13026102878468121,0.42944444314998009,0.16233734105663239],"Categories":["Candida incommunis","Candida incommunis","Candida","","Saccharomycetales"],"Properties":[1,3,1]}}