{"2698":{"Path":["0","0","2698","2698"],"Coordinates":[0.11561737162618901,0.21134391452625284,0.41697411636399778],"Categories":["Candida batistae","Candida batistae","Candida","","Saccharomycetales"],"Properties":[1,1,3]}}