{"2611":{"Path":["0","0","2611","2611"],"Coordinates":[0.604691310405529,0.60649878611804819,0.15378504349354136],"Categories":["Kriegeria eriophori","Kriegeria eriophori","Kriegeria","Platygloeaceae","Platygloeales"],"Properties":[6,4,1]}}