{"4162":{"Path":["0","0","4162","4162"],"Coordinates":[0.51995311651953913,0.38903414189700763,0.59301968934364968],"Categories":["Candida stauntonica","Candida stauntonica","Candida","","Saccharomycetales"],"Properties":[5,3,5]}}