{"0":{"Path":["0","0","0","0"],"Coordinates":[-0.32822036937721366,0.38385444398866647,0.018245979192615044],"Categories":["Rhodotorula glutinis","Rhodotorula glutinis","Rhodotorula","","Sporidiobolales"],"Properties":[-3,3,0]},"16":{"Path":["0","16","16","16"],"Coordinates":[-0.25709351825564547,0.40217041302380407,-0.057317840185379422],"Categories":["Dekkera bruxellensis","Dekkera bruxellensis","Dekkera","Saccharomycetaceae","Saccharomycetales"],"Properties":[-2,3,0]},"31":{"Path":["0","31","31","31"],"Coordinates":[-0.42060028231712782,0.4724755133048994,0.031546179589739029],"Categories":["Filobasidiella neoformans","Filobasidiella neoformans","Filobasidiella","","Tremellales"],"Properties":[-4,3,0]}}