{"2307":{"Path":["0","0","2308","2308"],"Coordinates":[0.7349007299695608,0.28407938441272207,0.47699010948555953],"Categories":["Candida akabanensis","Candida akabanensis","Candida","","Saccharomycetales"],"Properties":[7,2,4]},"2308":{"Path":["0","0","2308","2308"],"Coordinates":[0.73488753244527871,0.28407725945551804,0.47699860879229472],"Categories":["Candida akabanensis","Candida akabanensis","Candida","","Saccharomycetales"],"Properties":[7,2,4]}}