{"3717":{"Path":["0","0","3717","3717"],"Coordinates":[0.56377031487886231,0.29436496813521751,0.3612538215873683],"Categories":["Pichia emeiensis","Pichia emeiensis","Pichia","Saccharomycetaceae","Saccharomycetales"],"Properties":[5,2,3]}}