{"1294":{"Path":["0","0","1294","1294"],"Coordinates":[0.637705382568306,0.27684276260678076,0.4747358759850534],"Categories":["Candida valdiviana","Candida valdiviana","Candida","","Saccharomycetales"],"Properties":[6,2,4]}}