{"2865":{"Path":["2864","2864","2864","2865"],"Coordinates":[0.40152630541171541,0.68662419327870317,0.9331087078621666],"Categories":["Danielozyma litseae","Danielozyma litseae","Danielozyma","",""],"Properties":[4,5,8]}}