{"2032":{"Path":["0","0","2032","2032"],"Coordinates":[0.43381277927201417,0.43775224988263972,0.41095220867933879],"Categories":["Sporobolomyces griseoflavus","Sporobolomyces griseoflavus","Sporobolomyces","","Sporidiobolales"],"Properties":[4,3,3]}}