{"1213":{"Path":["0","0","1214","1214"],"Coordinates":[0.86876750529197722,0.57740298663791589,0.6692954888599002],"Categories":["Candida silvae","Candida silvae","Candida","","Saccharomycetales"],"Properties":[8,4,6]},"1214":{"Path":["0","0","1214","1214"],"Coordinates":[0.86645080868654922,0.57674930788779544,0.6649130670488419],"Categories":["Candida silvae","Candida silvae","Candida","","Saccharomycetales"],"Properties":[8,4,5]}}