{"2753":{"Path":["0","0","2753","2753"],"Coordinates":[0.45265088669582676,0.25799921176402651,0.5105231419793772],"Categories":["Kockovaella sacchari","Kockovaella sacchari","Kockovaella","Cuniculitremaceae","Tremellales"],"Properties":[4,2,4]}}