{"54":{"Path":["0","0","58","54"],"Coordinates":[0.63838897325198241,0.63631796580123912,0.46153265231761331],"Categories":["Candida glabrata","Candida glabrata","Candida","","Saccharomycetales"],"Properties":[6,5,4]},"58":{"Path":["0","0","58","58"],"Coordinates":[0.91250291546403128,0.47942985530242493,0.2426953653028677],"Categories":["Candida glabrata","Candida glabrata","Candida","","Saccharomycetales"],"Properties":[9,3,2]}}