{"480":{"Path":["0","480","480","480"],"Coordinates":[0.81667899280750977,0.46806415934824586,0.43574948511335171],"Categories":["Candida pararugosa","Candida pararugosa","Candida","","Saccharomycetales"],"Properties":[8,3,3]}}