{"134":{"Path":["0","0","134","134"],"Coordinates":[0.5948438497464128,0.376263980121692,0.55761754617576154],"Categories":["Kloeckera lindneri","Kloeckera lindneri","Kloeckera","Saccharomycodaceae","Saccharomycetales"],"Properties":[5,3,5]}}