{"1657":{"Path":["0","0","1657","1657"],"Coordinates":[0.419038627542409,0.39221995250885294,0.3971195555285007],"Categories":["Candida savonica","Candida savonica","Candida","","Saccharomycetales"],"Properties":[4,3,3]}}