{"4130":{"Path":["0","0","4130","4130"],"Coordinates":[0.40188601945443,0.31449773945268089,0.3359598418763628],"Categories":["Ambrosiozyma maleeae","Ambrosiozyma maleeae","Ambrosiozyma","","Saccharomycetales"],"Properties":[4,2,3]},"4132":{"Path":["0","0","4130","4130"],"Coordinates":[0.40225636264552289,0.31379361823976143,0.33535398773688],"Categories":["Ambrosiozyma maleeae","Ambrosiozyma maleeae","Ambrosiozyma","","Saccharomycetales"],"Properties":[4,2,3]}}