{"3101":{"Path":["0","0","37","3101"],"Coordinates":[0.16723283140012293,0.68595359945904344,0.72652208525284068],"Categories":["Hannaella surugaensis","Hannaella surugaensis","Hannaella","","Tremellales"],"Properties":[1,5,6]},"3102":{"Path":["0","0","37","3101"],"Coordinates":[0.16721475163189867,0.68595409111539507,0.72651660651439154],"Categories":["Hannaella surugaensis","Hannaella surugaensis","Hannaella","","Tremellales"],"Properties":[1,5,6]}}