{"3924":{"Path":["0","0","3924","3924"],"Coordinates":[0.61968418397190217,0.54531487107611643,0.47140932479966025],"Categories":["Candida jalapaonensis","Candida jalapaonensis","Candida","","Saccharomycetales"],"Properties":[6,4,4]}}