{"3500":{"Path":["0","0","3501","3500"],"Coordinates":[0.80199711445732136,0.79251037792697021,0.5827290690410778],"Categories":["Ogataea siamensis","Ogataea siamensis","Ogataea","Saccharomycetaceae","Saccharomycetales"],"Properties":[8,6,5]},"3501":{"Path":["0","0","3501","3501"],"Coordinates":[0.80080118299158087,0.5845670299614808,0.3504107608811512],"Categories":["Candida sithepensis","Candida sithepensis","Candida","","Saccharomycetales"],"Properties":[8,4,3]}}