{"706":{"Path":["0","0","707","706"],"Coordinates":[0.77015950065431749,0.46835052618409273,0.6161177903135],"Categories":["Peterozyma xylosa","Peterozyma xylosa","Peterozyma","","Saccharomycetales"],"Properties":[7,3,5]}}