{"2649":{"Path":["0","2649","2649","2649"],"Coordinates":[0.52481760159682678,0.41506586060352735,0.31543394552226578],"Categories":["Bensingtonia sakaguchii","Bensingtonia sakaguchii","Bensingtonia","Agaricostilbaceae","Agaricostilbales"],"Properties":[5,3,2]}}