{"3367":{"Path":["0","0","3367","3367"],"Coordinates":[0.76350745895828032,0.54664656241465193,1.0133000824200391],"Categories":["Rhodosporidium concentricum","Rhodosporidium concentricum","Rhodosporidium","","Sporidiales"],"Properties":[7,4,0]}}