{"3960":{"Path":["0","0","3960","3960"],"Coordinates":[0.72427867766658738,0.5802072935015099,0.39407273318058866],"Categories":["Sporobolomyces lophatheri","Sporobolomyces lophatheri","Sporobolomyces","","Sporidiobolales"],"Properties":[7,4,3]}}