{"2189":{"Path":["0","0","2189","2189"],"Coordinates":[0.40028436063170181,0.50354066355116656,0.62696533161897328],"Categories":["Sporobolomyces lactophilus","Sporobolomyces lactophilus","Sporobolomyces","","Sporidiobolales"],"Properties":[4,4,5]}}