{"3640":{"Path":["0","0","3640","3640"],"Coordinates":[0.54977818514490762,0.52825012040513775,0.55523426975197965],"Categories":["Ogataea chonburiensis","Ogataea chonburiensis","Ogataea","Saccharomycetaceae","Saccharomycetales"],"Properties":[5,4,4]}}