{"2955":{"Path":["0","0","2955","2955"],"Coordinates":[0.34138839977189345,0.22220651197633567,0.51931136194187755],"Categories":["Sporobolomyces yunnanensis","Sporobolomyces yunnanensis","Sporobolomyces","","Sporidiobolales"],"Properties":[3,1,4]}}