{"4073":{"Path":["4073","4073","4073","4073"],"Coordinates":[0.14976337036943474,0.31516989302253906,0.63514403877810111],"Categories":["Malassezia cuniculi","Malassezia cuniculi","Malassezia","","Malasseziales"],"Properties":[1,2,5]}}