{"3837":{"Path":["0","0","3837","3837"],"Coordinates":[0.38590483825683258,0.58515510808833548,0.64610068945471844],"Categories":["Candida pseudojiufengensis","Candida pseudojiufengensis","Candida","","Saccharomycetales"],"Properties":[3,4,5]},"3840":{"Path":["0","0","3837","3840"],"Coordinates":[0.44644392600219179,0.37515623844109186,0.73315994067559842],"Categories":["Candida pseudojiufengensis","Candida pseudojiufengensis","Candida","","Saccharomycetales"],"Properties":[4,3,6]}}