{"3118":{"Path":["0","0","3119","3119"],"Coordinates":[0.3809757867992381,0.85215599061117642,0.51163455892747067],"Categories":["Bensingtonia sorbi","Bensingtonia sorbi","Bensingtonia","Agaricostilbaceae","Agaricostilbales"],"Properties":[3,6,4]},"3119":{"Path":["0","0","3119","3119"],"Coordinates":[0.38000533287651017,0.85189393415784487,0.51208787814164913],"Categories":["Bensingtonia sorbi","Bensingtonia sorbi","Bensingtonia","Agaricostilbaceae","Agaricostilbales"],"Properties":[3,6,4]}}