{"3973":{"Path":["0","0","3973","3973"],"Coordinates":[0.050241651792800837,0.55975610114644092,0.32400749035816062],"Categories":["Cryptococcus shivajii","Cryptococcus shivajii","Cryptococcus","Tremellaceae","Tremellales"],"Properties":[0,4,2]}}