{"2779":{"Path":["0","0","2779","2779"],"Coordinates":[0.52713237539065361,0.5206191877591726,0.4004375775326553],"Categories":["Cryptococcus arrabidensis","Cryptococcus arrabidensis","Cryptococcus","Tremellaceae","Tremellales"],"Properties":[5,4,3]}}