{"2832":{"Path":["0","0","2832","2832"],"Coordinates":[0.25241230956135952,0.19810295645387294,0.16887577120054736],"Categories":["Candida sorbosivorans","Candida sorbosivorans","Candida","","Saccharomycetales"],"Properties":[2,1,1]}}