{"1325":{"Path":["0","0","974","1325"],"Coordinates":[0.44552147447195889,0.49707578695765453,0.45082151016391347],"Categories":["Scheffersomyces stipitis","Scheffersomyces stipitis","Scheffersomyces","Debaryomycetaceae","Saccharomycetales"],"Properties":[4,3,4]}}