{"4259":{"Path":["0","0","4260","4260"],"Coordinates":[0.64212852216855187,0.677167127632166,0.058634461321183322],"Categories":["Yarrowia bubula","Yarrowia bubula","Yarrowia","","Saccharomycetales"],"Properties":[6,5,0]},"4260":{"Path":["0","0","4260","4260"],"Coordinates":[0.64216045846260783,0.67543236275239016,0.058709473664742148],"Categories":["Yarrowia bubula","Yarrowia bubula","Yarrowia","","Saccharomycetales"],"Properties":[6,5,0]}}