{"159":{"Path":["6","47","159","159"],"Coordinates":[-0.24122717652122638,0.29890813210727474,-0.0920673243699988],"Categories":["Cystobasidium minuta","Cystobasidium minuta","Cystobasidium","Platygloeaceae","Platygloeales"],"Properties":[-2,2,0]},"3618":{"Path":["6","47","159","159"],"Coordinates":[-0.23955423021930319,0.30146074891971103,-0.091928782112970411],"Categories":["Candida marilandica","Candida marilandica","Candida","","Saccharomycetales"],"Properties":[-2,2,0]}}