{"1057":{"Path":["0","0","974","1057"],"Coordinates":[0.32393211550472595,0.53287989481275755,0.65685093634277969],"Categories":["Scheffersomyces lignosus","Scheffersomyces lignosus","Scheffersomyces","Debaryomycetaceae","Saccharomycetales"],"Properties":[3,4,5]}}