{"3525":{"Path":["0","0","3525","3525"],"Coordinates":[0.48351352024838185,0.37832984012923643,0.5498074780638712],"Categories":["Cryptococcus dejecticola","Cryptococcus dejecticola","Cryptococcus","Tremellaceae","Tremellales"],"Properties":[4,3,4]},"3767":{"Path":["0","0","3525","3767"],"Coordinates":[0.55127791094766621,0.63620588273821277,0.50310213532315262],"Categories":["Cryptococcus pinus","Cryptococcus pinus","Cryptococcus","Tremellaceae","Tremellales"],"Properties":[5,5,4]}}