{"462":{"Path":["0","462","462","462"],"Coordinates":[0.54615421970653211,0.49210872680533513,0.67266658438944715],"Categories":["Saccharomycodes ludwigii","Saccharomycodes ludwigii","Saccharomycodes","Saccharomycodaceae","Saccharomycetales"],"Properties":[5,3,6]}}