{"3930":{"Path":["0","0","3931","3930"],"Coordinates":[0.20476850747964509,0.25524780679360781,0.76566408613555392],"Categories":["Rhodotorula rosulata","Rhodotorula rosulata","Rhodotorula","","Sporidiobolales"],"Properties":[2,2,6]}}