{"3698":{"Path":["0","0","1741","3698"],"Coordinates":[0.74235730521122,0.54947544617364086,0.36994445098625683],"Categories":["Candida azymoides","Candida azymoides","Candida","","Saccharomycetales"],"Properties":[7,4,3]}}