{"54":{"Path":["4","12","54","54"],"Coordinates":[-0.47540142731855717,0.72208268914658735,-0.061518031461783404],"Categories":["Candida glabrata","Candida glabrata","Candida","","Saccharomycetales"],"Properties":[-4,5,0]},"3311":{"Path":["4","12","54","54"],"Coordinates":[-0.47257337648376069,0.71955620932763453,-0.060030015597255904],"Categories":["Candida lycoperdinae","Candida lycoperdinae","Candida","","Saccharomycetales"],"Properties":[-4,5,0]}}