{"89":{"Path":["2","21","89","89"],"Coordinates":[-0.36422012807877774,0.30690851009561637,0.12265135322263185],"Categories":["Candida sake","Candida sake","Candida","","Saccharomycetales"],"Properties":[-3,2,1]},"1753":{"Path":["2","21","89","89"],"Coordinates":[-0.36372434810329451,0.30225003465927269,0.1252433363725953],"Categories":["Trichosporon jirovecii","Trichosporon jirovecii","Trichosporon","Trichosporonaceae","Tremellales"],"Properties":[-3,2,1]},"3689":{"Path":["2","21","89","89"],"Coordinates":[-0.36700722280436,0.30521878196847213,0.12091683375770511],"Categories":["Candida tetrigidarum","Candida tetrigidarum","Candida","","Saccharomycetales"],"Properties":[-3,2,1]}}