{"1528":{"Path":["0","0","687","1528"],"Coordinates":[0.3312460064093537,0.48460919955454607,0.29498269317596137],"Categories":["Candida dendronema","Candida dendronema","Candida","","Saccharomycetales"],"Properties":[3,3,2]},"1529":{"Path":["0","0","687","1528"],"Coordinates":[0.33123509853502558,0.4846099155721541,0.29497077683027084],"Categories":["Candida dendronema","Candida dendronema","Candida","","Saccharomycetales"],"Properties":[3,3,2]}}