{"3092":{"Path":["0","0","3092","3092"],"Coordinates":[0.2594207497451223,0.42383852307308484,0.26349483169002358],"Categories":["Candida suzukii","Candida suzukii","Candida","","Saccharomycetales"],"Properties":[2,3,2]},"3093":{"Path":["0","0","3092","3092"],"Coordinates":[0.26087986542941277,0.42202855376893789,0.25668052834644239],"Categories":["Candida suzukii","Candida suzukii","Candida","","Saccharomycetales"],"Properties":[2,3,2]}}