{"3240":{"Path":["0","0","3240","3240"],"Coordinates":[0.740779684573656,0.608140745913738,0.3660189046380688],"Categories":["Candida pimensis","Candida pimensis","Candida","","Saccharomycetales"],"Properties":[7,4,3]}}