{"3116":{"Path":["0","0","2871","3116"],"Coordinates":[0.82128424359124019,0.46799128505507809,0.30755246834496269],"Categories":["Holtermanniella wattica","Holtermanniella wattica","Holtermanniella","",""],"Properties":[8,3,2]},"3117":{"Path":["0","0","2871","3116"],"Coordinates":[0.82129199056948132,0.46799669138492145,0.30754198137705874],"Categories":["Holtermanniella wattica","Holtermanniella wattica","Holtermanniella","",""],"Properties":[8,3,2]}}