{"904":{"Path":["0","0","901","904"],"Coordinates":[0.5708933039505798,0.23660210792511463,0.45172978579699635],"Categories":["Candida viswanathii","Candida viswanathii","Candida","","Saccharomycetales"],"Properties":[5,1,4]},"905":{"Path":["0","0","901","904"],"Coordinates":[0.57090422360702087,0.23659394378587903,0.4517226660328883],"Categories":["Candida viswanathii","Candida viswanathii","Candida","","Saccharomycetales"],"Properties":[5,1,4]}}