{"4104":{"Path":["0","0","1513","4105"],"Coordinates":[0.62173896552631092,0.69907290400349775,0.62218216609235288],"Categories":["Candida broadrunensis","Candida broadrunensis","Candida","","Saccharomycetales"],"Properties":[6,5,5]},"4105":{"Path":["0","0","1513","4105"],"Coordinates":[0.621721260538698,0.699043496061312,0.62217890662176689],"Categories":["Candida broadrunensis","Candida broadrunensis","Candida","","Saccharomycetales"],"Properties":[6,5,5]}}