{"3129":{"Path":["0","0","3132","3130"],"Coordinates":[0.39123162615064994,0.5350723537024884,0.48383120601540275],"Categories":["Blastobotrys indianaensis","Blastobotrys indianaensis","Blastobotrys","Trichomonascaceae","Saccharomycetales"],"Properties":[3,4,4]},"3130":{"Path":["0","0","3132","3130"],"Coordinates":[0.39315811675954077,0.5347300439968885,0.48424528088702373],"Categories":["Blastobotrys indianaensis","Blastobotrys indianaensis","Blastobotrys","Trichomonascaceae","Saccharomycetales"],"Properties":[3,4,4]}}