{"51":{"Path":["3","36","51","51"],"Coordinates":[-0.26667398388286073,0.19787006538336943,-0.21446427352155517],"Categories":["Candida glabrata","Candida glabrata","Candida","","Saccharomycetales"],"Properties":[-2,1,-1]},"1286":{"Path":["3","36","51","51"],"Coordinates":[-0.26552449954385449,0.1968499816781224,-0.21195348309508749],"Categories":["Cystobasidium slooffiae","Cystobasidium slooffiae","Cystobasidium","Platygloeaceae","Platygloeales"],"Properties":[-2,1,-1]},"1984":{"Path":["3","36","51","51"],"Coordinates":[-0.270153030576184,0.19966123992824644,-0.21655533286477532],"Categories":["Mastigobasidium intermedium","Mastigobasidium intermedium","Mastigobasidium","Leucosporidiaceae","Leucosporidiales"],"Properties":[-2,1,-1]}}