{"3901":{"Path":["0","0","3901","3901"],"Coordinates":[0.72823443511467989,0.43498462685267997,0.39057316532850228],"Categories":["Candida takamatsuzukensis","Candida takamatsuzukensis","Candida","","Saccharomycetales"],"Properties":[7,3,3]},"3902":{"Path":["0","0","3901","3901"],"Coordinates":[0.72827638187422428,0.43488355160977915,0.39057137077283793],"Categories":["Candida takamatsuzukensis","Candida takamatsuzukensis","Candida","","Saccharomycetales"],"Properties":[7,3,3]}}