{"121":{"Path":["0","0","121","121"],"Coordinates":[0.609608758281575,0.53490809481524737,0.57008793708487782],"Categories":["Pichia punctispora","Pichia punctispora","Pichia","Saccharomycetaceae","Saccharomycetales"],"Properties":[6,4,5]}}