{"969":{"Path":["0","0","970","969"],"Coordinates":[0.72326452689859422,0.61652831044219258,0.74841429342148857],"Categories":["Kuraishia cidri","Kuraishia cidri","Kuraishia","Saccharomycetaceae","Saccharomycetales"],"Properties":[7,4,6]},"970":{"Path":["0","0","970","970"],"Coordinates":[0.722142317507722,0.60300525419478745,0.74831175678832118],"Categories":["Kuraishia cidri","Kuraishia cidri","Kuraishia","Saccharomycetaceae","Saccharomycetales"],"Properties":[7,4,6]}}