{"909":{"Path":["0","0","909","909"],"Coordinates":[0.34202161344356,0.45950651688675537,0.73285658186928571],"Categories":["Pachysolen tannophilus","Pachysolen tannophilus","Pachysolen","Saccharomycetaceae","Saccharomycetales"],"Properties":[3,3,6]}}