{"2045":{"Path":["0","2045","2045","2045"],"Coordinates":[0.48785699248689729,0.60311392284599585,0.49567099659025848],"Categories":["Bensingtonia naganoensis","Bensingtonia naganoensis","Bensingtonia","Agaricostilbaceae","Agaricostilbales"],"Properties":[4,4,4]},"3535":{"Path":["0","2045","3535","3535"],"Coordinates":[0.53310635426306885,0.36584416500933459,0.42464803048419597],"Categories":["Bensingtonia pseudonaganoensis","Bensingtonia pseudonaganoensis","Bensingtonia","Agaricostilbaceae","Agaricostilbales"],"Properties":[5,2,3]}}