{"1220":{"Path":["0","0","1220","1220"],"Coordinates":[0.52918769731989268,0.48965074784862733,0.40135230766121571],"Categories":["Nakazawaea anatomiae","Nakazawaea anatomiae","Nakazawaea","Saccharomycetaceae","Saccharomycetales"],"Properties":[5,3,3]}}