{"3251":{"Path":["0","0","2924","3252"],"Coordinates":[0.65006048371818492,0.14444303766521455,0.55022173084756432],"Categories":["Ogataea falcaomoraisii","Ogataea falcaomoraisii","Ogataea","Saccharomycetaceae","Saccharomycetales"],"Properties":[6,1,4]},"3252":{"Path":["0","0","2924","3252"],"Coordinates":[0.65003406917476736,0.14445473194877823,0.55023364609567826],"Categories":["Ogataea falcaomoraisii","Ogataea falcaomoraisii","Ogataea","Saccharomycetaceae","Saccharomycetales"],"Properties":[6,1,4]}}