{"4211":{"Path":["0","0","1451","4211"],"Coordinates":[0.6336581378106646,0.45466697957734981,0.37930404320530442],"Categories":["Candida thasaenensis","Candida thasaenensis","Candida","","Saccharomycetales"],"Properties":[6,3,3]}}