{"253":{"Path":["0","0","253","253"],"Coordinates":[0.40118065988388213,0.40979327315214958,0.73658057015896494],"Categories":["Hanseniaspora valbyensis","Hanseniaspora valbyensis","Hanseniaspora","Saccharomycodaceae","Saccharomycetales"],"Properties":[4,3,6]}}