{"1267":{"Path":["0","0","1265","1267"],"Coordinates":[0.40448050375732642,0.55939042365542868,0.6107044951277153],"Categories":["Cyberlindnera americana","Cyberlindnera americana","Cyberlindnera","","Saccharomycetales"],"Properties":[4,4,5]}}