{"2616":{"Path":["0","0","2616","2616"],"Coordinates":[0.45246424420668946,0.55765100937961376,0.46896621250937409],"Categories":["Kazachstania yakushimaensis","Kazachstania yakushimaensis","Kazachstania","Saccharomycetaceae","Saccharomycetales"],"Properties":[4,4,4]}}