{"3962":{"Path":["0","0","3963","3963"],"Coordinates":[0.47543699696685215,0.532318861229048,0.64783741582468435],"Categories":["Sporobolomyces pyrrosiae","Sporobolomyces pyrrosiae","Sporobolomyces","","Sporidiobolales"],"Properties":[4,4,5]},"3963":{"Path":["0","0","3963","3963"],"Coordinates":[0.4755793165395461,0.53132790014242914,0.64791214927740992],"Categories":["Sporobolomyces pyrrosiae","Sporobolomyces pyrrosiae","Sporobolomyces","","Sporidiobolales"],"Properties":[4,4,5]}}