{"3497":{"Path":["0","0","3497","3497"],"Coordinates":[0.815017112257883,0.70374506087404187,0.76001503474045462],"Categories":["Candida cellae","Candida cellae","Candida","","Saccharomycetales"],"Properties":[8,5,6]},"4199":{"Path":["0","0","3497","4199"],"Coordinates":[0.55198231566670164,0.46062946303600805,0.65497981889004486],"Categories":["Candida adriatica","Candida adriatica","Candida","","Saccharomycetales"],"Properties":[5,3,5]}}