{"37":{"Path":["2","37","37","37"],"Coordinates":[-0.22551166166876105,0.419417675396201,-0.0013749928974165152],"Categories":["Filobasidiella neoformans","Filobasidiella neoformans","Filobasidiella","","Tremellales"],"Properties":[-2,3,0]},"71":{"Path":["2","37","71","71"],"Coordinates":[-0.20980211142670235,0.41196198618891083,0.022154289071690172],"Categories":["Cryptococcus magnus","Cryptococcus magnus","Cryptococcus","Tremellaceae","Tremellales"],"Properties":[-2,3,0]},"138":{"Path":["2","37","138","138"],"Coordinates":[-0.2420448726944841,0.44677420584622796,0.001921712416940675],"Categories":["Hanseniaspora osmophila","Hanseniaspora osmophila","Hanseniaspora","Saccharomycodaceae","Saccharomycetales"],"Properties":[-2,3,0]}}