{"1240":{"Path":["0","0","1240","1240"],"Coordinates":[0.54811229864789079,0.64168774514631333,0.49146283427722509],"Categories":["Wickerhamomyces onychis","Wickerhamomyces onychis","Wickerhamomyces","","Saccharomycetales"],"Properties":[5,5,4]}}