{"3161":{"Path":["0","3161","3161","3161"],"Coordinates":[0.48180816584721237,0.56587544207547336,0.78883744529897315],"Categories":["Candida bombiphila","Candida bombiphila","Candida","","Saccharomycetales"],"Properties":[4,4,7]},"3162":{"Path":["0","3161","3161","3162"],"Coordinates":[0.48605409803126676,0.59030418558007469,0.79203252756314213],"Categories":["Candida bombiphila","Candida bombiphila","Candida","","Saccharomycetales"],"Properties":[4,4,7]}}