{"4104":{"Path":["0","0","1513","4105"],"Coordinates":[0.61915279532256229,0.76063460297701257,0.31471451870164319],"Categories":["Candida broadrunensis","Candida broadrunensis","Candida","","Saccharomycetales"],"Properties":[6,6,2]},"4105":{"Path":["0","0","1513","4105"],"Coordinates":[0.6191574633884851,0.760627770665258,0.31472950750885492],"Categories":["Candida broadrunensis","Candida broadrunensis","Candida","","Saccharomycetales"],"Properties":[6,6,2]}}