{"2841":{"Path":["0","0","0","2841"],"Coordinates":[0.46326929630725938,0.75042813247018714,0.74406084856959731],"Categories":["Leucosporidium fasciculatum","Leucosporidium fasciculatum","Leucosporidium","Sporidiobolaceae","Sporidiobolales"],"Properties":[4,6,6]}}