{"2957":{"Path":["0","0","2957","2957"],"Coordinates":[0.12353387768788414,0.38391922414519009,0.29455065231658795],"Categories":["Cryptococcus tephrensis","Cryptococcus tephrensis","Cryptococcus","Tremellaceae","Tremellales"],"Properties":[1,3,2]}}