{"2837":{"Path":["0","0","1027","2837"],"Coordinates":[0.1436226891458556,0.5008127374807968,0.63282839179165329],"Categories":["Kluyveromyces nonfermentans","Kluyveromyces nonfermentans","Kluyveromyces","Saccharomycetaceae","Saccharomycetales"],"Properties":[1,4,5]}}