{"1189":{"Path":["0","0","1189","1189"],"Coordinates":[0.44754578162290926,0.45668824443796985,0.73915193461215567],"Categories":["Kodamaea ohmeri","Kodamaea ohmeri","Kodamaea","Saccharomycetaceae","Saccharomycetales"],"Properties":[4,3,6]}}