{"2434":{"Path":["0","0","2434","2434"],"Coordinates":[0.40404382488619728,0.600215466168678,0.4823591233144085],"Categories":["Sporobolomyces elongatus","Sporobolomyces elongatus","Sporobolomyces","","Sporidiobolales"],"Properties":[4,4,4]}}