{"3270":{"Path":["0","0","3270","3270"],"Coordinates":[0.27044982881117652,0.44647066874673313,0.29276496510612532],"Categories":["Candida atakaporum","Candida atakaporum","Candida","","Saccharomycetales"],"Properties":[2,3,2]},"3272":{"Path":["0","0","3270","3272"],"Coordinates":[0.3866747474892297,0.44662062202750247,0.339686481354651],"Categories":["Candida atakaporum","Candida atakaporum","Candida","","Saccharomycetales"],"Properties":[3,3,3]}}