{"1396":{"Path":["0","0","1396","1396"],"Coordinates":[-0.22790700636161729,0.39607682066457384,0.25550248642193091],"Categories":["Metschnikowia lunata","Metschnikowia lunata","Metschnikowia","Metschnikowiaceae","Saccharomycetales"],"Properties":[-2,3,2]}}