{"96":{"Path":["8","38","96","96"],"Coordinates":[-0.552651205071497,0.51313613587909213,-0.029603698695355955],"Categories":["Cryptococcus diffluens","Cryptococcus diffluens","Cryptococcus","Tremellaceae","Tremellales"],"Properties":[-5,4,0]},"703":{"Path":["8","38","96","703"],"Coordinates":[-0.54006150236691874,0.5115477969218899,-0.021376562601101313],"Categories":["Priceomyces carsonii","Priceomyces carsonii","Priceomyces","Debaryomycetaceae","Saccharomycetales"],"Properties":[-5,4,0]}}