{"3631":{"Path":["0","0","350","3631"],"Coordinates":[0.53615550259087907,0.39374652293952761,0.72846770677728934],"Categories":["Metschnikowia sinensis","Metschnikowia sinensis","Metschnikowia","Metschnikowiaceae","Saccharomycetales"],"Properties":[5,3,6]}}