{"3464":{"Path":["0","0","3464","3464"],"Coordinates":[0.4805077431642728,0.069906215639597855,0.66528242765391],"Categories":["Cryptococcus cistialbidi","Cryptococcus cistialbidi","Cryptococcus","Tremellaceae","Tremellales"],"Properties":[4,0,5]}}