{"4238":{"Path":["0","0","974","4238"],"Coordinates":[0.40343896796610207,0.53634980807798871,0.70868036826804],"Categories":["Scheffersomyces illinoinensis","Scheffersomyces illinoinensis","","",""],"Properties":[4,4,6]}}