{"3597":{"Path":["0","0","3598","3597"],"Coordinates":[0.24736982842695096,0.9171708127732946,0.27416644284264818],"Categories":["Metschnikowia orientalis","Metschnikowia orientalis","Metschnikowia","Metschnikowiaceae","Saccharomycetales"],"Properties":[2,7,2]}}