{"3574":{"Path":["0","0","3574","3574"],"Coordinates":[0.27632784939031718,0.37740315739682861,0.54829836849444669],"Categories":["Candida tibetensis","Candida tibetensis","Candida","","Saccharomycetales"],"Properties":[2,3,4]}}