{"21":{"Path":["2","21","21","21"],"Coordinates":[-0.34593091958840561,0.33481935074239977,0.1067332499589758],"Categories":["Candida tropicalis","Candida tropicalis","Candida","","Saccharomycetales"],"Properties":[-3,2,0]},"3020":{"Path":["2","21","21","21"],"Coordinates":[-0.34568265207929683,0.33152582225970123,0.10500574516889802],"Categories":["Sporobolomyces nylandii","Sporobolomyces nylandii","Sporobolomyces","","Sporidiobolales"],"Properties":[-3,2,0]},"4039":{"Path":["2","21","21","21"],"Coordinates":[-0.34420998967208782,0.33647964357729443,0.10943841270916498],"Categories":["Clavispora reshetovae","Clavispora reshetovae","Clavispora","Metschnikowiaceae","Saccharomycetales"],"Properties":[-3,2,0]}}