{"2957":{"Path":["0","0","2957","2957"],"Coordinates":[0.30710745765713865,0.9093397541542948,0.33417070721607689],"Categories":["Cryptococcus tephrensis","Cryptococcus tephrensis","Cryptococcus","Tremellaceae","Tremellales"],"Properties":[3,7,3]}}