{"1483":{"Path":["0","0","1483","1483"],"Coordinates":[0.60249499747322233,0.2892095124823082,0.71552099769847277],"Categories":["Saturnispora ahearnii","Saturnispora ahearnii","Saturnispora","Saccharomycetaceae","Saccharomycetales"],"Properties":[6,2,6]}}