{"2434":{"Path":["0","0","2434","2434"],"Coordinates":[0.508480688602874,0.57810947271754332,0.56202201730009993],"Categories":["Sporobolomyces elongatus","Sporobolomyces elongatus","Sporobolomyces","","Sporidiobolales"],"Properties":[5,4,5]}}