{"4181":{"Path":["0","0","159","4181"],"Coordinates":[0.5342859648700633,0.36048537295614735,0.60837869089314367],"Categories":["Cystobasidium ritchiei","Cystobasidium ritchiei","Cystobasidium","Platygloeaceae","Platygloeales"],"Properties":[5,2,5]}}