{"4269":{"Path":["0","4269","4269","4269"],"Coordinates":[0.840854673853238,0.91351291473217977,0.18106909826316953],"Categories":["Saprochaete chiloensis","Saprochaete chiloensis","Saprochaete","Dipodascaceae","Saccharomycetales"],"Properties":[8,7,1]}}