{"904":{"Path":["0","0","901","904"],"Coordinates":[0.48863822249061639,0.45454117038321912,0.53192001550216439],"Categories":["Candida viswanathii","Candida viswanathii","Candida","","Saccharomycetales"],"Properties":[4,3,4]},"905":{"Path":["0","0","901","904"],"Coordinates":[0.48859996966635377,0.45448528870959076,0.53188354883151234],"Categories":["Candida viswanathii","Candida viswanathii","Candida","","Saccharomycetales"],"Properties":[4,3,4]}}