{"2966":{"Path":["0","0","2963","2966"],"Coordinates":[0.73954110244985238,0.48480638196568965,0.58113528599384889],"Categories":["Tetrapisispora fleetii","Tetrapisispora fleetii","Tetrapisispora","Saccharomycetaceae","Saccharomycetales"],"Properties":[7,3,5]}}