{"4263":{"Path":["0","0","4263","4263"],"Coordinates":[0.43281976266650279,0.46355989302591288,0.61165788719696668],"Categories":["Hemisphaericaspora nanyangensis","Hemisphaericaspora nanyangensis","Hemisphaericaspora","Debaryomycetaceae","Saccharomycetales"],"Properties":[4,3,5]}}