{"701":{"Path":["0","0","350","701"],"Coordinates":[0.48052328599767991,0.36338145500763364,0.68642815190174655],"Categories":["Metschnikowia pulcherrima","Metschnikowia pulcherrima","Metschnikowia","Metschnikowiaceae","Saccharomycetales"],"Properties":[4,2,6]}}