{"971":{"Path":["0","0","522","971"],"Coordinates":[0.41626342003005257,0.72009034731175725,0.40725561138976168],"Categories":["Nakazawaea pomicola","Nakazawaea pomicola","Nakazawaea","Saccharomycetaceae","Saccharomycetales"],"Properties":[4,5,3]},"972":{"Path":["0","0","522","971"],"Coordinates":[0.41596578008696911,0.72129291986471289,0.40568550638717127],"Categories":["Nakazawaea pomicola","Nakazawaea pomicola","Nakazawaea","Saccharomycetaceae","Saccharomycetales"],"Properties":[4,5,3]}}