{"1213":{"Path":["0","0","1214","1214"],"Coordinates":[0.512502130596516,0.3137696219614956,0.32290553011568013],"Categories":["Candida silvae","Candida silvae","Candida","","Saccharomycetales"],"Properties":[5,2,2]},"1214":{"Path":["0","0","1214","1214"],"Coordinates":[0.50876649326186985,0.31048108853076956,0.32242536183372517],"Categories":["Candida silvae","Candida silvae","Candida","","Saccharomycetales"],"Properties":[5,2,2]}}