{"3863":{"Path":["0","0","3863","3863"],"Coordinates":[0.41468802095546775,0.45797517499780871,0.7874598994744304],"Categories":["Kazachstania wufongensis","Kazachstania wufongensis","Kazachstania","Saccharomycetaceae","Saccharomycetales"],"Properties":[4,3,7]},"3864":{"Path":["0","0","3863","3863"],"Coordinates":[0.41437746882892496,0.45600751015423346,0.7872814269553754],"Categories":["Kazachstania wufongensis","Kazachstania wufongensis","Kazachstania","Saccharomycetaceae","Saccharomycetales"],"Properties":[4,3,7]}}