{"292":{"Path":["7","20","105","292"],"Coordinates":[-0.57760713192019164,0.52695701442001264,-0.0954785664946636],"Categories":["Candida catenulata","Candida catenulata","Candida","","Saccharomycetales"],"Properties":[-5,4,0]},"1060":{"Path":["7","20","105","292"],"Coordinates":[-0.5765623639004932,0.52460926011430864,-0.09663697387381022],"Categories":["Ogataea polymorpha","Ogataea polymorpha","Ogataea","Saccharomycetaceae","Saccharomycetales"],"Properties":[-5,4,0]}}