{"2265":{"Path":["0","0","2265","2265"],"Coordinates":[0.51821051132766827,0.40306052330948383,0.042810469087690192],"Categories":["Kazachstania piceae","Kazachstania piceae","Kazachstania","Saccharomycetaceae","Saccharomycetales"],"Properties":[5,3,0]}}