{"2563":{"Path":["0","0","2564","2563"],"Coordinates":[0.3911138367643815,0.29192475814040691,0.23708412560536368],"Categories":["Bullera hannae","Bullera hannae","Bullera","Tremellaceae","Tremellales"],"Properties":[3,2,2]}}