{"189":{"Path":["4","27","189","189"],"Coordinates":[-0.51113388700200446,0.64528655822261083,-0.031943410145254862],"Categories":["Kazachstania exigua","Kazachstania exigua","Kazachstania","Saccharomycetaceae","Saccharomycetales"],"Properties":[-5,5,0]},"2240":{"Path":["4","27","189","189"],"Coordinates":[-0.51309426630053445,0.64345703626148609,-0.029207953559209538],"Categories":["Trichosporon dermatis","Trichosporon mucoides","Trichosporon","Trichosporonaceae","Tremellales"],"Properties":[-5,5,0]}}