{"3159":{"Path":["0","0","3160","3160"],"Coordinates":[0.59781255107021414,0.32242268506886823,0.73084457685232806],"Categories":["Metschnikowia kunwiensis","Metschnikowia kunwiensis","Metschnikowia","Metschnikowiaceae","Saccharomycetales"],"Properties":[5,2,6]},"3160":{"Path":["0","0","3160","3160"],"Coordinates":[0.597769209144485,0.3261270390339252,0.72612484347224815],"Categories":["Metschnikowia kunwiensis","Metschnikowia kunwiensis","Metschnikowia","Metschnikowiaceae","Saccharomycetales"],"Properties":[5,2,6]}}