{"3201":{"Path":["0","0","3201","3201"],"Coordinates":[0.44750687335812972,0.44689078767880919,0.59044040245603013],"Categories":["Cryptococcus taeanensis","Cryptococcus taeanensis","Cryptococcus","Tremellaceae","Tremellales"],"Properties":[4,3,5]}}