{"86":{"Path":["7","26","86","86"],"Coordinates":[-0.51331547533677235,0.55086964677273009,-0.093023709614088027],"Categories":["Candida stellata","Candida stellata","Candida","","Saccharomycetales"],"Properties":[-5,4,0]},"726":{"Path":["7","26","86","726"],"Coordinates":[-0.52007115830746065,0.55804264444477381,-0.080717256754530856],"Categories":["Hyphopichia burtonii","Hyphopichia burtonii","Hyphopichia","Saccharomycetaceae","Saccharomycetales"],"Properties":[-5,4,0]},"770":{"Path":["7","26","86","770"],"Coordinates":[-0.51472101941815329,0.55598315459598724,-0.082442474326959572],"Categories":["Trichosporon asahii","Trichosporon coremiiforme","Trichosporon","Trichosporonaceae","Tremellales"],"Properties":[-5,4,0]}}