{"1101":{"Path":["0","0","1101","1101"],"Coordinates":[0.485424153293984,0.75528597987869728,0.65611594552779406],"Categories":["Candida pyralidae","Candida pyralidae","Candida","","Saccharomycetales"],"Properties":[4,6,5]},"1102":{"Path":["0","0","1101","1101"],"Coordinates":[0.48619239535864922,0.75742767923841359,0.66273583434730388],"Categories":["Candida pyralidae","Candida pyralidae","Candida","","Saccharomycetales"],"Properties":[4,6,5]}}