{"2076":{"Path":["0","0","2076","2076"],"Coordinates":[0.41203137304240778,0.42185033244472758,0.56219381548719283],"Categories":["Bensingtonia yuccicola","Bensingtonia yuccicola","Bensingtonia","Agaricostilbaceae","Agaricostilbales"],"Properties":[4,3,5]}}