{"964":{"Path":["0","0","964","964"],"Coordinates":[0.48688927123772724,0.46018992409507942,0.418483536970958],"Categories":["Rhodotorula ingeniosa","Rhodotorula ingeniosa","Rhodotorula","","Sporidiobolales"],"Properties":[4,3,3]}}