{"1175":{"Path":["0","0","1175","1175"],"Coordinates":[0.32872253777424826,0.66839658618975351,0.62583362640859885],"Categories":["Candida atlantica","Candida atlantica","Candida","","Saccharomycetales"],"Properties":[3,5,5]},"1176":{"Path":["0","0","1175","1175"],"Coordinates":[0.32842333192029327,0.66854529269516172,0.63082245014092386],"Categories":["Candida atlantica","Candida atlantica","Candida","","Saccharomycetales"],"Properties":[3,5,5]}}