{"75":{"Path":["1","29","75","75"],"Coordinates":[-0.33190676113383988,0.10328953967177784,-0.26525938706514957],"Categories":["Cryptococcus aerius","Cryptococcus aerius","Cryptococcus","Tremellaceae","Tremellales"],"Properties":[-3,0,-2]},"323":{"Path":["1","29","75","323"],"Coordinates":[-0.33877630407619691,0.10337585683687335,-0.25675561175850886],"Categories":["Cryptococcus humicola","Cryptococcus humicola","Cryptococcus","Tremellaceae","Tremellales"],"Properties":[-3,0,-2]},"833":{"Path":["1","29","75","833"],"Coordinates":[-0.32841054487504712,0.10675736440419652,-0.25708772832809357],"Categories":["Kluyveromyces wickerhamii","Kluyveromyces wickerhamii","Kluyveromyces","Saccharomycetaceae","Saccharomycetales"],"Properties":[-3,0,-2]}}