{"4116":{"Path":["0","0","1513","4117"],"Coordinates":[0.56630677204955548,0.33078372924657684,0.44451818696320333],"Categories":["Scheffersomyces queiroziae","Scheffersomyces queiroziae","Scheffersomyces","Debaryomycetaceae","Saccharomycetales"],"Properties":[5,2,4]},"4117":{"Path":["0","0","1513","4117"],"Coordinates":[0.56631185818859031,0.33079810696044826,0.44452292103469276],"Categories":["Scheffersomyces queiroziae","Scheffersomyces queiroziae","Scheffersomyces","Debaryomycetaceae","Saccharomycetales"],"Properties":[5,2,4]}}