{"3240":{"Path":["0","0","3240","3240"],"Coordinates":[0.52432121201895621,0.709123278153587,0.39808134427162667],"Categories":["Candida pimensis","Candida pimensis","Candida","","Saccharomycetales"],"Properties":[5,5,3]}}