{"1597":{"Path":["0","0","1597","1597"],"Coordinates":[0.42161071492930235,0.673507703260821,0.40760132947916555],"Categories":["Pichia nakasei","Pichia nakasei","Pichia","Saccharomycetaceae","Saccharomycetales"],"Properties":[4,5,3]}}