{"2868":{"Path":["0","0","2869","2869"],"Coordinates":[0.42288515344358174,0.61549681432666725,0.12493269303706479],"Categories":["Candida peoriaensis","Candida peoriaensis","Candida","","Saccharomycetales"],"Properties":[4,4,1]},"2869":{"Path":["0","0","2869","2869"],"Coordinates":[0.42366204001058716,0.61492690880220691,0.12466500838261854],"Categories":["Candida peoriaensis","Candida peoriaensis","Candida","","Saccharomycetales"],"Properties":[4,4,1]}}