{"2520":{"Path":["0","0","2521","2520"],"Coordinates":[0.7719030981432089,0.84842288965852564,0.47359265997571753],"Categories":["Fellomyces fuzhouensis","Fellomyces fuzhouensis","Fellomyces","Cuniculitremaceae","Tremellales"],"Properties":[7,6,4]},"2521":{"Path":["0","0","2521","2521"],"Coordinates":[0.53415214213169182,0.72685208476488616,0.686414202112509],"Categories":["Fellomyces fuzhouensis","Fellomyces fuzhouensis","Fellomyces","Cuniculitremaceae","Tremellales"],"Properties":[5,5,6]}}