{"1847":{"Path":["0","0","1847","1847"],"Coordinates":[0.78022182549586494,0.39443479136977905,0.57536612619762129],"Categories":["Clavispora opuntiae","Clavispora opuntiae","Clavispora","Metschnikowiaceae","Saccharomycetales"],"Properties":[7,3,5]}}