{"4137":{"Path":["0","0","4137","4137"],"Coordinates":[0.41787149333957752,0.37767970259946831,0.2485604891729937],"Categories":["Candida morakotiae","Candida morakotiae","Candida","","Saccharomycetales"],"Properties":[4,3,2]}}