{"1458":{"Path":["0","0","1458","1458"],"Coordinates":[0.14757788949516643,0.61312882989383,0.43897283487264538],"Categories":["Ogataea pignaliae","Ogataea pignaliae","Ogataea","Saccharomycetaceae","Saccharomycetales"],"Properties":[1,4,3]}}