{"4005":{"Path":["0","0","4004","4005"],"Coordinates":[0.45058180894174688,0.41147670804493125,0.6889014902890529],"Categories":["Rhodotorula silvestris","Rhodotorula silvestris","Rhodotorula","","Sporidiobolales"],"Properties":[4,3,6]}}