{"2806":{"Path":["0","0","2806","2806"],"Coordinates":[0.81530700879641227,0.539076658612647,0.23354094307790344],"Categories":["Nakazawaea wyomingensis","Nakazawaea wyomingensis","Nakazawaea","Saccharomycetaceae","Saccharomycetales"],"Properties":[8,4,2]}}