{"2994":{"Path":["0","2134","2134","2994"],"Coordinates":[0.40603740775032188,0.45087419057534045,0.40503489100494888],"Categories":["Botryozyma mucatilis","Botryozyma mucatilis","Botryozyma","","Saccharomycetales"],"Properties":[4,3,3]}}