{"4098":{"Path":["0","0","1722","4098"],"Coordinates":[0.35116077341240093,0.52884631817285888,0.36712564212276377],"Categories":["Candida sphagnicola","Candida sphagnicola","Candida","","Saccharomycetales"],"Properties":[3,4,3]}}