{"3495":{"Path":["0","0","3495","3495"],"Coordinates":[0.27533658055478449,0.41041711364778882,0.85052664533442945],"Categories":["Candida cellae","Candida cellae","Candida","","Saccharomycetales"],"Properties":[2,3,7]},"3496":{"Path":["0","0","3495","3495"],"Coordinates":[0.27535918881656773,0.41038602012490383,0.85054270667729825],"Categories":["Candida cellae","Candida cellae","Candida","","Saccharomycetales"],"Properties":[2,3,7]}}