{"3523":{"Path":["0","0","3523","3523"],"Coordinates":[0.82179706586622148,0.24028495191466553,0.34884710571301464],"Categories":["Blastobotrys robertii","Blastobotrys robertii","Blastobotrys","Trichomonascaceae","Saccharomycetales"],"Properties":[8,1,3]},"3605":{"Path":["0","0","3523","3605"],"Coordinates":[0.713685696398343,0.41493417521547032,0.32658641761764712],"Categories":["Blastobotrys muscicola","Blastobotrys muscicola","Blastobotrys","Trichomonascaceae","Saccharomycetales"],"Properties":[7,3,2]}}