{"3853":{"Path":["0","0","3853","3853"],"Coordinates":[0.82289268503324631,0.40714550846790964,0.33675901092828275],"Categories":["Candida asiatica","Candida asiatica","Candida","","Saccharomycetales"],"Properties":[8,3,3]}}