{"3075":{"Path":["0","0","3075","3075"],"Coordinates":[0.37597202671904889,0.39652663554162121,0.77997186761913517],"Categories":["Pichia dianae","Pichia dianae","Pichia","Saccharomycetaceae","Saccharomycetales"],"Properties":[3,3,7]}}