{"1297":{"Path":["0","0","1297","1297"],"Coordinates":[0.75822468286261646,0.6937523595458237,0.440943680779697],"Categories":["Candida albicans","Candida albicans","Candida","","Saccharomycetales"],"Properties":[7,5,3]},"1298":{"Path":["0","0","1297","1297"],"Coordinates":[0.758227615165292,0.69379968741962128,0.44091474425062221],"Categories":["Candida albicans","Candida albicans","Candida","","Saccharomycetales"],"Properties":[7,5,3]}}