{"3029":{"Path":["0","0","0","3029"],"Coordinates":[0.61277973126456464,0.5310864323336183,0.33823320589675382],"Categories":["Sporobolomyces odoratus","Sporobolomyces odoratus","Sporobolomyces","","Sporidiobolales"],"Properties":[6,4,3]}}