{"800":{"Path":["0","0","804","800"],"Coordinates":[0.58110311709253382,0.298928881684154,0.42652099965398155],"Categories":["Lodderomyces elongisporus","Lodderomyces elongisporus","Lodderomyces","Saccharomycetaceae","Saccharomycetales"],"Properties":[5,2,3]},"804":{"Path":["0","0","804","804"],"Coordinates":[0.4108768385163038,0.37858191713554634,0.46073787539276362],"Categories":["Lodderomyces elongisporus","Lodderomyces elongisporus","Lodderomyces","Saccharomycetaceae","Saccharomycetales"],"Properties":[4,3,4]}}