{"1645":{"Path":["0","0","411","1645"],"Coordinates":[0.5356847343058776,0.580492064362915,0.62343236308140393],"Categories":["Candida methanolovescens","Candida methanolovescens","Candida","","Saccharomycetales"],"Properties":[5,4,5]}}