{"1317":{"Path":["0","0","411","1317"],"Coordinates":[0.52777478520981269,0.44855422650694243,0.52994808774125779],"Categories":["Ogataea glucozyma","Ogataea glucozyma","Ogataea","Saccharomycetaceae","Saccharomycetales"],"Properties":[5,3,4]}}