{"2700":{"Path":["0","0","2700","2700"],"Coordinates":[0.50612817532282939,0.57509493187569083,0.60731990768212007],"Categories":["Cyberlindnera lachancei","Cyberlindnera lachancei","Cyberlindnera","","Saccharomycetales"],"Properties":[5,4,5]}}