{"48":{"Path":["2","48","48","48"],"Coordinates":[-0.25654652400042405,0.4657004708865794,0.11708160177250283],"Categories":["Candida glabrata","Candida glabrata","Candida","","Saccharomycetales"],"Properties":[-2,3,1]},"908":{"Path":["2","48","48","48"],"Coordinates":[-0.25291130103391324,0.46778301054651128,0.11623100313255935],"Categories":["Candida tropicalis","Candida viswanathii","Candida","","Saccharomycetales"],"Properties":[-2,3,1]},"3558":{"Path":["2","48","48","48"],"Coordinates":[-0.25700243139988627,0.46232682057731228,0.11426238447362748],"Categories":["Farysizyma setubalensis","Farysizyma setubalensis","Farysizyma","","Ustilaginales"],"Properties":[-2,3,1]}}