{"1585":{"Path":["0","0","1585","1585"],"Coordinates":[0.19753408787559587,0.62586352869662365,0.92193602197666558],"Categories":["Cystofilobasidium bisporidii","Cystofilobasidium bisporidii","Cystofilobasidium","Cystofilobasidiaceae","Cystofilobasidiales"],"Properties":[1,5,8]}}