{"57":{"Path":["57","57","57","57"],"Coordinates":[0.36030724710660922,0.88591778240820185,0.10856894664667885],"Categories":["Candida glabrata","Candida glabrata","Candida","","Saccharomycetales"],"Properties":[3,7,0]}}