{"4226":{"Path":["0","0","4226","4226"],"Coordinates":[0.6299287325629781,0.859646573298588,0.372911308580741],"Categories":["Wickerhamiella cachassae","Wickerhamiella cachassae","Wickerhamiella","","Saccharomycetales"],"Properties":[6,6,3]}}