{"3726":{"Path":["0","0","3726","3726"],"Coordinates":[0.14048759830670102,0.36809084977444045,0.53275013225793177],"Categories":["Candida floris","Candida floris","Candida","","Saccharomycetales"],"Properties":[1,2,4]}}