{"3472":{"Path":["0","0","3472","3472"],"Coordinates":[0.39832700226162043,0.59629577224473729,0.60320911298220115],"Categories":["Dioszegia fristingensis","Dioszegia fristingensis","Dioszegia","Tremellaceae","Tremellales"],"Properties":[3,4,5]}}