{"313":{"Path":["7","32","191","313"],"Coordinates":[-0.41654659532166111,0.42048098999510691,-0.15563356028817985],"Categories":["Cryptococcus curvatus","Cryptococcus curvatus","Cryptococcus","Tremellaceae","Tremellales"],"Properties":[-4,3,-1]},"880":{"Path":["7","32","191","313"],"Coordinates":[-0.41633616071219376,0.41766393524621304,-0.15261982693284498],"Categories":["Kazachstania spencerorum","Kazachstania spencerorum","Kazachstania","Saccharomycetaceae","Saccharomycetales"],"Properties":[-4,3,-1]}}