{"3075":{"Path":["0","0","3075","3075"],"Coordinates":[0.020792702873271812,0.45141810350430805,0.37624832693082866],"Categories":["Pichia dianae","Pichia dianae","Pichia","Saccharomycetaceae","Saccharomycetales"],"Properties":[0,3,3]}}