{"4086":{"Path":["0","0","4089","4086"],"Coordinates":[0.15868906457622406,0.11040158007003886,0.33257624365262328],"Categories":["Spencermartinsiella europaea","Spencermartinsiella europaea","Spencermartinsiella","Trichomonascaceae","Saccharomycetales"],"Properties":[1,0,2]},"4089":{"Path":["0","0","4089","4089"],"Coordinates":[0.3181375711068028,0.35764263428974,0.48054901472634082],"Categories":["Spencermartinsiella europaea","Spencermartinsiella europaea","Spencermartinsiella","Trichomonascaceae","Saccharomycetales"],"Properties":[3,2,4]}}