{"4250":{"Path":["0","0","4251","4251"],"Coordinates":[0.22765697442116914,0.73126565751437611,0.60340361017073429],"Categories":["Citeromyces nyonsensis","Citeromyces nyonsensis","Citeromyces","Saccharomycetaceae","Saccharomycetales"],"Properties":[2,5,5]},"4251":{"Path":["0","0","4251","4251"],"Coordinates":[0.22827543102282924,0.73044286189329011,0.60310266728704842],"Categories":["Citeromyces nyonsensis","Citeromyces nyonsensis","Citeromyces","Saccharomycetaceae","Saccharomycetales"],"Properties":[2,5,5]}}