{"2692":{"Path":["0","0","2692","2692"],"Coordinates":[0.44049488501643769,0.46419284747437151,0.485332005484214],"Categories":["Saccharomycopsis lassenensis","Saccharomycopsis lassenensis","Saccharomycopsis","Saccharomycopsidaceae","Saccharomycetales"],"Properties":[4,3,4]}}