{"3889":{"Path":["0","0","3889","3889"],"Coordinates":[0.69024756444029622,0.42469125973543331,0.51424728424190114],"Categories":["Ambrosiozyma vanderkliftii","Ambrosiozyma vanderkliftii","Ambrosiozyma","","Saccharomycetales"],"Properties":[6,3,4]}}