{"1761":{"Path":["0","1761","1761","1761"],"Coordinates":[0.68743168506786856,0.22986386837195583,0.41402842201065987],"Categories":["Symbiotaphrina buchneri","Symbiotaphrina buchneri","Symbiotaphrina","",""],"Properties":[6,1,3]}}