{"4267":{"Path":["0","0","3794","4267"],"Coordinates":[0.6683705992898149,0.18459849906463688,0.43796878398048816],"Categories":["Hannaella phetchabunensis","Hannaella phetchabunensis","Hannaella","","Tremellales"],"Properties":[6,1,3]}}