{"722":{"Path":["0","0","722","722"],"Coordinates":[0.48184842193015642,0.58695566163920909,0.44065151473430669],"Categories":["Hyphopichia burtonii","Hyphopichia burtonii","Hyphopichia","Saccharomycetaceae","Saccharomycetales"],"Properties":[4,4,3]}}