{"2706":{"Path":["0","0","2706","2706"],"Coordinates":[0.76268142352314361,0.30364125013416027,0.53349490566431446],"Categories":["Zygosaccharomyces lentus","Zygosaccharomyces lentus","Zygosaccharomyces","Saccharomycetaceae","Saccharomycetales"],"Properties":[7,2,4]}}