{"1647":{"Path":["0","0","1646","1647"],"Coordinates":[0.099383901431233976,0.43121506930333725,0.34785532995275009],"Categories":["Ogataea methanolica","Ogataea methanolica","Ogataea","Saccharomycetaceae","Saccharomycetales"],"Properties":[0,3,3]}}