{"1442":{"Path":["0","0","1442","1442"],"Coordinates":[0.38611938558407993,0.56679112155609168,0.615996227330517],"Categories":["Brettanomyces naardenensis","Brettanomyces naardenensis","Brettanomyces","Pichiaceae","Saccharomycetales"],"Properties":[3,4,5]}}