{"560":{"Path":["0","0","560","560"],"Coordinates":[0.45496575475888679,0.36977213626861805,0.72573057691782761],"Categories":["Wickerhamomyces chambardii","Wickerhamomyces chambardii","Wickerhamomyces","","Saccharomycetales"],"Properties":[4,2,6]}}