{"3728":{"Path":["0","0","3728","3728"],"Coordinates":[0.29346383852909391,0.49207158027947845,0.31113605762963853],"Categories":["Cryptococcus hepingensis","Cryptococcus hepingensis","Cryptococcus","Tremellaceae","Tremellales"],"Properties":[2,3,2]},"3941":{"Path":["0","0","3728","3941"],"Coordinates":[0.527537520092582,0.7193308349011136,0.39474969916933345],"Categories":["Hannaella pagnoccae","Hannaella pagnoccae","Hannaella","","Tremellales"],"Properties":[5,5,3]}}