{"4123":{"Path":["0","0","4123","4123"],"Coordinates":[0.19285876314476982,0.59422296593119561,0.19237416438271315],"Categories":["Starmerella jinningensis","Starmerella jinningensis","Starmerella","Saccharomycetaceae","Saccharomycetales"],"Properties":[1,4,1]}}