{"3501":{"Path":["0","0","3501","3501"],"Coordinates":[0.625320474970531,0.74512022685763735,0.73447903133943648],"Categories":["Candida sithepensis","Candida sithepensis","Candida","","Saccharomycetales"],"Properties":[6,5,6]},"3502":{"Path":["0","0","3501","3501"],"Coordinates":[0.62557883246320167,0.74523947759229014,0.73451638802006458],"Categories":["Candida sithepensis","Candida sithepensis","Candida","","Saccharomycetales"],"Properties":[6,5,6]}}