{"2716":{"Path":["0","0","687","2716"],"Coordinates":[0.528406152067411,0.394534434548435,0.35426202752537067],"Categories":["Candida vaughaniae","Candida vaughaniae","Candida","","Saccharomycetales"],"Properties":[5,3,3]}}