{"3024":{"Path":["0","0","0","3024"],"Coordinates":[0.618495098380165,0.42795296252781878,0.34548838968555251],"Categories":["Sporobolomyces poonsookiae","Sporobolomyces poonsookiae","Sporobolomyces","","Sporidiobolales"],"Properties":[6,3,3]},"3025":{"Path":["0","0","0","3024"],"Coordinates":[0.61846310731353815,0.42792003679284235,0.3454400761702055],"Categories":["Sporobolomyces poonsookiae","Sporobolomyces poonsookiae","Sporobolomyces","","Sporidiobolales"],"Properties":[6,3,3]}}