{"3603":{"Path":["0","0","3603","3603"],"Coordinates":[0.8699413660735098,0.37270873896142642,0.5119031573646613],"Categories":["Blastobotrys americana","Blastobotrys americana","Blastobotrys","Trichomonascaceae","Saccharomycetales"],"Properties":[8,2,4]},"3604":{"Path":["0","0","3603","3603"],"Coordinates":[0.87036710698992459,0.37315878164726779,0.51281189555532825],"Categories":["Blastobotrys americana","Blastobotrys americana","Blastobotrys","Trichomonascaceae","Saccharomycetales"],"Properties":[8,2,4]}}