{"416":{"Path":["0","416","416","416"],"Coordinates":[0.34756087204972425,0.314638030384878,0.2196740215765105],"Categories":["Zygotorulaspora florentina","Zygotorulaspora florentina","Zygotorulaspora","Saccharomycetaceae","Saccharomycetales"],"Properties":[3,2,1]},"950":{"Path":["0","416","950","950"],"Coordinates":[0.68737995222992987,0.59071915592268909,0.51211738411412133],"Categories":["Zygotorulaspora mrakii","Zygotorulaspora mrakii","Zygotorulaspora","Saccharomycetaceae","Saccharomycetales"],"Properties":[6,4,4]}}