{"3500":{"Path":["0","0","3501","3500"],"Coordinates":[0.80199711445732136,0.79251037792697021,0.5827290690410778],"Categories":["Ogataea siamensis","Ogataea siamensis","Ogataea","Saccharomycetaceae","Saccharomycetales"],"Properties":[8,6,5]}}