{"2824":{"Path":["0","0","2825","2824"],"Coordinates":[0.5483401577006497,0.72209818327692865,0.88143336437822606],"Categories":["Barnettozyma hawaiiensis","Barnettozyma hawaiiensis","Barnettozyma","","Saccharomycetales"],"Properties":[5,5,7]},"2825":{"Path":["0","0","2825","2825"],"Coordinates":[0.53785956110012056,0.71409599163181225,0.88722116270924112],"Categories":["Barnettozyma hawaiiensis","Barnettozyma hawaiiensis","Barnettozyma","","Saccharomycetales"],"Properties":[5,5,7]}}