{"3528":{"Path":["0","0","3527","3528"],"Coordinates":[0.72310347116502138,0.41994048479717105,0.61652383235469188],"Categories":["Cryptococcus bestiolae","Cryptococcus bestiolae","Cryptococcus","Tremellaceae","Tremellales"],"Properties":[7,3,5]}}