{"2843":{"Path":["0","0","2843","2843"],"Coordinates":[0.670136549483997,0.71662520753779557,0.42552691233302131],"Categories":["Candida anutae","Candida anutae","Candida","","Saccharomycetales"],"Properties":[6,5,3]}}