{"3452":{"Path":["0","2609","3452","3452"],"Coordinates":[0.60252010621070851,0.61125703156310107,0.60282343610309252],"Categories":["Pseudozyma parantarctica","Pseudozyma parantarctica","Pseudozyma","Ustilaginaceae","Ustilaginales"],"Properties":[6,4,5]}}