{"2715":{"Path":["0","0","687","2715"],"Coordinates":[0.55492568830923039,0.43791771511092886,0.55881369882888],"Categories":["Candida vaughaniae","Candida vaughaniae","Candida","","Saccharomycetales"],"Properties":[5,3,5]}}