{"1051":{"Path":["0","0","1051","1051"],"Coordinates":[0.50721454071626015,0.71336460508771815,0.49011289280692044],"Categories":["Sterigmatomyces halophilus","Sterigmatomyces halophilus","Sterigmatomyces","Agaricostilbaceae","Agaricostilbales"],"Properties":[5,5,4]}}