{"194":{"Path":["5","44","194","194"],"Coordinates":[-0.52885459862210715,0.2710395719884951,-0.051974238430098088],"Categories":["Kazachstania unispora","Kazachstania unispora","Kazachstania","Saccharomycetaceae","Saccharomycetales"],"Properties":[-5,2,0]},"766":{"Path":["5","44","194","766"],"Coordinates":[-0.52733414352501218,0.25618023704159315,-0.049666833771840342],"Categories":["Trichosporon asahii","Trichosporon coremiiforme","Trichosporon","Trichosporonaceae","Tremellales"],"Properties":[-5,2,0]}}