{"1642":{"Path":["0","0","1642","1642"],"Coordinates":[0.35186331313823604,0.48280614183783815,0.5013235903331229],"Categories":["Candida kruisii","Candida kruisii","Candida","","Saccharomycetales"],"Properties":[3,3,4]}}