{"3598":{"Path":["0","0","3598","3598"],"Coordinates":[0.26250665244345234,0.93314610413136734,0.305544249404462],"Categories":["Metschnikowia orientalis","Metschnikowia orientalis","Metschnikowia","Metschnikowiaceae","Saccharomycetales"],"Properties":[2,7,2]}}