{"19":{"Path":["5","19","19","19"],"Coordinates":[-0.52175681145170794,0.40033949491253812,-0.10538291230924607],"Categories":["Candida tropicalis","Candida tropicalis","Candida","","Saccharomycetales"],"Properties":[-5,3,0]},"146":{"Path":["5","19","146","146"],"Coordinates":[-0.49868576627048111,0.41017156797666671,-0.12138092585740122],"Categories":["Hanseniaspora uvarum","Hanseniaspora uvarum","Hanseniaspora","Saccharomycodaceae","Saccharomycetales"],"Properties":[-4,3,-1]}}