{"3009":{"Path":["0","0","3160","3009"],"Coordinates":[0.269366382067138,0.54781899446811422,0.76276726834964026],"Categories":["Metschnikowia kunwiensis","Metschnikowia kunwiensis","Metschnikowia","Metschnikowiaceae","Saccharomycetales"],"Properties":[2,4,6]},"3160":{"Path":["0","0","3160","3160"],"Coordinates":[0.16787195312869638,0.43334984430690993,0.81892545673501449],"Categories":["Metschnikowia kunwiensis","Metschnikowia kunwiensis","Metschnikowia","Metschnikowiaceae","Saccharomycetales"],"Properties":[1,3,7]}}