{"3006":{"Path":["0","0","3006","3006"],"Coordinates":[0.73977881153157488,0.68498226998693834,0.68806446437380187],"Categories":["Metschnikowia arizonensis","Metschnikowia arizonensis","Metschnikowia","Metschnikowiaceae","Saccharomycetales"],"Properties":[7,5,6]}}