{"960":{"Path":["0","960","960","960"],"Coordinates":[0.31292573390763329,0.5352934920591419,0.79483894602462346],"Categories":["Candida norvegica","Candida norvegica","Candida","","Saccharomycetales"],"Properties":[3,4,7]},"961":{"Path":["0","960","960","960"],"Coordinates":[0.31286903736758126,0.53721940469837826,0.79537527242559214],"Categories":["Candida norvegica","Candida norvegica","Candida","","Saccharomycetales"],"Properties":[3,4,7]}}