{"3971":{"Path":["0","0","3971","3971"],"Coordinates":[0.38312293804717523,0.081872703490330684,0.91635616456535574],"Categories":["Ogataea populialbae","Ogataea populialbae","Ogataea","Saccharomycetaceae","Saccharomycetales"],"Properties":[3,0,8]}}