{"1692":{"Path":["0","0","1692","1692"],"Coordinates":[0.67721808663069993,0.54612538485871576,0.59304617104438673],"Categories":["Yamadazyma philogaea","Yamadazyma philogaea","Yamadazyma","Saccharomycetaceae","Saccharomycetales"],"Properties":[6,4,5]},"1693":{"Path":["0","0","1692","1692"],"Coordinates":[0.6771897954215812,0.54616339848986339,0.59303022684606854],"Categories":["Yamadazyma philogaea","Yamadazyma philogaea","Yamadazyma","Saccharomycetaceae","Saccharomycetales"],"Properties":[6,4,5]}}