{"3861":{"Path":["0","0","3861","3861"],"Coordinates":[0.52129535121749371,0.35535060868397217,0.526248160611418],"Categories":["Rhodotorula cladiensis","Rhodotorula cladiensis","Rhodotorula","","Sporidiobolales"],"Properties":[5,2,4]}}