{"1788":{"Path":["0","2609","1788","1788"],"Coordinates":[0.65090885402145771,0.39377448690512645,0.57788966612962533],"Categories":["Pseudozyma fusiformata","Pseudozyma fusiformata","Pseudozyma","Ustilaginaceae","Ustilaginales"],"Properties":[6,3,5]}}