{"2741":{"Path":["0","0","2741","2741"],"Coordinates":[0.40491652227146074,0.67107326100565734,0.24266866022379569],"Categories":["Kodamaea kakaduensis","Kodamaea kakaduensis","Kodamaea","Saccharomycetaceae","Saccharomycetales"],"Properties":[4,5,2]},"2742":{"Path":["0","0","2741","2742"],"Coordinates":[0.67409104317440049,0.62691259177116843,0.094887027451959],"Categories":["Kodamaea kakaduensis","Kodamaea kakaduensis","Kodamaea","Saccharomycetaceae","Saccharomycetales"],"Properties":[6,5,0]}}