{"23":{"Path":["3","23","23","23"],"Coordinates":[-0.30116492663875044,0.2190366878244375,-0.18934064718446372],"Categories":["Pichia membranifaciens","Pichia membranifaciens","Pichia","Saccharomycetaceae","Saccharomycetales"],"Properties":[-3,1,-1]},"889":{"Path":["3","23","23","23"],"Coordinates":[-0.30009812535443808,0.22099255710540777,-0.18520194709621293],"Categories":["Lachancea kluyveri","Lachancea kluyveri","Lachancea","Saccharomycetaceae","Saccharomycetales"],"Properties":[-3,1,-1]},"2190":{"Path":["3","23","23","23"],"Coordinates":[-0.30406529856084308,0.21511054465038479,-0.1896146250606191],"Categories":["Sporobolomyces lactophilus","Sporobolomyces lactophilus","Sporobolomyces","","Sporidiobolales"],"Properties":[-3,1,-1]}}