{"1961":{"Path":["0","0","1961","1961"],"Coordinates":[0.56756868518978432,0.61511831906394132,0.5382055659961188],"Categories":["Cystofilobasidium ferigula","Cystofilobasidium ferigula","Cystofilobasidium","Cystofilobasidiaceae","Cystofilobasidiales"],"Properties":[5,4,4]}}