{"2564":{"Path":["0","0","2564","2564"],"Coordinates":[0.37798668178221745,0.41196789880813672,0.57396670691159968],"Categories":["Bullera hannae","Bullera hannae","Bullera","Tremellaceae","Tremellales"],"Properties":[3,3,5]},"2565":{"Path":["0","0","2564","2564"],"Coordinates":[0.37792881513260274,0.41194459107539588,0.57397042267498877],"Categories":["Bullera hannae","Bullera hannae","Bullera","Tremellaceae","Tremellales"],"Properties":[3,3,5]}}