{"809":{"Path":["0","0","809","809"],"Coordinates":[0.70810927753300812,0.571532859795337,0.18019104961330076],"Categories":["Kregervanrija delftensis","Kregervanrija delftensis","Kregervanrija","Saccharomycetaceae","Saccharomycetales"],"Properties":[7,4,1]}}