{"3951":{"Path":["3951","3951","3951","3951"],"Coordinates":[0.99860800383893167,0.61276015046241838,0.450976426942296],"Categories":["Prototheca cutis","Prototheca cutis","Prototheca","",""],"Properties":[9,4,4]}}