{"1097":{"Path":["0","0","1097","1097"],"Coordinates":[0.32819605220841891,0.35797785578335906,0.31982588301456266],"Categories":["Cryptococcus skinneri","Cryptococcus skinneri","Cryptococcus","Tremellaceae","Tremellales"],"Properties":[3,2,2]},"1100":{"Path":["0","0","1097","1100"],"Coordinates":[0.5693894789425662,0.45450828881710953,0.73902695125366535],"Categories":["Cryptococcus skinneri","Cryptococcus skinneri","Cryptococcus","Tremellaceae","Tremellales"],"Properties":[5,3,6]}}