{"4154":{"Path":["0","0","4154","4154"],"Coordinates":[0.49707177125173468,0.56289038025217486,0.32483118176515918],"Categories":["Wickerhamomyces scolytoplatypi","Wickerhamomyces scolytoplatypi","Wickerhamomyces","","Saccharomycetales"],"Properties":[4,4,2]}}