{"1580":{"Path":["0","0","522","1580"],"Coordinates":[0.42301169290676505,0.50179225530851024,0.65554447112028735],"Categories":["Saturnispora besseyi","Saturnispora besseyi","Saturnispora","Saccharomycetaceae","Saccharomycetales"],"Properties":[4,4,5]}}