{"31":{"Path":["0","31","31","31"],"Coordinates":[-0.42060028231712782,0.4724755133048994,0.031546179589739029],"Categories":["Filobasidiella neoformans","Filobasidiella neoformans","Filobasidiella","","Tremellales"],"Properties":[-4,3,0]},"1856":{"Path":["0","31","31","31"],"Coordinates":[-0.41538541153208491,0.47408639540794173,0.031769580600853664],"Categories":["Saccharomycodes sinensis","Saccharomycodes sinensis","Saccharomycodes","Saccharomycodaceae","Saccharomycetales"],"Properties":[-4,3,0]}}