{"3472":{"Path":["0","0","3472","3472"],"Coordinates":[0.3980305259060371,0.60520618461898468,0.49880245419688063],"Categories":["Dioszegia fristingensis","Dioszegia fristingensis","Dioszegia","Tremellaceae","Tremellales"],"Properties":[3,4,4]}}