{"1293":{"Path":["0","0","1294","1293"],"Coordinates":[0.12567139158133611,0.15978251913115277,0.86940065936205568],"Categories":["Candida valdiviana","Candida valdiviana","Candida","","Saccharomycetales"],"Properties":[1,1,7]},"1294":{"Path":["0","0","1294","1294"],"Coordinates":[0.11474289354128887,0.17420492232720375,0.86088235608422137],"Categories":["Candida valdiviana","Candida valdiviana","Candida","","Saccharomycetales"],"Properties":[1,1,7]}}