{"1349":{"Path":["0","0","350","1349"],"Coordinates":[0.4640372736130825,0.40244467909978721,0.69091222044790357],"Categories":["Metschnikowia pulcherrima","Metschnikowia pulcherrima","Metschnikowia","Metschnikowiaceae","Saccharomycetales"],"Properties":[4,3,6]}}