{"1966":{"Path":["0","0","1967","1966"],"Coordinates":[0.70267361708957976,0.2432670213763527,0.5149926384692497],"Categories":["Cyberlindnera japonica","Cyberlindnera japonica","Cyberlindnera","","Saccharomycetales"],"Properties":[7,1,4]},"1967":{"Path":["0","0","1967","1967"],"Coordinates":[0.6887881073692127,0.25073604817295314,0.53691069363404165],"Categories":["Cyberlindnera japonica","Cyberlindnera japonica","Cyberlindnera","","Saccharomycetales"],"Properties":[6,2,4]}}