{"1358":{"Path":["0","1358","1358","1358"],"Coordinates":[0.36991587194884817,0.39060131201825721,0.64931580237469266],"Categories":["Phaffia rhodozyma","Phaffia rhodozyma","Phaffia","Cystofilobasidiaceae","Cystofilobasidiales"],"Properties":[3,3,5]}}