{"2270":{"Path":["0","0","2270","2270"],"Coordinates":[0.7410470747852419,0.64937499232883078,0.5542742940921187],"Categories":["Tortispora caseinolytica","Tortispora caseinolytica","Tortispora","Trigonopsidaceae","Saccharomycetales"],"Properties":[7,5,4]}}