{"3791":{"Path":["0","0","3791","3791"],"Coordinates":[0.87558685576622308,0.38290785561566354,0.46136800011926],"Categories":["Ogataea nitratoaversa","Ogataea nitratoaversa","Ogataea","Saccharomycetaceae","Saccharomycetales"],"Properties":[8,3,4]}}