{"482":{"Path":["0","0","483","482"],"Coordinates":[0.79980942469590943,0.33923288576730742,0.65603268365033485],"Categories":["Trigonopsis variabilis","Trigonopsis variabilis","Trigonopsis","","Saccharomycetales"],"Properties":[7,2,5]}}