{"308":{"Path":["0","0","308","308"],"Coordinates":[0.49950465870558375,0.50655706036087955,0.59337954374921353],"Categories":["Cryptococcus curvatus","Cryptococcus curvatus","Cryptococcus","Tremellaceae","Tremellales"],"Properties":[4,4,5]},"4133":{"Path":["0","0","308","4133"],"Coordinates":[0.49188725218452,0.60859253060824026,0.50336890859530914],"Categories":["Cryptococcus cyanovorans","Cryptococcus cyanovorans","Cryptococcus","Tremellaceae","Tremellales"],"Properties":[4,4,4]}}