{"2678":{"Path":["0","0","2678","2678"],"Coordinates":[0.50151990023174231,0.40152367437396475,0.25352143868772103],"Categories":["Danielozyma ontarioensis","Danielozyma ontarioensis","Danielozyma","",""],"Properties":[5,3,2]},"2680":{"Path":["0","0","2678","2680"],"Coordinates":[0.36555044962066485,0.55485652321410006,0.33138508089992397],"Categories":["Danielozyma ontarioensis","Danielozyma ontarioensis","Danielozyma","",""],"Properties":[3,4,2]}}