{"4047":{"Path":["0","0","4047","4047"],"Coordinates":[0.55593975867727208,0.32567271740556936,0.55341120260388055],"Categories":["Candida tanticharoeniae","Candida tanticharoeniae","Candida","","Saccharomycetales"],"Properties":[5,2,4]}}