{"40":{"Path":["0","0","3434","40"],"Coordinates":[0.42252870588733976,0.602086056910573,0.36799368227697282],"Categories":["Kuraishia molischiana","Kuraishia molischiana","Kuraishia","Saccharomycetaceae","Saccharomycetales"],"Properties":[4,4,3]},"41":{"Path":["0","0","3434","41"],"Coordinates":[0.41988339022160553,0.59567496383345042,0.36260803345874154],"Categories":["Kuraishia molischiana","Kuraishia molischiana","Kuraishia","Saccharomycetaceae","Saccharomycetales"],"Properties":[4,4,3]},"3433":{"Path":["0","0","3434","3433"],"Coordinates":[0.43730360808465052,0.62425176844731367,0.39255217473481535],"Categories":["Kuraishia molischiana","Kuraishia molischiana","Kuraishia","Saccharomycetaceae","Saccharomycetales"],"Properties":[4,4,3]},"3434":{"Path":["0","0","3434","3434"],"Coordinates":[0.42368971200583116,0.62644389412582591,0.37885337331750896],"Categories":["Kuraishia molischiana","Kuraishia molischiana","Kuraishia","Saccharomycetaceae","Saccharomycetales"],"Properties":[4,5,3]}}