{"4006":{"Path":["0","0","4006","4006"],"Coordinates":[0.60703363177187752,0.34101498297472882,0.2937919530658919],"Categories":["Candida alishanica","Candida alishanica","Candida","","Saccharomycetales"],"Properties":[6,2,2]},"4007":{"Path":["0","0","4006","4006"],"Coordinates":[0.60704152137493284,0.34100105298198852,0.29379787877034258],"Categories":["Candida alishanica","Candida alishanica","Candida","","Saccharomycetales"],"Properties":[6,2,2]}}