{"806":{"Path":["9","9","9","806"],"Coordinates":[-0.38548727119355186,0.4610220236951465,-0.22022741875705776],"Categories":["Eremothecium coryli","Eremothecium coryli","Eremothecium","Eremotheciaceae","Saccharomycetales"],"Properties":[-3,3,-1]},"3643":{"Path":["9","9","9","806"],"Coordinates":[-0.38103063434309759,0.46212394316471711,-0.21912060859953003],"Categories":["Candida sake","Candida stri","Candida","","Saccharomycetales"],"Properties":[-3,3,-1]}}