{"3068":{"Path":["0","0","3068","3068"],"Coordinates":[0.55525716824265781,0.74504799325852245,0.49986634546658082],"Categories":["Candida kipukae","Candida kipukae","Candida","","Saccharomycetales"],"Properties":[5,5,4]},"3069":{"Path":["0","0","3068","3069"],"Coordinates":[0.5434091550055804,0.74672436307549694,0.49896392285450952],"Categories":["Candida kipukae","Candida kipukae","Candida","","Saccharomycetales"],"Properties":[5,5,4]}}