{"2189":{"Path":["0","0","2189","2189"],"Coordinates":[0.57941199147338263,0.53579869589526186,0.688383519748618],"Categories":["Sporobolomyces lactophilus","Sporobolomyces lactophilus","Sporobolomyces","","Sporidiobolales"],"Properties":[5,4,6]}}