{"3493":{"Path":["0","2609","3493","3493"],"Coordinates":[0.31330882599239734,0.68786700981501037,0.50409029904323521],"Categories":["Pseudozyma hubeiensis","Pseudozyma hubeiensis","Pseudozyma","Ustilaginaceae","Ustilaginales"],"Properties":[3,5,4]}}