{"1937":{"Path":["0","0","74","1937"],"Coordinates":[0.41384094014283507,0.560056925011119,0.46923059266398459],"Categories":["Cryptococcus fuscescens","Cryptococcus fuscescens","Cryptococcus","Tremellaceae","Tremellales"],"Properties":[4,4,4]}}