{"2932":{"Path":["0","0","2932","2932"],"Coordinates":[0.46686538584353254,0.77416217889112082,0.44412038446831903],"Categories":["Candida caryicola","Candida caryicola","Candida","","Saccharomycetales"],"Properties":[4,6,3]}}