{"1615":{"Path":["0","1615","1615","1615"],"Coordinates":[0.59843276783542654,0.2514836071246192,0.5013421115271619],"Categories":["Farysizyma acheniorum","Farysizyma acheniorum","Farysizyma","","Ustilaginales"],"Properties":[5,2,4]}}