{"3820":{"Path":["0","0","3820","3820"],"Coordinates":[0.32249520388902619,0.72161029816792865,1.0363980635172265],"Categories":["Mrakiella cryoconiti","Mrakiella cryoconiti","Mrakiella","","Cystofilobasidiales"],"Properties":[3,5,0]}}