{"1240":{"Path":["0","0","1240","1240"],"Coordinates":[0.50416719625000406,0.44684362613974238,0.48651139688018719],"Categories":["Wickerhamomyces onychis","Wickerhamomyces onychis","Wickerhamomyces","","Saccharomycetales"],"Properties":[5,3,4]}}