{"1881":{"Path":["0","0","1881","1881"],"Coordinates":[0.24335298416125428,0.29295950341808652,0.41760524810516392],"Categories":["Pichia deserticola","Pichia deserticola","Pichia","Saccharomycetaceae","Saccharomycetales"],"Properties":[2,2,3]},"2442":{"Path":["0","0","1881","2442"],"Coordinates":[0.64471916860278711,0.50772400876146662,0.41804934096712765],"Categories":["Candida ethanolica","Candida ethanolica","Candida","","Saccharomycetales"],"Properties":[6,4,3]}}