{"2630":{"Path":["0","2630","2630","2630"],"Coordinates":[0.49390020091776959,0.33935860647205995,0.38655624827434082],"Categories":["Metschnikowia hibisci","Metschnikowia hibisci","Metschnikowia","Metschnikowiaceae","Saccharomycetales"],"Properties":[4,2,3]}}