{"2569":{"Path":["0","0","2569","2569"],"Coordinates":[0.27120291725340084,0.64875906601135658,0.70955625027241187],"Categories":["Derxomyces mrakii","Derxomyces mrakii","Derxomyces","","Tremellales"],"Properties":[2,5,6]}}