{"1049":{"Path":["0","0","393","1049"],"Coordinates":[0.57326183935336339,0.48409914252714448,0.27795633311539342],"Categories":["Lachancea cidri","Lachancea cidri","Lachancea","Saccharomycetaceae","Saccharomycetales"],"Properties":[5,3,2]}}