{"1756":{"Path":["0","0","1756","1756"],"Coordinates":[0.4439802682993198,0.51870672320871547,0.67001546078390373],"Categories":["Candida spandovensis","Candida spandovensis","Candida","","Saccharomycetales"],"Properties":[4,4,6]}}