{"2563":{"Path":["0","0","2564","2563"],"Coordinates":[0.73805402575113577,0.55423698131910593,0.55267561081524563],"Categories":["Bullera hannae","Bullera hannae","Bullera","Tremellaceae","Tremellales"],"Properties":[7,4,4]}}