{"2862":{"Path":["2862","2862","2862","2862"],"Coordinates":[1.055598740727242,0.17842108249047584,0.35384391313922747],"Categories":["Danielozyma litseae","Danielozyma litseae","Danielozyma","",""],"Properties":[0,1,3]}}