{"1724":{"Path":["0","0","1686","1724"],"Coordinates":[0.542173473084056,0.36532442536687365,0.55298300150061375],"Categories":["Candida buinensis","Candida buinensis","Candida","","Saccharomycetales"],"Properties":[5,2,4]},"1725":{"Path":["0","0","1686","1724"],"Coordinates":[0.54214347042645739,0.36526606983031606,0.55302313176290008],"Categories":["Candida buinensis","Candida buinensis","Candida","","Saccharomycetales"],"Properties":[5,2,4]}}