{"1845":{"Path":["0","0","1842","1845"],"Coordinates":[0.29518803236340974,0.251949886323449,0.40163273448842135],"Categories":["Yamadazyma mexicana","Yamadazyma mexicana","Yamadazyma","Saccharomycetaceae","Saccharomycetales"],"Properties":[2,2,3]},"1846":{"Path":["0","0","1842","1845"],"Coordinates":[0.29515457196659545,0.25194304209114343,0.40160583575357828],"Categories":["Yamadazyma mexicana","Yamadazyma mexicana","Yamadazyma","Saccharomycetaceae","Saccharomycetales"],"Properties":[2,2,3]}}