{"3958":{"Path":["0","0","3958","3958"],"Coordinates":[0.10061266869537303,0.67683467951634213,0.39473889442225707],"Categories":["Sporobolomyces diospyri","Sporobolomyces diospyri","Sporobolomyces","","Sporidiobolales"],"Properties":[1,5,3]}}