{"2839":{"Path":["0","0","2839","2839"],"Coordinates":[0.42913443787859124,0.58446587355241586,0.40277808311299534],"Categories":["Candida orba","Candida orba","Candida","","Saccharomycetales"],"Properties":[4,4,3]},"2840":{"Path":["0","0","2839","2839"],"Coordinates":[0.42817732697828936,0.58714837103429607,0.40688760206102709],"Categories":["Candida orba","Candida orba","Candida","","Saccharomycetales"],"Properties":[4,4,3]}}