{"772":{"Path":["0","0","707","772"],"Coordinates":[0.793361314834466,0.52552173997156881,0.58801092010949985],"Categories":["Peterozyma toletana","Peterozyma toletana","Peterozyma","","Saccharomycetales"],"Properties":[7,4,5]},"773":{"Path":["0","0","707","772"],"Coordinates":[0.79336506773398152,0.5255368925801005,0.58800084616509485],"Categories":["Peterozyma toletana","Peterozyma toletana","Peterozyma","","Saccharomycetales"],"Properties":[7,4,5]}}