{"12":{"Path":["4","12","12","12"],"Coordinates":[-0.50981610788188558,0.73984294489238167,-0.054468259286953681],"Categories":["Dekkera anomala","Dekkera anomala","Dekkera","Saccharomycetaceae","Saccharomycetales"],"Properties":[-5,5,0]}}