{"3254":{"Path":["0","0","3254","3254"],"Coordinates":[0.3385018661083159,0.1061695909086135,0.17362207635060867],"Categories":["Candida bokatorum","Candida bokatorum","Candida","","Saccharomycetales"],"Properties":[3,0,1]}}