{"1814":{"Path":["0","0","437","1814"],"Coordinates":[0.73574863315116312,0.61560610915725311,0.631560946940203],"Categories":["Schwanniomyces yamadae","Schwanniomyces yamadae","Schwanniomyces","Saccharomycetaceae","Saccharomycetales"],"Properties":[7,4,5]},"1815":{"Path":["0","0","437","1814"],"Coordinates":[0.73576280239855474,0.61561072041445686,0.6315691444580771],"Categories":["Schwanniomyces yamadae","Schwanniomyces yamadae","Schwanniomyces","Saccharomycetaceae","Saccharomycetales"],"Properties":[7,4,5]}}