{"2837":{"Path":["0","0","1027","2837"],"Coordinates":[0.40719746340542473,0.47961872671882372,0.55534872175975381],"Categories":["Kluyveromyces nonfermentans","Kluyveromyces nonfermentans","Kluyveromyces","Saccharomycetaceae","Saccharomycetales"],"Properties":[4,3,4]}}