{"3654":{"Path":["0","0","3654","3654"],"Coordinates":[0.43677533643615335,0.77823899164487031,0.24360264562977924],"Categories":["Candida phangngaensis","Candida phangngaensis","Candida","","Saccharomycetales"],"Properties":[4,6,2]},"3655":{"Path":["0","0","3654","3654"],"Coordinates":[0.43466660724554179,0.780297729482112,0.24303386254367332],"Categories":["Candida phangngaensis","Candida phangngaensis","Candida","","Saccharomycetales"],"Properties":[4,6,2]}}