{"2505":{"Path":["0","2505","2505","2505"],"Coordinates":[0.20832928687924149,0.40068281534166267,0.46940512791802724],"Categories":["Cryptococcus huempii","Cryptococcus huempii","Cryptococcus","Tremellaceae","Tremellales"],"Properties":[2,3,4]}}