{"308":{"Path":["0","0","308","308"],"Coordinates":[0.491419458936915,0.71480990703650482,0.34710727051139462],"Categories":["Cryptococcus curvatus","Cryptococcus curvatus","Cryptococcus","Tremellaceae","Tremellales"],"Properties":[4,5,3]},"4133":{"Path":["0","0","308","4133"],"Coordinates":[0.54726150853119482,0.76509622838463209,0.26186932993583262],"Categories":["Cryptococcus cyanovorans","Cryptococcus cyanovorans","Cryptococcus","Tremellaceae","Tremellales"],"Properties":[5,6,2]}}