{"57":{"Path":["57","57","57","57"],"Coordinates":[0.15175003089863445,-0.044181489597489916,0.64224188143708683],"Categories":["Candida glabrata","Candida glabrata","Candida","","Saccharomycetales"],"Properties":[1,0,5]}}