{"1420":{"Path":["0","0","1420","1420"],"Coordinates":[0.47924627162349881,0.597470461616609,0.84235478188377055],"Categories":["Candida odintsovae","Candida odintsovae","Candida","","Saccharomycetales"],"Properties":[4,4,7]}}