{"543":{"Path":["8","8","120","543"],"Coordinates":[-0.56603586307011922,0.47366254337027186,0.062501489380119526],"Categories":["Malassezia pachydermatis","Malassezia pachydermatis","Malassezia","","Malasseziales"],"Properties":[-5,3,0]},"3340":{"Path":["8","8","120","543"],"Coordinates":[-0.56541444165944,0.47577136946825832,0.058953598079911268],"Categories":["Candida endomychidarum","Candida endomychidarum","Candida","","Saccharomycetales"],"Properties":[-5,3,0]}}