{"350":{"Path":["0","0","350","350"],"Coordinates":[0.462268205989448,0.47043168001721264,0.62845082301268618],"Categories":["Metschnikowia pulcherrima","Metschnikowia pulcherrima","Metschnikowia","Metschnikowiaceae","Saccharomycetales"],"Properties":[4,3,5]}}