{"1297":{"Path":["0","0","1297","1297"],"Coordinates":[0.25604315642555192,0.59556442269892873,0.46933276478329633],"Categories":["Candida albicans","Candida albicans","Candida","","Saccharomycetales"],"Properties":[2,4,4]},"1298":{"Path":["0","0","1297","1297"],"Coordinates":[0.25602871811816441,0.59555799566201362,0.46932653133995311],"Categories":["Candida albicans","Candida albicans","Candida","","Saccharomycetales"],"Properties":[2,4,4]}}