{"742":{"Path":["0","0","577","742"],"Coordinates":[0.784366321145528,0.49478870287224552,0.57296237835329167],"Categories":["Candida boidinii","Candida boidinii","Candida","","Saccharomycetales"],"Properties":[7,3,5]}}