{"4261":{"Path":["0","0","4261","4261"],"Coordinates":[0.85693121911512771,0.445863153887204,0.76460048634012368],"Categories":["Wickerhamomyces arborarius","Wickerhamomyces arborarius","Wickerhamomyces","","Saccharomycetales"],"Properties":[8,3,6]}}