{"4143":{"Path":["0","0","4143","4143"],"Coordinates":[0.45571196515384754,0.75100529373283187,0.684740408534385],"Categories":["Ogataea phyllophila","Ogataea phyllophila","Ogataea","Saccharomycetaceae","Saccharomycetales"],"Properties":[4,6,6]}}