{"701":{"Path":["0","0","350","701"],"Coordinates":[0.49592506514267309,0.49015829093956903,0.63922317568507],"Categories":["Metschnikowia pulcherrima","Metschnikowia pulcherrima","Metschnikowia","Metschnikowiaceae","Saccharomycetales"],"Properties":[4,3,5]}}