{"1579":{"Path":["0","0","1579","1579"],"Coordinates":[0.50883546465295137,0.4552914914532028,0.44075113451427661],"Categories":["Saturnispora besseyi","Saturnispora besseyi","Saturnispora","Saccharomycetaceae","Saccharomycetales"],"Properties":[5,3,3]}}