{"2716":{"Path":["0","0","687","2716"],"Coordinates":[0.53239922422830388,0.49398339204895764,0.52646831127801441],"Categories":["Candida vaughaniae","Candida vaughaniae","Candida","","Saccharomycetales"],"Properties":[5,3,4]}}