{"2683":{"Path":["0","0","2681","2683"],"Coordinates":[0.29190159301914914,0.39311268941988542,0.58577513782444535],"Categories":["Candida tammaniensis","Candida tammaniensis","Candida","","Saccharomycetales"],"Properties":[2,3,5]}}