{"529":{"Path":["6","47","47","529"],"Coordinates":[-0.26533495243290584,0.27470780295949759,-0.053967428654586876],"Categories":["Candida versatilis","Candida versatilis","Candida","","Saccharomycetales"],"Properties":[-2,2,0]}}