{"2632":{"Path":["0","0","2632","2632"],"Coordinates":[0.3097140083957472,0.71109988686548231,0.46334501172901144],"Categories":["Rhodotorula terpenoidalis","Rhodotorula terpenoidalis","Rhodotorula","","Sporidiobolales"],"Properties":[3,5,4]}}