{"2018":{"Path":["0","0","2018","2018"],"Coordinates":[0.42992440763014361,0.41856168876782646,0.30646936523849355],"Categories":["Bensingtonia miscanthi","Bensingtonia miscanthi","Bensingtonia","Agaricostilbaceae","Agaricostilbales"],"Properties":[4,3,2]}}