{"4199":{"Path":["0","0","3497","4199"],"Coordinates":[0.55198231566670164,0.46062946303600805,0.65497981889004486],"Categories":["Candida adriatica","Candida adriatica","Candida","","Saccharomycetales"],"Properties":[5,3,5]}}