{"4201":{"Path":["0","0","2401","4201"],"Coordinates":[0.65134213399583307,0.54430950721297733,0.58049584795791243],"Categories":["Bandoniozyma visegradensis","Bandoniozyma visegradensis","Bandoniozyma","","Tremellales"],"Properties":[6,4,5]}}