{"1576":{"Path":["0","0","1265","1576"],"Coordinates":[0.5008085520164689,0.6347030234103751,0.61677180128151288],"Categories":["Cyberlindnera sargentensis","Cyberlindnera sargentensis","Cyberlindnera","","Saccharomycetales"],"Properties":[5,5,5]}}