{"3593":{"Path":["0","0","3593","3593"],"Coordinates":[0.27407074734699,0.53615479148551359,0.65925838225479361],"Categories":["Kazachstania zonata","Kazachstania zonata","Kazachstania","Saccharomycetaceae","Saccharomycetales"],"Properties":[2,4,5]}}