{"705":{"Path":["7","20","171","705"],"Coordinates":[-0.52655764740777422,0.54437249837442214,-0.059746192824759979],"Categories":["Priceomyces carsonii","Priceomyces carsonii","Priceomyces","Debaryomycetaceae","Saccharomycetales"],"Properties":[-5,4,0]},"1705":{"Path":["7","20","171","705"],"Coordinates":[-0.52469026404706365,0.54242961501015807,-0.056853552116485288],"Categories":["Dioszegia aurantiaca","Dioszegia crocea","Dioszegia","Tremellaceae","Tremellales"],"Properties":[-5,4,0]}}