{"3356":{"Path":["0","0","3356","3356"],"Coordinates":[0.73538302177996839,0.61467086166639373,0.32289906129340828],"Categories":["Candida buenavistaensis","Candida buenavistaensis","Candida","","Saccharomycetales"],"Properties":[7,4,2]},"3357":{"Path":["0","0","3356","3356"],"Coordinates":[0.73538410530502707,0.61469150583084942,0.32289797475728432],"Categories":["Candida buenavistaensis","Candida buenavistaensis","Candida","","Saccharomycetales"],"Properties":[7,4,2]}}