{"1755":{"Path":["0","0","1755","1755"],"Coordinates":[0.5372873078720487,0.31348164323040678,0.32524393262162854],"Categories":["Candida geochares","Candida geochares","Candida","","Saccharomycetales"],"Properties":[5,2,2]}}