{"3843":{"Path":["0","0","3843","3843"],"Coordinates":[0.45672677607215595,0.6822414040285546,0.34417305546282806],"Categories":["Candida andamanensis","Candida andamanensis","Candida","","Saccharomycetales"],"Properties":[4,5,3]},"3942":{"Path":["0","0","3843","3942"],"Coordinates":[0.42575741688382568,0.53742517801547751,0.72043084951349734],"Categories":["Candida pseudoaaseri","Candida pseudoaaseri","Candida","","Saccharomycetales"],"Properties":[4,4,6]}}