{"3554":{"Path":["0","0","1630","3554"],"Coordinates":[0.63608249211184464,0.56239487637260355,0.38632823315476167],"Categories":["Cryptococcus randhawai","Cryptococcus randhawai","Cryptococcus","Tremellaceae","Tremellales"],"Properties":[6,4,3]}}