{"1374":{"Path":["0","0","1374","1374"],"Coordinates":[0.41954665934237423,0.63935949463077668,0.50783337017805175],"Categories":["Sterigmatomyces elviae","Sterigmatomyces elviae","Sterigmatomyces","Agaricostilbaceae","Agaricostilbales"],"Properties":[4,5,4]}}