{"1065":{"Path":["0","0","1067","1065"],"Coordinates":[0.59823762587977192,0.31622516668574413,0.57316608875842057],"Categories":["Yamadazyma scolyti","Yamadazyma scolyti","Yamadazyma","Saccharomycetaceae","Saccharomycetales"],"Properties":[5,2,5]}}