{"3278":{"Path":["0","0","3277","3278"],"Coordinates":[0.58495806800832784,0.30935644500249265,0.7308493834178601],"Categories":["Candida taliae","Candida taliae","Candida","","Saccharomycetales"],"Properties":[5,2,6]}}