{"3841":{"Path":["0","0","3841","3841"],"Coordinates":[0.65370974541610716,0.37575367133228227,0.58563622056307274],"Categories":["Sympodiomycopsis lanaiensis","Sympodiomycopsis lanaiensis","Sympodiomycopsis","Microstromataceae","Microstromatales"],"Properties":[6,3,5]},"3842":{"Path":["0","0","3841","3841"],"Coordinates":[0.654793073708684,0.37336095313459033,0.5826193845653862],"Categories":["Sympodiomycopsis lanaiensis","Sympodiomycopsis lanaiensis","Sympodiomycopsis","Microstromataceae","Microstromatales"],"Properties":[6,2,5]}}