{"3948":{"Path":["0","0","3948","3948"],"Coordinates":[0.38053147984972036,0.55554041806669174,0.44962929760427378],"Categories":["Candida olivae","Candida olivae","Candida","","Saccharomycetales"],"Properties":[3,4,4]}}