{"3067":{"Path":["0","0","3067","3067"],"Coordinates":[0.47908425110885877,0.55541452083815956,0.23466892238942391],"Categories":["Candida hawaiiana","Candida hawaiiana","Candida","","Saccharomycetales"],"Properties":[4,4,2]}}