{"1039":{"Path":["0","0","1039","1039"],"Coordinates":[0.55760372598097574,0.48102798960324977,0.47121911724660726],"Categories":["Wickerhamia fluorescens","Wickerhamia fluorescens","Wickerhamia","Saccharomycodaceae","Saccharomycetales"],"Properties":[5,3,4]},"1040":{"Path":["0","0","1039","1039"],"Coordinates":[0.55759529738998492,0.48101693987444438,0.4712120794953964],"Categories":["Wickerhamia fluorescens","Wickerhamia fluorescens","Wickerhamia","Saccharomycodaceae","Saccharomycetales"],"Properties":[5,3,4]}}