{"187":{"Path":["0","0","191","187"],"Coordinates":[0.63423199463625757,0.64403140887533783,0.71965610231707344],"Categories":["Kazachstania exigua","Kazachstania exigua","Kazachstania","Saccharomycetaceae","Saccharomycetales"],"Properties":[6,5,6]},"191":{"Path":["0","0","191","191"],"Coordinates":[0.59970158146393726,0.536610187891891,0.43991265913115368],"Categories":["Kazachstania exigua","Kazachstania exigua","Kazachstania","Saccharomycetaceae","Saccharomycetales"],"Properties":[5,4,3]}}