{"3107":{"Path":["0","0","3107","3107"],"Coordinates":[0.4246698175817944,0.53667205582796385,0.23888172309991124],"Categories":["Candida cretensis","Candida cretensis","Candida","","Saccharomycetales"],"Properties":[4,4,2]}}