{"3990":{"Path":["0","0","3990","3990"],"Coordinates":[0.64602473890901524,0.57657568154910865,0.721042481805289],"Categories":["Candida pseudohumilis","Candida pseudohumilis","Candida","","Saccharomycetales"],"Properties":[6,4,6]}}