{"4080":{"Path":["0","0","4079","4080"],"Coordinates":[0.39735709360703664,0.82676724094942466,0.65123961692055465],"Categories":["Candida inulinophila","Candida inulinophila","Candida","","Saccharomycetales"],"Properties":[3,6,5]}}