{"4156":{"Path":["0","0","4157","4157"],"Coordinates":[0.574395753873964,0.583977180371226,0.62113800230115046],"Categories":["Cyberlindnera xylebori","Cyberlindnera xylebori","Cyberlindnera","","Saccharomycetales"],"Properties":[5,4,5]},"4157":{"Path":["0","0","4157","4157"],"Coordinates":[0.57439918252002653,0.584493987749636,0.62073425503292456],"Categories":["Cyberlindnera xylebori","Cyberlindnera xylebori","Cyberlindnera","","Saccharomycetales"],"Properties":[5,4,5]}}