{"2072":{"Path":["0","0","2072","2072"],"Coordinates":[0.55945366718887379,0.69203658783086031,0.38228157615043618],"Categories":["Lipomyces japonicus","Lipomyces japonicus","Lipomyces","Lipomycetaceae","Saccharomycetales"],"Properties":[5,5,3]}}