{"2045":{"Path":["0","2045","2045","2045"],"Coordinates":[0.48785699248689729,0.60311392284599585,0.49567099659025848],"Categories":["Bensingtonia naganoensis","Bensingtonia naganoensis","Bensingtonia","Agaricostilbaceae","Agaricostilbales"],"Properties":[4,4,4]}}