{"2648":{"Path":["0","0","1785","2648"],"Coordinates":[0.48457081241040662,0.75127960352769008,0.24641883596677511],"Categories":["Wickerhamiella lipophila","Wickerhamiella lipophila","Wickerhamiella","","Saccharomycetales"],"Properties":[4,6,2]},"2887":{"Path":["0","0","1785","2648"],"Coordinates":[0.48552607253992464,0.75282550110190027,0.24558356428530859],"Categories":["Wickerhamiella lipophila","Wickerhamiella lipophila","Wickerhamiella","","Saccharomycetales"],"Properties":[4,6,2]}}