{"2828":{"Path":["0","0","2829","2828"],"Coordinates":[0.26574082940079424,0.36854624874720088,0.87659093355289808],"Categories":["Tetrapisispora nanseiensis","Tetrapisispora nanseiensis","Tetrapisispora","Saccharomycetaceae","Saccharomycetales"],"Properties":[2,2,7]},"2829":{"Path":["0","0","2829","2829"],"Coordinates":[0.43292259658566057,0.38806058991893422,0.7871539543471433],"Categories":["Tetrapisispora nanseiensis","Tetrapisispora nanseiensis","Tetrapisispora","Saccharomycetaceae","Saccharomycetales"],"Properties":[4,3,7]}}