{"3594":{"Path":["0","0","3594","3594"],"Coordinates":[0.349127962838519,0.71310830792722568,0.49614110655047927],"Categories":["Kazachstania gamospora","Kazachstania gamospora","Kazachstania","Saccharomycetaceae","Saccharomycetales"],"Properties":[3,5,4]}}