{"1800":{"Path":["0","0","1800","1800"],"Coordinates":[0.4319891088620193,0.36928672506623539,0.37796038521546493],"Categories":["Wickerhamomyces alni","Wickerhamomyces alni","Wickerhamomyces","","Saccharomycetales"],"Properties":[4,2,3]}}