{"3222":{"Path":["0","0","3222","3222"],"Coordinates":[0.57287861429089526,0.35675802685132629,0.5412581965169514],"Categories":["Candida diospyri","Candida diospyri","Candida","","Saccharomycetales"],"Properties":[5,2,4]}}