{"3338":{"Path":["0","0","3338","3338"],"Coordinates":[0.42782225324896384,0.415046734016024,0.65789342701323339],"Categories":["Candida endomychidarum","Candida endomychidarum","Candida","","Saccharomycetales"],"Properties":[4,3,5]}}