{"2024":{"Path":["0","0","2024","2024"],"Coordinates":[0.55811825193123277,0.605105391329692,0.44233089587405416],"Categories":["Bensingtonia subrosea","Bensingtonia subrosea","Bensingtonia","Agaricostilbaceae","Agaricostilbales"],"Properties":[5,4,3]}}