{"247":{"Path":["0","0","247","247"],"Coordinates":[0.51618712554641522,0.74211023844005952,0.4672930004308139],"Categories":["Candida neerlandica","Candida neerlandica","Candida","","Saccharomycetales"],"Properties":[5,5,4]}}