{"578":{"Path":["0","0","578","578"],"Coordinates":[0.56878133794061814,0.3542331062183251,0.50083107713423858],"Categories":["Cryptococcus wieringae","Cryptococcus wieringae","Cryptococcus","Tremellaceae","Tremellales"],"Properties":[5,2,4]}}