{"1144":{"Path":["0","0","1144","1144"],"Coordinates":[0.21537527100266118,0.3866392134996483,0.59914164680922422],"Categories":["Candida allociferrii","Candida allociferrii","Candida","","Saccharomycetales"],"Properties":[2,3,5]}}