{"3331":{"Path":["0","0","3331","3331"],"Coordinates":[0.56523892428426,1.0136661854802804,0.12233808998583158],"Categories":["Candida michaelii","Candida michaelii","Candida","","Saccharomycetales"],"Properties":[5,0,1]}}