{"1334":{"Path":["0","0","1334","1334"],"Coordinates":[0.27470690453087809,0.7362574106029881,0.25984802935027207],"Categories":["Saturnispora zaruensis","Saturnispora zaruensis","Saturnispora","Saccharomycetaceae","Saccharomycetales"],"Properties":[2,5,2]}}