{"1224":{"Path":["0","0","1224","1224"],"Coordinates":[0.65306016246657028,0.84569116208845607,0.51770733659723678],"Categories":["Ambrosiozyma oregonensis","Ambrosiozyma oregonensis","Ambrosiozyma","","Saccharomycetales"],"Properties":[6,6,4]}}