{"4255":{"Path":["0","0","4255","4255"],"Coordinates":[0.63265704397873457,0.71596066017768467,0.536223501738609],"Categories":["Tetrapisispora pingtungensis","Tetrapisispora pingtungensis","Tetrapisispora","Saccharomycetaceae","Saccharomycetales"],"Properties":[6,5,4]}}