{"3535":{"Path":["0","2045","3535","3535"],"Coordinates":[0.63066087900058743,0.60244015288952635,0.32719645392793778],"Categories":["Bensingtonia pseudonaganoensis","Bensingtonia pseudonaganoensis","Bensingtonia","Agaricostilbaceae","Agaricostilbales"],"Properties":[6,4,2]}}