{"526":{"Path":["3","3","3","526"],"Coordinates":[-0.36999628635892839,0.25745688363365604,-0.24530936166018169],"Categories":["Candida etchellsii","Candida etchellsii","Candida","","Saccharomycetales"],"Properties":[-3,2,-2]},"1240":{"Path":["3","3","3","526"],"Coordinates":[-0.370082002106422,0.25383571375140318,-0.24228940829756587],"Categories":["Wickerhamomyces onychis","Wickerhamomyces onychis","Wickerhamomyces","","Saccharomycetales"],"Properties":[-3,2,-2]}}