{"1367":{"Path":["0","0","1367","1367"],"Coordinates":[0.58348102052625161,0.46467839330057081,0.29388437465308215],"Categories":["Cryptococcus longus","Cryptococcus longus","Cryptococcus","Tremellaceae","Tremellales"],"Properties":[5,3,2]}}