{"3636":{"Path":["0","0","3636","3636"],"Coordinates":[0.52912309099240762,0.3753369696670123,0.30438043945786053],"Categories":["Candida thaimueangensis","Candida thaimueangensis","Candida","","Saccharomycetales"],"Properties":[5,3,2]},"3637":{"Path":["0","0","3636","3636"],"Coordinates":[0.52681888133301946,0.37552577099425932,0.30111624401266851],"Categories":["Candida thaimueangensis","Candida thaimueangensis","Candida","","Saccharomycetales"],"Properties":[5,3,2]}}