{"4220":{"Path":["0","0","4220","4220"],"Coordinates":[0.49372623786730557,0.369526462030875,0.73258457491318929],"Categories":["Yamadazyma siamensis","Yamadazyma siamensis","Yamadazyma","Saccharomycetaceae","Saccharomycetales"],"Properties":[4,2,6]},"4221":{"Path":["0","0","4220","4220"],"Coordinates":[0.49216043459269532,0.36712772803074134,0.731693320010355],"Categories":["Yamadazyma siamensis","Yamadazyma siamensis","Yamadazyma","Saccharomycetaceae","Saccharomycetales"],"Properties":[4,2,6]}}