{"3588":{"Path":["0","0","2308","3588"],"Coordinates":[0.35322670090366209,0.19453454217281829,0.6152739154038922],"Categories":["Candida dosseyi","Candida dosseyi","Candida","","Saccharomycetales"],"Properties":[3,1,5]},"3590":{"Path":["0","0","2308","3588"],"Coordinates":[0.35054634782381294,0.19352129486600228,0.61424200042568389],"Categories":["Candida dosseyi","Candida dosseyi","Candida","","Saccharomycetales"],"Properties":[3,1,5]}}