{"3442":{"Path":["0","0","3442","3442"],"Coordinates":[0.36265584383449467,0.42390489183020108,0.69591972829325244],"Categories":["Candida picinguabensis","Candida picinguabensis","Candida","","Saccharomycetales"],"Properties":[3,3,6]}}