{"2355":{"Path":["0","0","2355","2355"],"Coordinates":[0.48402296405143269,0.60562037857529882,0.5737365846173329],"Categories":["Candida infanticola","Candida infanticola","Candida","","Saccharomycetales"],"Properties":[4,4,5]}}