{"2305":{"Path":["2305","2305","2305","2305"],"Coordinates":[0.70367644461469148,0.35655287688168635,0.03576303915529494],"Categories":["Malassezia obtusa","Malassezia obtusa","Malassezia","","Malasseziales"],"Properties":[7,2,0]},"2306":{"Path":["2305","2305","2305","2305"],"Coordinates":[0.70366585436801,0.35653009195016527,0.035803486924578132],"Categories":["Malassezia obtusa","Malassezia obtusa","Malassezia","","Malasseziales"],"Properties":[7,2,0]}}