{"2498":{"Path":["0","0","1513","2498"],"Coordinates":[0.82427683023999632,0.48382629259070642,0.53423030285395168],"Categories":["Scheffersomyces coipomoensis","Scheffersomyces coipomoensis","Scheffersomyces","Debaryomycetaceae","Saccharomycetales"],"Properties":[8,3,4]},"2499":{"Path":["0","0","1513","2498"],"Coordinates":[0.82428818245006752,0.48381395668930338,0.53423031615806382],"Categories":["Scheffersomyces coipomoensis","Scheffersomyces coipomoensis","Scheffersomyces","Debaryomycetaceae","Saccharomycetales"],"Properties":[8,3,4]}}