{"1420":{"Path":["0","0","1420","1420"],"Coordinates":[0.445911044695924,0.55942901125386546,0.63842566309234561],"Categories":["Candida odintsovae","Candida odintsovae","Candida","","Saccharomycetales"],"Properties":[4,4,5]}}