{"4217":{"Path":["0","0","4217","4217"],"Coordinates":[0.560019462503271,0.4299502300512088,0.54971717283587629],"Categories":["Wickerhamomyces siamensis","Wickerhamomyces siamensis","Wickerhamomyces","","Saccharomycetales"],"Properties":[5,3,4]}}