{"3524":{"Path":["0","0","3524","3524"],"Coordinates":[0.8002164798379493,0.53178197787116843,0.64328754357084017],"Categories":["Candida scorzettiae","Candida scorzettiae","Candida","","Saccharomycetales"],"Properties":[8,4,5]}}