{"3753":{"Path":["0","0","155","3753"],"Coordinates":[0.56500536733183726,0.33809008106516691,0.57055010234988268],"Categories":["Cryptococcus terrestris","Cryptococcus terrestris","Cryptococcus","Tremellaceae","Tremellales"],"Properties":[5,2,5]}}