{"2707":{"Path":["0","0","2709","2707"],"Coordinates":[0.43362152179374563,0.54707786764302779,0.61775851353181865],"Categories":["Candida tallmaniae","Candida tallmaniae","Candida","","Saccharomycetales"],"Properties":[4,4,5]},"2708":{"Path":["0","0","2709","2707"],"Coordinates":[0.43359173704314719,0.54711590476306893,0.61779816018161215],"Categories":["Candida tallmaniae","Candida tallmaniae","Candida","","Saccharomycetales"],"Properties":[4,4,5]}}