{"3223":{"Path":["0","0","3222","3223"],"Coordinates":[0.47326819601230646,0.31641068358780933,0.5484198218160331],"Categories":["Candida diospyri","Candida diospyri","Candida","","Saccharomycetales"],"Properties":[4,2,4]},"3224":{"Path":["0","0","3222","3223"],"Coordinates":[0.47262719948667004,0.31727880468494413,0.54673593072251414],"Categories":["Candida diospyri","Candida diospyri","Candida","","Saccharomycetales"],"Properties":[4,2,4]}}