{"3079":{"Path":["0","0","3079","3079"],"Coordinates":[0.60532189816989146,0.67131375028528473,0.37055742085603255],"Categories":["Malassezia dermatis","Malassezia dermatis","Malassezia","","Malasseziales"],"Properties":[6,5,3]},"3669":{"Path":["0","0","3079","3669"],"Coordinates":[0.50408657047048766,0.33642413998554588,0.23168836099243709],"Categories":["Malassezia caprae","Malassezia caprae","Malassezia","","Malasseziales"],"Properties":[5,2,2]}}