{"3266":{"Path":["0","0","3266","3266"],"Coordinates":[0.43542683022724149,0.8095602351195329,0.548998296511251],"Categories":["Candida chickasaworum","Candida chickasaworum","Candida","","Saccharomycetales"],"Properties":[4,6,4]}}