{"586":{"Path":["4","30","30","586"],"Coordinates":[-0.41663432328437017,0.63320999877428452,0.10762828092290321],"Categories":["Candida membranifaciens","Candida membranifaciens","Candida","","Saccharomycetales"],"Properties":[-4,5,0]},"2369":{"Path":["4","30","30","586"],"Coordinates":[-0.4164451746570958,0.63430374312273385,0.11036347536808837],"Categories":["Bensingtonia musae","Bensingtonia musae","Bensingtonia","Agaricostilbaceae","Agaricostilbales"],"Properties":[-4,5,0]}}