{"3012":{"Path":["0","0","3012","3012"],"Coordinates":[0.81440539493945274,0.61940050883272291,0.21406096188126231],"Categories":["Candida davenportii","Candida davenportii","Candida","","Saccharomycetales"],"Properties":[8,4,1]}}