{"1618":{"Path":["0","0","1617","1618"],"Coordinates":[0.36382722984076388,0.36249579532136039,0.36381068259644683],"Categories":["Kurtzmanomyces nectairei","Kurtzmanomyces nectairei","Kurtzmanomyces","Chionosphaeraceae","Agaricostilbales"],"Properties":[3,2,3]},"1619":{"Path":["0","0","1617","1618"],"Coordinates":[0.36385515628366488,0.36249879592408069,0.36378220649114595],"Categories":["Kurtzmanomyces nectairei","Kurtzmanomyces nectairei","Kurtzmanomyces","Chionosphaeraceae","Agaricostilbales"],"Properties":[3,2,3]}}