{"3068":{"Path":["0","0","3068","3068"],"Coordinates":[0.38704817764910848,0.50108019467959974,0.80180292226185634],"Categories":["Candida kipukae","Candida kipukae","Candida","","Saccharomycetales"],"Properties":[3,4,7]},"3069":{"Path":["0","0","3068","3069"],"Coordinates":[0.39894120831540714,0.499620295424103,0.80245447098166123],"Categories":["Candida kipukae","Candida kipukae","Candida","","Saccharomycetales"],"Properties":[3,3,7]}}