{"1968":{"Path":["0","0","1968","1968"],"Coordinates":[0.38316368626296571,0.62705966858278139,0.61984502914327688],"Categories":["Myxozyma geophila","Myxozyma geophila","Myxozyma","Lipomycetaceae","Saccharomycetales"],"Properties":[3,5,5]},"1969":{"Path":["0","0","1968","1968"],"Coordinates":[0.38142119652454759,0.62803346200743793,0.61996935081316451],"Categories":["Myxozyma geophila","Myxozyma geophila","Myxozyma","Lipomycetaceae","Saccharomycetales"],"Properties":[3,5,5]}}