{"3728":{"Path":["0","0","3728","3728"],"Coordinates":[0.29050308682952258,0.43848624853950458,0.15435944674079558],"Categories":["Cryptococcus hepingensis","Cryptococcus hepingensis","Cryptococcus","Tremellaceae","Tremellales"],"Properties":[2,3,1]},"3941":{"Path":["0","0","3728","3941"],"Coordinates":[0.19227394437170264,0.39086396041768007,0.26496860996669158],"Categories":["Hannaella pagnoccae","Hannaella pagnoccae","Hannaella","","Tremellales"],"Properties":[1,3,2]}}