{"2083":{"Path":["0","0","2084","2083"],"Coordinates":[0.54015050413246124,0.36542043257339618,0.16158530445062519],"Categories":["Myxozyma kluyveri","Myxozyma kluyveri","Myxozyma","Lipomycetaceae","Saccharomycetales"],"Properties":[5,2,1]}}