{"2696":{"Path":["0","0","2696","2696"],"Coordinates":[0.73271968166443557,0.78611062376753793,0.17473389842842951],"Categories":["Candida danieliae","Candida danieliae","Candida","","Saccharomycetales"],"Properties":[7,6,1]},"2697":{"Path":["0","0","2696","2696"],"Coordinates":[0.73273058841740557,0.78611839171600306,0.17472284932870522],"Categories":["Candida danieliae","Candida danieliae","Candida","","Saccharomycetales"],"Properties":[7,6,1]}}