{"2521":{"Path":["0","0","2521","2521"],"Coordinates":[0.66905714309072317,0.312823594954119,0.48958616654553588],"Categories":["Fellomyces fuzhouensis","Fellomyces fuzhouensis","Fellomyces","Cuniculitremaceae","Tremellales"],"Properties":[6,2,4]},"2522":{"Path":["0","0","2521","2521"],"Coordinates":[0.6690907623787884,0.312842260304412,0.48954165796729121],"Categories":["Fellomyces fuzhouensis","Fellomyces fuzhouensis","Fellomyces","Cuniculitremaceae","Tremellales"],"Properties":[6,2,4]}}