{"3841":{"Path":["0","0","3841","3841"],"Coordinates":[0.65370974541610716,0.37575367133228227,0.58563622056307274],"Categories":["Sympodiomycopsis lanaiensis","Sympodiomycopsis lanaiensis","Sympodiomycopsis","Microstromataceae","Microstromatales"],"Properties":[6,3,5]}}