{"2870":{"Path":["0","0","3084","2870"],"Coordinates":[0.49202967670278919,0.77998956207380088,0.80949636600580277],"Categories":["Candida ponderosae","Candida ponderosae","Candida","","Saccharomycetales"],"Properties":[4,6,7]},"3084":{"Path":["0","0","3084","3084"],"Coordinates":[0.66100754882349277,0.38447809646037429,0.66682999917763908],"Categories":["Komagataella pseudopastoris","Komagataella pseudopastoris","Komagataella","Saccharomycetaceae","Saccharomycetales"],"Properties":[6,3,6]}}