{"2607":{"Path":["0","2607","2607","2607"],"Coordinates":[0.60602430497783255,0.42450625616087434,0.73795417774552119],"Categories":["Kurtzmanomyces insolitus","Kurtzmanomyces insolitus","Kurtzmanomyces","Chionosphaeraceae","Agaricostilbales"],"Properties":[6,3,6]}}