{"192":{"Path":["0","0","192","192"],"Coordinates":[0.66359352831404417,0.59569775867551633,0.67456875928052651],"Categories":["Kazachstania unispora","Kazachstania unispora","Kazachstania","Saccharomycetaceae","Saccharomycetales"],"Properties":[6,4,6]}}