{"912":{"Path":["0","0","912","912"],"Coordinates":[0.45463179690433786,0.67642481480967509,0.43837884017927731],"Categories":["Trigonopsis vinaria","Trigonopsis vinaria","Trigonopsis","","Saccharomycetales"],"Properties":[4,5,3]},"913":{"Path":["0","0","912","913"],"Coordinates":[0.41911917256488612,0.67790108264951554,0.42232660837837077],"Categories":["Trigonopsis vinaria","Trigonopsis vinaria","Trigonopsis","","Saccharomycetales"],"Properties":[4,5,3]}}