{"90":{"Path":["7","24","90","90"],"Coordinates":[-0.50555100169325173,0.46006350756766218,-0.22163221157726046],"Categories":["Candida sake","Candida sake","Candida","","Saccharomycetales"],"Properties":[-5,3,-1]},"405":{"Path":["7","24","90","405"],"Coordinates":[-0.51295898310724708,0.466568216104048,-0.21019497476533455],"Categories":["Zygosaccharomyces rouxii","Zygosaccharomyces rouxii","Zygosaccharomyces","Saccharomycetaceae","Saccharomycetales"],"Properties":[-5,3,-1]},"558":{"Path":["7","24","90","558"],"Coordinates":[-0.49892055999339546,0.46084655472593544,-0.2149375225314413],"Categories":["Candida blankii","Candida blankii","Candida","","Saccharomycetales"],"Properties":[-4,3,-1]}}