{"3234":{"Path":["0","0","3234","3234"],"Coordinates":[0.60957829975039468,0.13575159078208496,0.616390228498602],"Categories":["Candida digboiensis","Candida digboiensis","Candida","","Saccharomycetales"],"Properties":[6,1,5]},"3235":{"Path":["0","0","3234","3235"],"Coordinates":[0.88840679197121986,0.4667641028344961,0.14019895368236943],"Categories":["Candida digboiensis","Candida digboiensis","Candida","","Saccharomycetales"],"Properties":[8,3,1]}}