{"2487":{"Path":["0","0","2487","2487"],"Coordinates":[0.48175134330352454,0.43877147316044518,0.621465727309521],"Categories":["Candida castrensis","Candida castrensis","Candida","","Saccharomycetales"],"Properties":[4,3,5]}}