{"4146":{"Path":["0","0","4146","4146"],"Coordinates":[0.72703284814311486,0.56436177446243951,0.55915082638348113],"Categories":["Candida mattraensis","Candida mattraensis","Candida","","Saccharomycetales"],"Properties":[7,4,5]}}