{"4120":{"Path":["0","0","4120","4120"],"Coordinates":[0.49204969998046655,0.71487167742903612,0.56473024234876879],"Categories":["Candida citri","Candida citri","Candida","","Saccharomycetales"],"Properties":[4,5,5]},"4121":{"Path":["0","0","4120","4121"],"Coordinates":[0.29136052892193315,0.43840571859416938,0.50881567996124388],"Categories":["Candida citri","Candida citri","Candida","","Saccharomycetales"],"Properties":[2,3,4]}}