{"1660":{"Path":["0","0","1660","1660"],"Coordinates":[0.59405034655824585,0.47130709627278811,0.33601807317553622],"Categories":["Pichia norvegensis","Pichia norvegensis","Pichia","Saccharomycetaceae","Saccharomycetales"],"Properties":[5,3,3]}}