{"3809":{"Path":["0","1761","3809","3809"],"Coordinates":[0.41528884504796415,0.45074679935751549,0.45943543881483162],"Categories":["Mrakia psychrophila","Mrakia psychrophila","Mrakia","Cystofilobasidiaceae","Cystofilobasidiales"],"Properties":[4,3,4]}}