{"1144":{"Path":["0","0","1144","1144"],"Coordinates":[0.55631399679992488,0.18283587395281625,0.29975634731619022],"Categories":["Candida allociferrii","Candida allociferrii","Candida","","Saccharomycetales"],"Properties":[5,1,2]}}