{"3709":{"Path":["0","0","3710","3710"],"Coordinates":[0.10990633953406108,0.5423232762011192,0.082756122335456775],"Categories":["Candida touchengensis","Candida touchengensis","Candida","","Saccharomycetales"],"Properties":[1,4,0]},"3710":{"Path":["0","0","3710","3710"],"Coordinates":[0.11238354416409367,0.54842225769278674,0.085136433656532728],"Categories":["Candida touchengensis","Candida touchengensis","Candida","","Saccharomycetales"],"Properties":[1,4,0]}}