{"2044":{"Path":["0","0","2044","2044"],"Coordinates":[0.46840563836606075,0.57735108612104136,0.53823045825767968],"Categories":["Sporobolomyces sasicola","Sporobolomyces sasicola","Sporobolomyces","","Sporidiobolales"],"Properties":[4,4,4]}}