{"2448":{"Path":["0","0","2448","2448"],"Coordinates":[0.21195768963413589,0.63657217858348392,0.81838903806649521],"Categories":["Barnettozyma populi","Barnettozyma populi","Barnettozyma","","Saccharomycetales"],"Properties":[2,5,7]}}