{"1248":{"Path":["0","0","1248","1248"],"Coordinates":[0.39388458672256876,0.20935898928564081,0.49994197756699105],"Categories":["Candida incommunis","Candida incommunis","Candida","","Saccharomycetales"],"Properties":[3,1,4]}}