{"1112":{"Path":["0","0","1112","1112"],"Coordinates":[-0.10470380682919167,0.40287657962856926,0.65099875257700235],"Categories":["Candida maritima","Candida maritima","Candida","","Saccharomycetales"],"Properties":[-1,3,5]}}