{"3541":{"Path":["0","0","3541","3541"],"Coordinates":[0.28501448685245512,0.071753199737669415,0.28663871720804251],"Categories":["Candida oslonensis","Candida oslonensis","Candida","","Saccharomycetales"],"Properties":[2,0,2]}}