{"888":{"Path":["0","0","888","888"],"Coordinates":[0.55141407957294986,0.41903114898776966,0.41333600958269329],"Categories":["Lachancea kluyveri","Lachancea kluyveri","Lachancea","Saccharomycetaceae","Saccharomycetales"],"Properties":[5,3,3]}}