{"3716":{"Path":["0","0","3716","3716"],"Coordinates":[0.74573520190680387,0.56702256304496512,0.50781229649300874],"Categories":["Kazachstania jiainicus","Kazachstania jiainicus","Kazachstania","Saccharomycetaceae","Saccharomycetales"],"Properties":[7,4,4]}}