{"3950":{"Path":["0","0","37","3950"],"Coordinates":[0.54493937053821984,0.49278137997853194,0.6539523706741901],"Categories":["Trichosporon chiarellii","Trichosporon chiarellii","Trichosporon","Trichosporonaceae","Tremellales"],"Properties":[5,3,5]}}