{"4166":{"Path":["0","0","4166","4166"],"Coordinates":[0.52495918770056882,0.31325753230635633,0.67472404391043916],"Categories":["Candida taoyuanica","Candida taoyuanica","Candida","","Saccharomycetales"],"Properties":[5,2,6]}}