{"2315":{"Path":["0","0","2315","2315"],"Coordinates":[0.57092171359479871,0.53507022238425239,0.47203944060204872],"Categories":["Sporobolomyces novazealandicus","Sporobolomyces novazealandicus","Sporobolomyces","","Sporidiobolales"],"Properties":[5,4,4]}}