{"2902":{"Path":["0","0","2902","2902"],"Coordinates":[0.69870438340092178,0.75570639746862933,0.54953526065458214],"Categories":["Saccharomyces mikatae","Saccharomyces mikatae","Saccharomyces","Saccharomycetaceae","Saccharomycetales"],"Properties":[6,6,4]},"3096":{"Path":["0","0","2902","3096"],"Coordinates":[0.72462262057960036,0.74830796475175465,0.50415903337590862],"Categories":["Ogataea zsoltii","Ogataea zsoltii","Ogataea","Saccharomycetaceae","Saccharomycetales"],"Properties":[7,5,4]}}