{"1228":{"Path":["0","0","1228","1228"],"Coordinates":[0.61308576207115451,1.0010955684536023,0.37547807708975678],"Categories":["Nakazawaea peltata","Nakazawaea peltata","Nakazawaea","Saccharomycetaceae","Saccharomycetales"],"Properties":[6,0,3]}}