{"1724":{"Path":["0","0","1686","1724"],"Coordinates":[0.37648159451994856,0.46497803609956878,0.64293718709210368],"Categories":["Candida buinensis","Candida buinensis","Candida","","Saccharomycetales"],"Properties":[3,3,5]},"1725":{"Path":["0","0","1686","1724"],"Coordinates":[0.37648302028085795,0.46498775862897646,0.642948815908002],"Categories":["Candida buinensis","Candida buinensis","Candida","","Saccharomycetales"],"Properties":[3,3,5]}}