{"3803":{"Path":["0","0","37","3804"],"Coordinates":[0.12805077573422513,0.78347866262545807,0.57845754174459108],"Categories":["Derxomyces boekhoutii","Derxomyces boekhoutii","Derxomyces","","Tremellales"],"Properties":[1,6,5]},"3804":{"Path":["0","0","37","3804"],"Coordinates":[0.12849176206582585,0.78339599357097678,0.57756384118557236],"Categories":["Derxomyces boekhoutii","Derxomyces boekhoutii","Derxomyces","","Tremellales"],"Properties":[1,6,5]}}