{"3849":{"Path":["0","0","3849","3849"],"Coordinates":[0.55265496384260981,0.56928660273955989,0.44647078877050744],"Categories":["Candida ranongensis","Candida ranongensis","Candida","","Saccharomycetales"],"Properties":[5,4,4]}}