{"2934":{"Path":["0","0","2934","2934"],"Coordinates":[0.18507848590861381,0.64521737779057109,0.49817321780413987],"Categories":["Candida prunicola","Candida prunicola","Candida","","Saccharomycetales"],"Properties":[1,5,4]}}