{"4252":{"Path":["0","4252","4252","4252"],"Coordinates":[0.42452487982951814,0.679239121607176,0.65867222517224733],"Categories":["Saccharomycopsis olivae","Saccharomycopsis olivae","Saccharomycopsis","Saccharomycopsidaceae","Saccharomycetales"],"Properties":[4,5,5]}}