{"1381":{"Path":["0","0","1381","1381"],"Coordinates":[0.48533648914664956,0.65594968469136761,0.2572644799170784],"Categories":["Candida fennica","Candida fennica","Candida","","Saccharomycetales"],"Properties":[4,5,2]}}