{"718":{"Path":["0","0","718","718"],"Coordinates":[0.68258795723044,0.4444524955368328,0.52488817761520168],"Categories":["Cryptococcus gastricus","Cryptococcus gastricus","Cryptococcus","Tremellaceae","Tremellales"],"Properties":[6,3,4]}}