{"3108":{"Path":["0","0","3107","3108"],"Coordinates":[0.60441194597627712,0.41232228058199738,0.51143578243735632],"Categories":["Candida cretensis","Candida cretensis","Candida","","Saccharomycetales"],"Properties":[6,3,4]},"3109":{"Path":["0","0","3107","3108"],"Coordinates":[0.60443855985063355,0.41230383506259061,0.51147726905453561],"Categories":["Candida cretensis","Candida cretensis","Candida","","Saccharomycetales"],"Properties":[6,3,4]}}