{"3859":{"Path":["0","0","3859","3859"],"Coordinates":[0.28940951646518892,0.29083245050042522,0.53988696841847361],"Categories":["Cryptococcus aciditolerans","Cryptococcus aciditolerans","Cryptococcus","Tremellaceae","Tremellales"],"Properties":[2,2,4]}}