{"2850":{"Path":["0","0","2051","2850"],"Coordinates":[0.58660228035697159,0.71455579822494053,0.47888715349789979],"Categories":["Candida powellii","Candida powellii","Candida","","Saccharomycetales"],"Properties":[5,5,4]}}