{"3765":{"Path":["0","0","3764","3765"],"Coordinates":[0.68536825563693737,0.79537007271955829,-0.0048587127704966954],"Categories":["Kazachstania hellenica","Kazachstania hellenica","Kazachstania","Saccharomycetaceae","Saccharomycetales"],"Properties":[6,6,0]}}