{"458":{"Path":["0","0","458","458"],"Coordinates":[0.60365896064307689,0.640054628815787,0.52300250486906763],"Categories":["Saturnispora dispora","Saturnispora dispora","Saturnispora","Saccharomycetaceae","Saccharomycetales"],"Properties":[6,5,4]}}