{"173":{"Path":["0","0","0","173"],"Coordinates":[0.45558633461052866,0.44054447740595926,0.54955693237391656],"Categories":["Rhodotorula colostri","Rhodotorula colostri","Rhodotorula","","Sporidiobolales"],"Properties":[4,3,4]},"174":{"Path":["0","0","0","173"],"Coordinates":[0.45554631360267073,0.44053448604498513,0.54957065883540412],"Categories":["Rhodotorula colostri","Rhodotorula colostri","Rhodotorula","","Sporidiobolales"],"Properties":[4,3,4]}}