{"1853":{"Path":["0","0","1853","1853"],"Coordinates":[0.56070128811790987,0.21951229537927705,0.2901257093598863],"Categories":["Saccharomycodes sinensis","Saccharomycodes sinensis","Saccharomycodes","Saccharomycodaceae","Saccharomycetales"],"Properties":[5,1,2]}}