{"3171":{"Path":["0","3171","3171","3171"],"Coordinates":[0.638665678186774,0.46798650183870022,0.44836772729479607],"Categories":["Malassezia yamatoensis","Malassezia yamatoensis","Malassezia","","Malasseziales"],"Properties":[6,3,4]}}