{"4241":{"Path":["0","462","462","4241"],"Coordinates":[0.41993910387362282,0.3493185903514423,0.4251492859507866],"Categories":["Naumovozyma baii","Naumovozyma baii","Naumovozyma","Saccharomycetaceae","Saccharomycetales"],"Properties":[4,2,3]}}