{"1617":{"Path":["0","0","1617","1617"],"Coordinates":[0.16476659168164942,0.35141268001069464,0.57142034578232892],"Categories":["Kurtzmanomyces nectairei","Kurtzmanomyces nectairei","Kurtzmanomyces","Chionosphaeraceae","Agaricostilbales"],"Properties":[1,2,5]},"1618":{"Path":["0","0","1617","1618"],"Coordinates":[0.36382722984076388,0.36249579532136039,0.36381068259644683],"Categories":["Kurtzmanomyces nectairei","Kurtzmanomyces nectairei","Kurtzmanomyces","Chionosphaeraceae","Agaricostilbales"],"Properties":[3,2,3]}}