{"4011":{"Path":["0","0","1451","4011"],"Coordinates":[0.59491684136451528,0.33571731564650725,0.36035539313705245],"Categories":["Scheffersomyces gosingicus","Scheffersomyces gosingicus","Scheffersomyces","Debaryomycetaceae","Saccharomycetales"],"Properties":[5,2,3]},"4012":{"Path":["0","0","1451","4011"],"Coordinates":[0.59494269880405792,0.33567872053388242,0.36032493421958228],"Categories":["Scheffersomyces gosingicus","Scheffersomyces gosingicus","Scheffersomyces","Debaryomycetaceae","Saccharomycetales"],"Properties":[5,2,3]}}