{"2292":{"Path":["0","0","2292","2292"],"Coordinates":[0.649540364939324,0.656298200671757,0.56403042554200633],"Categories":["Saccharomycopsis amapae","Saccharomycopsis amapae","Saccharomycopsis","Saccharomycopsidaceae","Saccharomycetales"],"Properties":[6,5,5]}}