{"2611":{"Path":["0","0","2611","2611"],"Coordinates":[0.32531570015913058,0.61271916033829843,0.17246324406275213],"Categories":["Kriegeria eriophori","Kriegeria eriophori","Kriegeria","Platygloeaceae","Platygloeales"],"Properties":[3,4,1]}}