{"1646":{"Path":["0","0","1646","1646"],"Coordinates":[0.092777722451340319,0.42694458032292448,0.35820363970370711],"Categories":["Ogataea methanolica","Ogataea methanolica","Ogataea","Saccharomycetaceae","Saccharomycetales"],"Properties":[0,3,3]},"1647":{"Path":["0","0","1646","1647"],"Coordinates":[0.099383901431233976,0.43121506930333725,0.34785532995275009],"Categories":["Ogataea methanolica","Ogataea methanolica","Ogataea","Saccharomycetaceae","Saccharomycetales"],"Properties":[0,3,3]}}