{"977":{"Path":["977","977","977","977"],"Coordinates":[0.51508238097073855,0.73720209961086092,0.4028581864379388],"Categories":["Candida vartiovaarae","Candida vartiovaarae","Candida","","Saccharomycetales"],"Properties":[5,5,3]}}