{"913":{"Path":["0","0","912","913"],"Coordinates":[0.77255609521920143,0.467001684481335,0.59761181439215016],"Categories":["Trigonopsis vinaria","Trigonopsis vinaria","Trigonopsis","","Saccharomycetales"],"Properties":[7,3,5]}}