{"1347":{"Path":["0","0","1347","1347"],"Coordinates":[0.677595703638528,0.18989021788783148,-0.002832554345275063],"Categories":["Ambrosiozyma angophorae","Ambrosiozyma angophorae","Ambrosiozyma","","Saccharomycetales"],"Properties":[6,1,0]}}