{"3475":{"Path":["0","0","3475","3475"],"Coordinates":[0.39013717541549675,0.65820231362900072,0.32452453014301896],"Categories":["Dioszegia buhagiarii","Dioszegia buhagiarii","Dioszegia","Tremellaceae","Tremellales"],"Properties":[3,5,2]}}