{"4208":{"Path":["0","0","2401","4208"],"Coordinates":[0.53144151031130393,0.39447929029211215,0.62929237732381216],"Categories":["Bandoniozyma aquatica","Bandoniozyma aquatica","Bandoniozyma","","Tremellales"],"Properties":[5,3,5]}}