{"2526":{"Path":["0","0","2526","2526"],"Coordinates":[0.47176570405121332,0.54261292579798059,0.392010660846355],"Categories":["Blastobotrys adeninivorans","Blastobotrys adeninivorans","Blastobotrys","Trichomonascaceae","Saccharomycetales"],"Properties":[4,4,3]}}