{"104":{"Path":["6","47","104","104"],"Coordinates":[-0.24813518232133258,0.28355665858666373,-0.026606015320154441],"Categories":["Candida inconspicua","Candida inconspicua","Candida","","Saccharomycetales"],"Properties":[-2,2,0]},"3092":{"Path":["6","47","104","104"],"Coordinates":[-0.25004252920780223,0.2800311114228014,-0.029416294565718978],"Categories":["Candida suzukii","Candida suzukii","Candida","","Saccharomycetales"],"Properties":[-2,2,0]}}