{"1495":{"Path":["0","0","1495","1495"],"Coordinates":[0.35400712353657571,0.547215223542508,0.12984666428982636],"Categories":["Candida dendrica","Candida dendrica","Candida","","Saccharomycetales"],"Properties":[3,4,1]},"1496":{"Path":["0","0","1495","1495"],"Coordinates":[0.35399581116965306,0.547227568940879,0.12984850235934634],"Categories":["Candida dendrica","Candida dendrica","Candida","","Saccharomycetales"],"Properties":[3,4,1]}}