{"3451":{"Path":["0","0","3451","3451"],"Coordinates":[0.49480906496646909,0.63960618580393236,0.31848205569150217],"Categories":["Candida ubatubensis","Candida ubatubensis","Candida","","Saccharomycetales"],"Properties":[4,5,2]}}