{"2863":{"Path":["2863","2863","2863","2863"],"Coordinates":[1.1023352128429116,0.74528475887136136,0.29317307183955849],"Categories":["Danielozyma litseae","Danielozyma litseae","Danielozyma","",""],"Properties":[1,5,2]}}