{"1363":{"Path":["0","0","1363","1363"],"Coordinates":[0.497753644892814,0.49938776875295104,0.4194649700159146],"Categories":["Lipomyces tetrasporus","Lipomyces tetrasporus","Lipomyces","Lipomycetaceae","Saccharomycetales"],"Properties":[4,3,3]}}