{"793":{"Path":["0","793","793","793"],"Coordinates":[0.16330760344391476,0.3989747356332124,0.36343999126549786],"Categories":["Ambrosiozyma monospora","Ambrosiozyma monospora","Ambrosiozyma","","Saccharomycetales"],"Properties":[1,3,3]}}