{"2455":{"Path":["0","0","1630","2455"],"Coordinates":[0.56926880111098888,0.59100872011959371,0.41028328140948883],"Categories":["Cryptococcus vishniacii","Cryptococcus vishniacii","Cryptococcus","Tremellaceae","Tremellales"],"Properties":[5,4,3]}}