{"3514":{"Path":["0","0","3514","3514"],"Coordinates":[0.61241013870229366,0.3743610493924347,0.35616106941358316],"Categories":["Kazachstania aquatica","Kazachstania aquatica","Kazachstania","Saccharomycetaceae","Saccharomycetales"],"Properties":[6,2,3]},"3515":{"Path":["0","0","3514","3514"],"Coordinates":[0.6124218049298209,0.37432179634463558,0.35614647071814326],"Categories":["Kazachstania aquatica","Kazachstania aquatica","Kazachstania","Saccharomycetaceae","Saccharomycetales"],"Properties":[6,2,3]}}