{"2707":{"Path":["0","0","2709","2707"],"Coordinates":[0.63143559142548833,0.304525593059726,0.45292878416314358],"Categories":["Candida tallmaniae","Candida tallmaniae","Candida","","Saccharomycetales"],"Properties":[6,2,4]},"2709":{"Path":["0","0","2709","2709"],"Coordinates":[0.480177477825992,0.55175993811049917,0.4651369904305574],"Categories":["Candida tallmaniae","Candida tallmaniae","Candida","","Saccharomycetales"],"Properties":[4,4,4]}}