{"113":{"Path":["0","0","113","113"],"Coordinates":[0.36046463345572927,0.518961259335615,0.4079161421637455],"Categories":["Millerozyma farinosa","Millerozyma farinosa","Millerozyma","Debaryomycetaceae","Saccharomycetales"],"Properties":[3,4,3]}}