{"1858":{"Path":["0","0","1858","1858"],"Coordinates":[0.85637998362096368,0.53751254343031185,0.15127366143068449],"Categories":["Cyberlindnera meyerae","Cyberlindnera meyerae","Cyberlindnera","","Saccharomycetales"],"Properties":[8,4,1]}}