{"3602":{"Path":["0","0","3602","3602"],"Coordinates":[0.40300192081045927,0.62795518826664209,0.3439695678670045],"Categories":["Blastobotrys malaysiensis","Blastobotrys malaysiensis","Blastobotrys","Trichomonascaceae","Saccharomycetales"],"Properties":[4,5,3]},"3607":{"Path":["0","0","3602","3607"],"Coordinates":[0.48560546420711359,0.45099857102773472,0.47948296521584771],"Categories":["Blastobotrys illinoisensis","Blastobotrys illinoisensis","Blastobotrys","Trichomonascaceae","Saccharomycetales"],"Properties":[4,3,4]}}