{"253":{"Path":["0","0","253","253"],"Coordinates":[0.73112657837842443,0.57116450927306117,0.48649459981824861],"Categories":["Hanseniaspora valbyensis","Hanseniaspora valbyensis","Hanseniaspora","Saccharomycodaceae","Saccharomycetales"],"Properties":[7,4,4]}}