{"2839":{"Path":["0","0","2839","2839"],"Coordinates":[0.69157455932048106,0.2032974166026969,0.5037756790572413],"Categories":["Candida orba","Candida orba","Candida","","Saccharomycetales"],"Properties":[6,1,4]},"2840":{"Path":["0","0","2839","2839"],"Coordinates":[0.69275944233872389,0.20485077669022245,0.50837819192214051],"Categories":["Candida orba","Candida orba","Candida","","Saccharomycetales"],"Properties":[6,1,4]}}