{"3843":{"Path":["0","0","3843","3843"],"Coordinates":[0.45672677607215595,0.6822414040285546,0.34417305546282806],"Categories":["Candida andamanensis","Candida andamanensis","Candida","","Saccharomycetales"],"Properties":[4,5,3]},"3844":{"Path":["0","0","3843","3843"],"Coordinates":[0.45661137692198717,0.6824152923139819,0.34398886885860996],"Categories":["Candida andamanensis","Candida andamanensis","Candida","","Saccharomycetales"],"Properties":[4,5,3]}}