{"2700":{"Path":["0","0","2700","2700"],"Coordinates":[0.6504410504672804,0.22733612602664174,0.53769947279411223],"Categories":["Cyberlindnera lachancei","Cyberlindnera lachancei","Cyberlindnera","","Saccharomycetales"],"Properties":[6,1,4]}}