{"735":{"Path":["0","0","735","735"],"Coordinates":[0.64846172629453813,0.62324445673947249,0.26646659426096692],"Categories":["Cryptococcus peneaus","Cryptococcus peneaus","Cryptococcus","Tremellaceae","Tremellales"],"Properties":[6,4,2]}}