{"36":{"Path":["3","36","36","36"],"Coordinates":[-0.24622868087858951,0.20777693273698078,-0.23332937952290311],"Categories":["Filobasidiella neoformans","Filobasidiella neoformans","Filobasidiella","","Tremellales"],"Properties":[-2,1,-2]},"51":{"Path":["3","36","51","51"],"Coordinates":[-0.26667398388286073,0.19787006538336943,-0.21446427352155517],"Categories":["Candida glabrata","Candida glabrata","Candida","","Saccharomycetales"],"Properties":[-2,1,-1]},"78":{"Path":["3","36","78","78"],"Coordinates":[-0.22560163630970842,0.22051045792114518,-0.26743307744513922],"Categories":["Candida gropengiesseri","Candida gropengiesseri","Candida","","Saccharomycetales"],"Properties":[-2,1,-2]},"121":{"Path":["3","36","121","121"],"Coordinates":[-0.23410880689113833,0.20237806987318902,-0.18849708093258566],"Categories":["Pichia punctispora","Pichia punctispora","Pichia","Saccharomycetaceae","Saccharomycetales"],"Properties":[-2,1,-1]},"127":{"Path":["3","36","127","127"],"Coordinates":[-0.225327707003303,0.18850797993241086,-0.25468175176905883],"Categories":["Cyberlindnera saturnus","Cyberlindnera saturnus","Cyberlindnera","","Saccharomycetales"],"Properties":[-2,1,-2]}}