{"4162":{"Path":["0","0","4162","4162"],"Coordinates":[0.23017120234148417,0.47243653917826534,0.5820016126975901],"Categories":["Candida stauntonica","Candida stauntonica","Candida","","Saccharomycetales"],"Properties":[2,3,5]},"4163":{"Path":["0","0","4162","4162"],"Coordinates":[0.22788846355477982,0.4683154303751092,0.58032663035015342],"Categories":["Candida stauntonica","Candida stauntonica","Candida","","Saccharomycetales"],"Properties":[2,3,5]}}