{"3841":{"Path":["0","0","3841","3841"],"Coordinates":[0.37796406878273647,0.68993049661143424,0.32266222482336304],"Categories":["Sympodiomycopsis lanaiensis","Sympodiomycopsis lanaiensis","Sympodiomycopsis","Microstromataceae","Microstromatales"],"Properties":[3,5,2]},"3842":{"Path":["0","0","3841","3841"],"Coordinates":[0.37948393908880373,0.68807923474713883,0.31945866059542233],"Categories":["Sympodiomycopsis lanaiensis","Sympodiomycopsis lanaiensis","Sympodiomycopsis","Microstromataceae","Microstromatales"],"Properties":[3,5,2]}}