{"3522":{"Path":["0","0","1277","3522"],"Coordinates":[0.33362632484054422,0.60269878364306617,0.50560912567715022],"Categories":["Blastobotrys robertii","Blastobotrys robertii","Blastobotrys","Trichomonascaceae","Saccharomycetales"],"Properties":[3,4,4]},"4140":{"Path":["0","0","1277","3522"],"Coordinates":[0.330113062583803,0.60404622994379065,0.50661389399556012],"Categories":["Blastobotrys robertii","Pichia koratensis","Pichia","Saccharomycetaceae","Saccharomycetales"],"Properties":[3,4,4]}}