{"2580":{"Path":["0","0","2580","2580"],"Coordinates":[0.474044886155722,0.38416693087267623,0.36032117095561522],"Categories":["Fellomyces thailandicus","Fellomyces thailandicus","Fellomyces","Cuniculitremaceae","Tremellales"],"Properties":[4,3,3]}}