{"2619":{"Path":["0","0","2619","2619"],"Coordinates":[-0.065356783379323977,0.54009709310797094,0.4254358844296241],"Categories":["Tausonia pamirica","Tausonia pamirica","Tausonia","","Tremellales"],"Properties":[0,4,3]}}