{"2707":{"Path":["0","0","2709","2707"],"Coordinates":[0.43362152179374563,0.54707786764302779,0.61775851353181865],"Categories":["Candida tallmaniae","Candida tallmaniae","Candida","","Saccharomycetales"],"Properties":[4,4,5]},"2709":{"Path":["0","0","2709","2709"],"Coordinates":[0.7045150937574215,0.21414183919494564,0.27415780921507044],"Categories":["Candida tallmaniae","Candida tallmaniae","Candida","","Saccharomycetales"],"Properties":[7,1,2]}}