{"2293":{"Path":["0","0","2293","2293"],"Coordinates":[0.47426541123886412,0.4827902744497562,0.48336231534903235],"Categories":["Malassezia obtusa","Malassezia obtusa","Malassezia","","Malasseziales"],"Properties":[4,3,4]}}