{"2861":{"Path":["2861","2861","2861","2861"],"Coordinates":[1.1238241699714715,1.5625897079208042,0.67449615824926545],"Categories":["Danielozyma litseae","Danielozyma litseae","Danielozyma","",""],"Properties":[1,4,6]}}