{"1362":{"Path":["0","1358","1358","1362"],"Coordinates":[0.41505540665842827,0.69331105932790738,0.39115953302683004],"Categories":["Phaffia rhodozyma","Phaffia rhodozyma","Phaffia","Cystofilobasidiaceae","Cystofilobasidiales"],"Properties":[4,5,3]}}