{"2072":{"Path":["0","0","2072","2072"],"Coordinates":[0.30083442554429424,0.56026158043121388,0.33852516679875622],"Categories":["Lipomyces japonicus","Lipomyces japonicus","Lipomyces","Lipomycetaceae","Saccharomycetales"],"Properties":[3,4,3]}}