{"3029":{"Path":["0","0","0","3029"],"Coordinates":[0.63075450731029414,0.48575541474450051,0.50066518403042926],"Categories":["Sporobolomyces odoratus","Sporobolomyces odoratus","Sporobolomyces","","Sporidiobolales"],"Properties":[6,3,4]}}