{"3940":{"Path":["0","0","3940","3940"],"Coordinates":[0.34611706010917315,0.5355961636476525,-0.046275516191678558],"Categories":["Yarrowia divulgata","Yarrowia divulgata","Yarrowia","","Saccharomycetales"],"Properties":[3,4,0]}}