{"3100":{"Path":["0","0","37","3100"],"Coordinates":[0.58359084037003139,0.64998985130562259,0.41459278419406626],"Categories":["Hannaella surugaensis","Hannaella surugaensis","Hannaella","","Tremellales"],"Properties":[5,5,3]}}