{"1625":{"Path":["0","0","1625","1625"],"Coordinates":[0.52444976112055719,0.28676037800295423,-0.12206128690126163],"Categories":["Candida quercuum","Candida quercuum","Candida","","Saccharomycetales"],"Properties":[5,2,-1]}}