{"4256":{"Path":["0","2609","4256","4256"],"Coordinates":[0.39355423771461423,0.36535728968120507,0.69404608409376578],"Categories":["Pseudozyma vetiver","Pseudozyma vetiver","Pseudozyma","Ustilaginaceae","Ustilaginales"],"Properties":[3,2,6]}}