{"3822":{"Path":["0","0","3822","3822"],"Coordinates":[0.51057444851253,0.6025919250747297,0.52598844988281745],"Categories":["Candida khaoyaiensis","Candida khaoyaiensis","Candida","","Saccharomycetales"],"Properties":[5,4,4]}}