{"3930":{"Path":["0","0","3931","3930"],"Coordinates":[0.13982843902594105,0.539627510033643,0.69253535030014413],"Categories":["Rhodotorula rosulata","Rhodotorula rosulata","Rhodotorula","","Sporidiobolales"],"Properties":[1,4,6]},"3931":{"Path":["0","0","3931","3931"],"Coordinates":[0.1353580660185868,0.557593688232981,0.68104793947995956],"Categories":["Rhodotorula rosulata","Rhodotorula rosulata","Rhodotorula","","Sporidiobolales"],"Properties":[1,4,6]}}