{"2307":{"Path":["0","0","2308","2308"],"Coordinates":[0.71426915694476045,0.41123034802738778,0.40438557039850304],"Categories":["Candida akabanensis","Candida akabanensis","Candida","","Saccharomycetales"],"Properties":[7,3,3]},"2308":{"Path":["0","0","2308","2308"],"Coordinates":[0.71423737449397884,0.41126588698740441,0.40440062291122941],"Categories":["Candida akabanensis","Candida akabanensis","Candida","","Saccharomycetales"],"Properties":[7,3,3]}}