{"3516":{"Path":["0","0","3514","3516"],"Coordinates":[0.24668709806481834,0.49038967906143893,0.43617871338451841],"Categories":["Kazachstania aquatica","Kazachstania aquatica","Kazachstania","Saccharomycetaceae","Saccharomycetales"],"Properties":[2,3,3]}}