{"1068":{"Path":["0","1068","1068","1068"],"Coordinates":[0.40291562219277377,0.65086038104582866,0.79812220645987519],"Categories":["Brettanomyces custersianus","Brettanomyces custersianus","Brettanomyces","Pichiaceae","Saccharomycetales"],"Properties":[4,5,7]}}