{"4240":{"Path":["0","0","4242","4240"],"Coordinates":[0.19817446394396418,0.41704883164538936,0.91384285254275877],"Categories":["Naumovozyma baii","Naumovozyma baii","Naumovozyma","Saccharomycetaceae","Saccharomycetales"],"Properties":[1,3,8]}}