{"631":{"Path":["0","0","631","631"],"Coordinates":[0.22607059528776677,0.44141450562422391,0.64495952673981527],"Categories":["Candida pseudolambica","Candida pseudolambica","Candida","","Saccharomycetales"],"Properties":[2,3,5]}}