{"3887":{"Path":["0","0","3797","3887"],"Coordinates":[0.76960223487376633,0.26511465332235773,0.17048617971905297],"Categories":["Ambrosiozyma pseudovanderkliftii","Ambrosiozyma pseudovanderkliftii","Ambrosiozyma","","Saccharomycetales"],"Properties":[7,2,1]}}