{"4264":{"Path":["0","0","4264","4264"],"Coordinates":[0.10119436879556157,0.81201270736905107,0.64986051625927965],"Categories":["Starmerella aceti","Starmerella aceti","Starmerella","Saccharomycetaceae","Saccharomycetales"],"Properties":[1,6,5]}}