{"1455":{"Path":["0","0","1455","1455"],"Coordinates":[0.41173794814991926,0.505152792851715,0.56129930666070049],"Categories":["Blastobotrys chiropterorum","Blastobotrys chiropterorum","Blastobotrys","Trichomonascaceae","Saccharomycetales"],"Properties":[4,4,5]}}