{"2264":{"Path":["0","0","2264","2264"],"Coordinates":[0.595632407820866,0.57380748042683283,0.61339432704126018],"Categories":["Nakaseomyces bacillisporus","Nakaseomyces bacillisporus","Nakaseomyces","Saccharomycetaceae","Saccharomycetales"],"Properties":[5,4,5]}}