{"4024":{"Path":["0","0","4025","4025"],"Coordinates":[0.3300058829435672,0.50930940320718943,0.23326179351760654],"Categories":["Barnettozyma sucrosica","Barnettozyma sucrosica","Barnettozyma","","Saccharomycetales"],"Properties":[3,4,2]},"4025":{"Path":["0","0","4025","4025"],"Coordinates":[0.33509936256906792,0.50916707424710839,0.2364297909563258],"Categories":["Barnettozyma sucrosica","Barnettozyma sucrosica","Barnettozyma","","Saccharomycetales"],"Properties":[3,4,2]}}