{"3364":{"Path":["0","0","3364","3364"],"Coordinates":[0.81269487962125175,0.31445493953902737,0.36181904533852877],"Categories":["Candida alai","Candida alai","Candida","","Saccharomycetales"],"Properties":[8,2,3]}}