{"1618":{"Path":["0","0","1617","1618"],"Coordinates":[0.11281434256404004,0.58019794645899858,0.071615971850564272],"Categories":["Kurtzmanomyces nectairei","Kurtzmanomyces nectairei","Kurtzmanomyces","Chionosphaeraceae","Agaricostilbales"],"Properties":[1,4,0]},"1619":{"Path":["0","0","1617","1618"],"Coordinates":[0.11282242935458291,0.58020985255009849,0.07161128857619059],"Categories":["Kurtzmanomyces nectairei","Kurtzmanomyces nectairei","Kurtzmanomyces","Chionosphaeraceae","Agaricostilbales"],"Properties":[1,4,0]}}