{"3791":{"Path":["0","0","3791","3791"],"Coordinates":[0.87558685576622308,0.38290785561566354,0.46136800011926],"Categories":["Ogataea nitratoaversa","Ogataea nitratoaversa","Ogataea","Saccharomycetaceae","Saccharomycetales"],"Properties":[8,3,4]},"3792":{"Path":["0","0","3791","3791"],"Coordinates":[0.87584823741461471,0.38246756382236435,0.45841201926896114],"Categories":["Ogataea nitratoaversa","Ogataea nitratoaversa","Ogataea","Saccharomycetaceae","Saccharomycetales"],"Properties":[8,3,4]}}