{"1289":{"Path":["0","0","159","1290"],"Coordinates":[0.31547602560854016,0.4317241186901804,0.59060071892852617],"Categories":["Cystobasidium slooffiae","Cystobasidium slooffiae","Cystobasidium","Platygloeaceae","Platygloeales"],"Properties":[3,3,5]},"1290":{"Path":["0","0","159","1290"],"Coordinates":[0.31547650409705019,0.43171031962812867,0.59060833974815108],"Categories":["Cystobasidium slooffiae","Cystobasidium slooffiae","Cystobasidium","Platygloeaceae","Platygloeales"],"Properties":[3,3,5]}}