{"1397":{"Path":["0","2609","1397","1397"],"Coordinates":[0.277995830279754,0.54469285917602339,0.51320791858232262],"Categories":["Pseudozyma antarctica","Pseudozyma antarctica","Pseudozyma","Ustilaginaceae","Ustilaginales"],"Properties":[2,4,4]}}