{"3999":{"Path":["0","0","3999","3999"],"Coordinates":[0.51430209734170007,0.29329199146908069,0.32867693692815675],"Categories":["Geotrichum phurueaensis","Geotrichum phurueaensis","Geotrichum","Dipodascaceae","Saccharomycetales"],"Properties":[5,2,2]}}