{"4258":{"Path":["0","0","4258","4258"],"Coordinates":[0.27526921140608562,0.76616631821262871,0.14138153318016022],"Categories":["Yarrowia porcina","Yarrowia porcina","Yarrowia","","Saccharomycetales"],"Properties":[2,6,1]}}