{"303":{"Path":["0","0","303","303"],"Coordinates":[0.54978833306857322,0.630301569678939,0.46417763009611224],"Categories":["Cryptococcus heveanensis","Cryptococcus heveanensis","Cryptococcus","Tremellaceae","Tremellales"],"Properties":[5,5,4]}}