{"42":{"Path":["0","0","47","47"],"Coordinates":[0.48324531981929991,0.45049283380484717,0.56158570169993771],"Categories":["Candida glabrata","Candida glabrata","Candida","","Saccharomycetales"],"Properties":[4,3,5]},"43":{"Path":["0","0","47","47"],"Coordinates":[0.47875543547472171,0.45609939522641296,0.5583400634819875],"Categories":["Candida glabrata","Candida glabrata","Candida","","Saccharomycetales"],"Properties":[4,3,5]},"44":{"Path":["0","0","47","47"],"Coordinates":[0.48017607651341726,0.45437240977011256,0.55934704293359272],"Categories":["Candida glabrata","Candida glabrata","Candida","","Saccharomycetales"],"Properties":[4,3,5]},"45":{"Path":["0","0","47","47"],"Coordinates":[0.48377447875140556,0.44984301047090625,0.56196349676336277],"Categories":["Candida glabrata","Candida glabrata","Candida","","Saccharomycetales"],"Properties":[4,3,5]},"46":{"Path":["0","0","47","47"],"Coordinates":[0.48223635228728778,0.45180954303225551,0.5608323924546319],"Categories":["Candida glabrata","Candida glabrata","Candida","","Saccharomycetales"],"Properties":[4,3,5]},"47":{"Path":["0","0","47","47"],"Coordinates":[0.48070842309149009,0.45371958783789157,0.55972700959657873],"Categories":["Candida glabrata","Candida glabrata","Candida","","Saccharomycetales"],"Properties":[4,3,5]},"48":{"Path":["0","0","47","47"],"Coordinates":[0.48174814067578031,0.45241962931032909,0.5604794523987322],"Categories":["Candida glabrata","Candida glabrata","Candida","","Saccharomycetales"],"Properties":[4,3,5]},"49":{"Path":["0","0","47","47"],"Coordinates":[0.45922615478471468,0.48052218913597483,0.54421174723959487],"Categories":["Candida glabrata","Candida glabrata","Candida","","Saccharomycetales"],"Properties":[4,3,4]},"50":{"Path":["0","0","47","47"],"Coordinates":[0.48051368825762608,0.45393504543498858,0.5595955357281277],"Categories":["Candida glabrata","Candida glabrata","Candida","","Saccharomycetales"],"Properties":[4,3,5]},"51":{"Path":["0","0","47","47"],"Coordinates":[0.48084225124066521,0.45352079503867115,0.5598343981570445],"Categories":["Candida glabrata","Candida glabrata","Candida","","Saccharomycetales"],"Properties":[4,3,5]},"52":{"Path":["0","0","47","47"],"Coordinates":[0.47925080035763157,0.45549767457719958,0.55869141799877842],"Categories":["Candida glabrata","Candida glabrata","Candida","","Saccharomycetales"],"Properties":[4,3,5]},"59":{"Path":["0","0","47","47"],"Coordinates":[0.47586484522301675,0.459674496783879,0.55626513042394621],"Categories":["Candida glabrata","Candida glabrata","Candida","","Saccharomycetales"],"Properties":[4,3,5]}}