{"3928":{"Path":["0","0","3928","3928"],"Coordinates":[0.65585551934311759,0.90437874732243817,0.22456117853856875],"Categories":["Rhodotorula straminea","Rhodotorula straminea","Rhodotorula","","Sporidiobolales"],"Properties":[6,7,2]}}