{"483":{"Path":["0","0","483","483"],"Coordinates":[0.79501222946589911,0.34767781064335235,0.63639857663320787],"Categories":["Trigonopsis variabilis","Trigonopsis variabilis","Trigonopsis","","Saccharomycetales"],"Properties":[7,2,5]}}