{"3885":{"Path":["0","0","3885","3885"],"Coordinates":[0.10513849398127564,0.77571207196225522,0.50537841873412237],"Categories":["Ambrosiozyma pseudovanderkliftii","Ambrosiozyma pseudovanderkliftii","Ambrosiozyma","","Saccharomycetales"],"Properties":[1,6,4]}}