{"4207":{"Path":["0","4207","4207","4207"],"Coordinates":[0.31937123669399375,0.76002986283159124,0.89079783673646074],"Categories":["Candida tunisiensis","Candida tunisiensis","Candida","","Saccharomycetales"],"Properties":[3,6,8]}}