{"1954":{"Path":["0","0","1954","1954"],"Coordinates":[0.30211091192896206,0.37421551798690778,0.53054686445719235],"Categories":["Sporobolomyces phyllomatis","Sporobolomyces phyllomatis","Sporobolomyces","","Sporidiobolales"],"Properties":[3,2,4]},"2431":{"Path":["0","0","1954","2431"],"Coordinates":[0.5570185824870324,0.445808655436652,0.50425716039749913],"Categories":["Rhodotorula armeniaca","Rhodotorula armeniaca","Rhodotorula","","Sporidiobolales"],"Properties":[5,3,4]}}