{"2643":{"Path":["0","0","2643","2643"],"Coordinates":[0.63646366477627592,0.43666024104210382,0.43377308964527966],"Categories":["Wickerhamiella cacticola","Wickerhamiella cacticola","Wickerhamiella","","Saccharomycetales"],"Properties":[6,3,3]}}