{"2371":{"Path":["0","2371","2371","2371"],"Coordinates":[0.43617603303087837,0.41272518867028218,0.73720082549847588],"Categories":["Malassezia globosa","Malassezia globosa","Malassezia","","Malasseziales"],"Properties":[4,3,6]}}