{"2713":{"Path":["0","0","687","2713"],"Coordinates":[0.71721147371664828,0.47572253814357846,0.55232450293218782],"Categories":["Candida vaughaniae","Candida vaughaniae","Candida","","Saccharomycetales"],"Properties":[7,3,4]},"2714":{"Path":["0","0","687","2713"],"Coordinates":[0.71724104463005534,0.47573478934492508,0.55235392331234023],"Categories":["Candida vaughaniae","Candida vaughaniae","Candida","","Saccharomycetales"],"Properties":[7,3,4]}}