{"1694":{"Path":["0","1694","1694","1694"],"Coordinates":[0.54894530371256911,0.6549104756705646,0.46012862960698392],"Categories":["Rhodotorula sonckii","Rhodotorula sonckii","Rhodotorula","","Sporidiobolales"],"Properties":[5,5,4]}}