{"129":{"Path":["2","25","129","129"],"Coordinates":[-0.24592337518365393,0.34666733649396231,-0.016206762428286368],"Categories":["Cyberlindnera saturnus","Cyberlindnera saturnus","Cyberlindnera","","Saccharomycetales"],"Properties":[-2,2,0]},"300":{"Path":["2","25","129","300"],"Coordinates":[-0.23318300062541686,0.34197627677954573,-0.025776051100965661],"Categories":["Meyerozyma guilliermondii","Meyerozyma guilliermondii","Meyerozyma","Debaryomycetaceae","Saccharomycetales"],"Properties":[-2,2,0]}}