{"3433":{"Path":["0","0","3434","3433"],"Coordinates":[0.59420257799202025,0.35963331717278324,0.44708594831054066],"Categories":["Kuraishia molischiana","Kuraishia molischiana","Kuraishia","Saccharomycetaceae","Saccharomycetales"],"Properties":[5,2,4]}}