{"2149":{"Path":["0","0","2151","2149"],"Coordinates":[0.39541146192573462,0.49218673575383676,0.24533244274491212],"Categories":["Myxozyma udenii","Myxozyma udenii","Myxozyma","Lipomycetaceae","Saccharomycetales"],"Properties":[3,3,2]}}