{"1239":{"Path":["0","0","1240","1240"],"Coordinates":[0.548075888087208,0.64169413384590157,0.49150430187434491],"Categories":["Wickerhamomyces onychis","Wickerhamomyces onychis","Wickerhamomyces","","Saccharomycetales"],"Properties":[5,5,4]},"1240":{"Path":["0","0","1240","1240"],"Coordinates":[0.54811229864789079,0.64168774514631333,0.49146283427722509],"Categories":["Wickerhamomyces onychis","Wickerhamomyces onychis","Wickerhamomyces","","Saccharomycetales"],"Properties":[5,5,4]}}