{"1726":{"Path":["0","0","1686","1726"],"Coordinates":[0.754656318981421,0.55135273635492243,0.39187072827614805],"Categories":["Candida buinensis","Candida buinensis","Candida","","Saccharomycetales"],"Properties":[7,4,3]}}