{"3155":{"Path":["0","0","3154","3155"],"Coordinates":[0.371612076032778,0.23678823611968866,0.61029234036471436],"Categories":["Leucosporidium golubevii","Leucosporidium golubevii","Leucosporidium","Sporidiobolaceae","Sporidiobolales"],"Properties":[3,1,5]}}