{"2721":{"Path":["0","2721","2721","2721"],"Coordinates":[0.65655300234742242,0.12606997369018533,0.4345655373353306],"Categories":["Candida eppingiae","Candida eppingiae","Candida","","Saccharomycetales"],"Properties":[6,1,3]},"3447":{"Path":["0","2721","3447","3447"],"Coordinates":[0.46354822332520379,0.21845593526495652,0.46619642952915652],"Categories":["Candida bromeliacearum","Candida bromeliacearum","Candida","","Saccharomycetales"],"Properties":[4,1,4]}}