{"3727":{"Path":["0","0","3307","3727"],"Coordinates":[0.55760603640106077,0.31985911638821024,0.36047165034564776],"Categories":["Candida floris","Candida floris","Candida","","Saccharomycetales"],"Properties":[5,2,3]}}