{"1150":{"Path":["0","0","1150","1150"],"Coordinates":[0.59008794296352407,0.46423462053797881,0.641626301076853],"Categories":["Rhodotorula diffluens","Rhodotorula diffluens","Rhodotorula","","Sporidiobolales"],"Properties":[5,3,5]}}