{"1186":{"Path":["0","0","1186","1186"],"Coordinates":[0.38495267476379358,0.52920331651031294,0.26420994960321509],"Categories":["Ogataea trehalophila","Ogataea trehalophila","Ogataea","Saccharomycetaceae","Saccharomycetales"],"Properties":[3,4,2]}}