{"1125":{"Path":["0","0","1125","1125"],"Coordinates":[0.36504747082674688,0.44322788745757014,0.39538184684118766],"Categories":["Candida salmanticensis","Candida salmanticensis","Candida","","Saccharomycetales"],"Properties":[3,3,3]}}