{"1100":{"Path":["0","0","1097","1100"],"Coordinates":[0.45909914473282259,0.48990514215146269,0.55150315569698583],"Categories":["Cryptococcus skinneri","Cryptococcus skinneri","Cryptococcus","Tremellaceae","Tremellales"],"Properties":[4,3,4]}}