{"3780":{"Path":["0","0","3780","3780"],"Coordinates":[0.77517756064050491,0.44270227579402466,0.59445251561473544],"Categories":["Candida koratica","Candida koratica","Candida","","Saccharomycetales"],"Properties":[7,3,5]}}