{"1220":{"Path":["0","0","1220","1220"],"Coordinates":[0.4585529131063143,0.46565172458314458,0.6856661329288688],"Categories":["Nakazawaea anatomiae","Nakazawaea anatomiae","Nakazawaea","Saccharomycetaceae","Saccharomycetales"],"Properties":[4,3,6]}}