{"2870":{"Path":["0","0","3084","2870"],"Coordinates":[0.44460488897938216,0.83467171211992175,0.2631815276462966],"Categories":["Candida ponderosae","Candida ponderosae","Candida","","Saccharomycetales"],"Properties":[4,6,2]},"3084":{"Path":["0","0","3084","3084"],"Coordinates":[0.54098067932562643,0.58058809600358763,0.50976793414606547],"Categories":["Komagataella pseudopastoris","Komagataella pseudopastoris","Komagataella","Saccharomycetaceae","Saccharomycetales"],"Properties":[5,4,4]}}