{"1217":{"Path":["0","0","1217","1217"],"Coordinates":[0.564951119176854,0.6128789199420196,0.56014506647953988],"Categories":["Candida vanderwaltii","Candida vanderwaltii","Candida","","Saccharomycetales"],"Properties":[5,4,5]}}