{"1770":{"Path":["0","0","1770","1770"],"Coordinates":[0.33729963018974918,0.42199928982741686,0.78556982211946846],"Categories":["Candida auringiensis","Candida auringiensis","Candida","","Saccharomycetales"],"Properties":[3,3,7]}}