{"2396":{"Path":["2396","2396","2396","2396"],"Coordinates":[0.62639683858843631,0.46968775690237147,0.98266050616485368],"Categories":["Candida paludigena","Candida paludigena","Candida","","Saccharomycetales"],"Properties":[6,3,8]}}