{"914":{"Path":["0","0","914","914"],"Coordinates":[0.65844203910587762,0.81076034469981773,1.1157836044105747],"Categories":["Yamadazyma triangularis","Yamadazyma triangularis","Yamadazyma","Saccharomycetaceae","Saccharomycetales"],"Properties":[6,6,1]}}