{"3095":{"Path":["0","0","3095","3095"],"Coordinates":[0.57207886432768829,0.72653183976541791,0.7622923847870906],"Categories":["Ogataea dorogensis","Ogataea dorogensis","Ogataea","Saccharomycetaceae","Saccharomycetales"],"Properties":[5,5,6]}}