{"625":{"Path":["1","1","123","625"],"Coordinates":[-0.37341333412023164,0.1348405623622172,-0.22835435026544038],"Categories":["Trichosporon dermatis","Trichosporon dermatis","Trichosporon","Trichosporonaceae","Tremellales"],"Properties":[-3,1,-2]},"2589":{"Path":["1","1","123","625"],"Coordinates":[-0.37363306894743037,0.13271182184242206,-0.23035927529197203],"Categories":["Fellomyces sichuanensis","Fellomyces sichuanensis","Fellomyces","Cuniculitremaceae","Tremellales"],"Properties":[-3,1,-2]}}