{"1436":{"Path":["0","1436","1436","1436"],"Coordinates":[0.34031198963187848,1.0883440790360743,0.51436965975036453],"Categories":["Candida insectalens","Candida insectalens","Candida","","Saccharomycetales"],"Properties":[3,0,4]}}