{"4202":{"Path":["0","0","4202","4202"],"Coordinates":[0.13401205275325195,0.30505988329206141,0.62849720486472171],"Categories":["Kuraishia borneana","Kuraishia borneana","Kuraishia","Saccharomycetaceae","Saccharomycetales"],"Properties":[1,2,5]}}