{"3462":{"Path":["0","0","3462","3462"],"Coordinates":[0.58050630536872283,0.40298173014487271,0.39676694876493457],"Categories":["Cryptococcus amylolyticus","Cryptococcus amylolyticus","Cryptococcus","Tremellaceae","Tremellales"],"Properties":[5,3,3]}}