{"786":{"Path":["0","0","786","786"],"Coordinates":[0.63402975228969216,0.54782188972177615,0.3591354024765141],"Categories":["Guehomyces pullulans","Guehomyces pullulans","Guehomyces","Cystofilobasidiaceae","Cystofilobasidiales"],"Properties":[6,4,3]}}