{"713":{"Path":["0","0","713","713"],"Coordinates":[0.42473884825001273,0.33387340211234079,0.52030630397044775],"Categories":["Kregervanrija fluxuum","Kregervanrija fluxuum","Kregervanrija","Saccharomycetaceae","Saccharomycetales"],"Properties":[4,2,4]}}