{"1964":{"Path":["0","0","1965","1964"],"Coordinates":[0.59542738600918865,0.7316982969855832,0.64256022455958151],"Categories":["Wickerhamomyces hampshirensis","Wickerhamomyces hampshirensis","Wickerhamomyces","","Saccharomycetales"],"Properties":[5,5,5]}}