{"2982":{"Path":["0","0","2983","2982"],"Coordinates":[0.53703909666632477,0.42164160872735718,0.93410062671446514],"Categories":["Sporobolomyces ogasawarensis","Sporobolomyces ogasawarensis","Sporobolomyces","","Sporidiobolales"],"Properties":[5,3,8]}}