{"977":{"Path":["977","977","977","977"],"Coordinates":[0.740901660828077,0.12192024653852408,0.84424369670100752],"Categories":["Candida vartiovaarae","Candida vartiovaarae","Candida","","Saccharomycetales"],"Properties":[7,0,7]}}