{"3603":{"Path":["0","0","3603","3603"],"Coordinates":[0.32749159882525647,0.3169251481511749,0.62865536261076749],"Categories":["Blastobotrys americana","Blastobotrys americana","Blastobotrys","Trichomonascaceae","Saccharomycetales"],"Properties":[3,2,5]}}