{"1190":{"Path":["0","0","1189","1190"],"Coordinates":[0.41747803282256496,0.44045737475686852,0.74855152113091306],"Categories":["Kodamaea ohmeri","Kodamaea ohmeri","Kodamaea","Saccharomycetaceae","Saccharomycetales"],"Properties":[4,3,6]}}