{"3739":{"Path":["0","0","3739","3739"],"Coordinates":[0.46876574238957136,0.49803753965311343,0.45955420076323761],"Categories":["Glaciozyma watsonii","Glaciozyma watsonii","Glaciozyma","",""],"Properties":[4,3,4]}}