{"2727":{"Path":["0","0","2727","2727"],"Coordinates":[0.46291018072500839,0.42542407900248569,0.59820225819836925],"Categories":["Kockovaella machilophila","Kockovaella machilophila","Kockovaella","Cuniculitremaceae","Tremellales"],"Properties":[4,3,5]}}