{"33":{"Path":["8","33","33","33"],"Coordinates":[-0.66017416786306515,0.51712001206204083,-0.031418462994583451],"Categories":["Filobasidiella neoformans","Filobasidiella neoformans","Filobasidiella","","Tremellales"],"Properties":[-6,4,0]},"169":{"Path":["8","33","169","169"],"Coordinates":[-0.62783596016346266,0.52930019876034207,-0.020299744366471358],"Categories":["Cystobasidium pallidum","Cystobasidium pallidum","Cystobasidium","Platygloeaceae","Platygloeales"],"Properties":[-6,4,0]},"207":{"Path":["8","33","207","207"],"Coordinates":[-0.669186647457281,0.54022239724677024,-0.060932297430159148],"Categories":["Naumovozyma dairenensis","Naumovozyma dairenensis","Naumovozyma","Saccharomycetaceae","Saccharomycetales"],"Properties":[-6,4,0]}}