{"4210":{"Path":["0","0","4210","4210"],"Coordinates":[0.76735698620945125,0.53901114520601612,0.78943723180517156],"Categories":["Cyberlindnera samutprakarnensis","Cyberlindnera samutprakarnensis","Cyberlindnera","","Saccharomycetales"],"Properties":[7,4,7]}}