{"2501":{"Path":["0","0","2501","2501"],"Coordinates":[0.639026864686334,0.19468943297193264,0.47674068012407089],"Categories":["Ambrosiozyma llanquihuensis","Ambrosiozyma llanquihuensis","Ambrosiozyma","","Saccharomycetales"],"Properties":[6,1,4]}}