{"4059":{"Path":["0","0","4059","4059"],"Coordinates":[0.31893340981239904,0.42792093640905532,0.61734133506249256],"Categories":["Candida saraburiensis","Candida saraburiensis","Candida","","Saccharomycetales"],"Properties":[3,3,5]}}