{"4":{"Path":["4","4","4","4"],"Coordinates":[-0.48307211704402209,0.68496463483366954,0.028318637441826069],"Categories":["Dekkera bruxellensis","Dekkera bruxellensis","Dekkera","Saccharomycetaceae","Saccharomycetales"],"Properties":[-4,5,0]},"12":{"Path":["4","12","12","12"],"Coordinates":[-0.50981610788188558,0.73984294489238167,-0.054468259286953681],"Categories":["Dekkera anomala","Dekkera anomala","Dekkera","Saccharomycetaceae","Saccharomycetales"],"Properties":[-5,5,0]},"27":{"Path":["4","27","27","27"],"Coordinates":[-0.54098968671204528,0.65938871895242324,-0.0549763659886169],"Categories":["Wickerhamomyces subpelliculosus","Wickerhamomyces subpelliculosus","Wickerhamomyces","","Saccharomycetales"],"Properties":[-5,5,0]},"30":{"Path":["4","30","30","30"],"Coordinates":[-0.414289257297972,0.63419453812033177,0.093771512148696792],"Categories":["Filobasidiella neoformans","Filobasidiella neoformans","Filobasidiella","","Tremellales"],"Properties":[-4,5,0]},"40":{"Path":["4","40","40","40"],"Coordinates":[-0.3857959030694747,0.75384341502291619,0.06012212290637222],"Categories":["Kuraishia molischiana","Kuraishia molischiana","Kuraishia","Saccharomycetaceae","Saccharomycetales"],"Properties":[-3,6,0]},"49":{"Path":["4","49","49","49"],"Coordinates":[-0.43265918491168154,0.62349850229651427,-0.0766125308369676],"Categories":["Candida glabrata","Candida glabrata","Candida","","Saccharomycetales"],"Properties":[-4,4,0]}}