{"1857":{"Path":["0","0","1858","1857"],"Coordinates":[0.25896634094332022,0.83983425371569065,0.77477097151772334],"Categories":["Cyberlindnera meyerae","Cyberlindnera meyerae","Cyberlindnera","","Saccharomycetales"],"Properties":[2,6,6]},"1858":{"Path":["0","0","1858","1858"],"Coordinates":[0.274193662343874,0.83352772260037566,0.76344152544760124],"Categories":["Cyberlindnera meyerae","Cyberlindnera meyerae","Cyberlindnera","","Saccharomycetales"],"Properties":[2,6,6]}}