{"442":{"Path":["5","5","112","442"],"Coordinates":[-0.579925850305477,0.36059888255571354,-0.10430723507536294],"Categories":["Debaryomyces hansenii","Debaryomyces hansenii","Debaryomyces","Saccharomycetaceae","Saccharomycetales"],"Properties":[-5,2,0]},"1516":{"Path":["5","5","112","442"],"Coordinates":[-0.578030957791435,0.36385325204778135,-0.10618874345373074],"Categories":["Scheffersomyces ergatensis","Scheffersomyces ergatensis","Scheffersomyces","Debaryomycetaceae","Saccharomycetales"],"Properties":[-5,2,0]}}