{"1278":{"Path":["0","0","1760","1278"],"Coordinates":[0.68883230604032075,0.35757974642403373,0.59153195520659174],"Categories":["Candida humilis","Candida humilis","Candida","","Saccharomycetales"],"Properties":[6,2,5]},"1760":{"Path":["0","0","1760","1760"],"Coordinates":[0.44601939979283478,0.46642136637371545,0.58603589054783911],"Categories":["Candida milleri","Candida milleri","Candida","","Saccharomycetales"],"Properties":[4,3,5]}}