{"3478":{"Path":["0","0","2620","3479"],"Coordinates":[0.69791806339305873,0.24145307667722468,0.55653739658531476],"Categories":["Metschnikowia hamakuensis","Metschnikowia hamakuensis","Metschnikowia","Metschnikowiaceae","Saccharomycetales"],"Properties":[6,1,5]},"3479":{"Path":["0","0","2620","3479"],"Coordinates":[0.69788146719479049,0.24148409097110962,0.55651575150683641],"Categories":["Metschnikowia hamakuensis","Metschnikowia hamakuensis","Metschnikowia","Metschnikowiaceae","Saccharomycetales"],"Properties":[6,1,5]}}