{"47":{"Path":["6","47","47","47"],"Coordinates":[-0.25650302096342387,0.28662282687910379,-0.055034968017633946],"Categories":["Candida glabrata","Candida glabrata","Candida","","Saccharomycetales"],"Properties":[-2,2,0]},"104":{"Path":["6","47","104","104"],"Coordinates":[-0.24813518232133258,0.28355665858666373,-0.026606015320154441],"Categories":["Candida inconspicua","Candida inconspicua","Candida","","Saccharomycetales"],"Properties":[-2,2,0]},"159":{"Path":["6","47","159","159"],"Coordinates":[-0.24122717652122638,0.29890813210727474,-0.0920673243699988],"Categories":["Cystobasidium minuta","Cystobasidium minuta","Cystobasidium","Platygloeaceae","Platygloeales"],"Properties":[-2,2,0]}}