{"3259":{"Path":["0","0","3258","3259"],"Coordinates":[0.71860113793715585,0.61422559891177153,0.55132158594461511],"Categories":["Candida emberorum","Candida emberorum","Candida","","Saccharomycetales"],"Properties":[7,4,4]}}