{"151":{"Path":["0","0","151","151"],"Coordinates":[0.42887942783063632,0.49335109925039355,0.55299250192483218],"Categories":["Rhodotorula aurantiaca","Rhodotorula aurantiaca","Rhodotorula","","Sporidiobolales"],"Properties":[4,3,4]},"152":{"Path":["0","0","151","152"],"Coordinates":[0.55601516094867054,0.60757062679113161,0.33769567233782039],"Categories":["Rhodotorula aurantiaca","Rhodotorula aurantiaca","Rhodotorula","","Sporidiobolales"],"Properties":[5,4,3]}}