{"2519":{"Path":["0","0","2519","2519"],"Coordinates":[0.79447651711673917,0.65741131504656891,0.5389782054158424],"Categories":["Vanderwaltozyma yarrowii","Vanderwaltozyma yarrowii","Vanderwaltozyma","Saccharomycetaceae","Saccharomycetales"],"Properties":[7,5,4]}}