{"2667":{"Path":["0","0","2666","2667"],"Coordinates":[0.42641794228229313,0.48424133541007613,0.49797701433028474],"Categories":["Kodamaea nitidulidarum","Kodamaea nitidulidarum","Kodamaea","Saccharomycetaceae","Saccharomycetales"],"Properties":[4,3,4]}}