{"1785":{"Path":["0","0","1785","1785"],"Coordinates":[0.26899331376933466,0.36236645688980379,0.28569567206351615],"Categories":["Starmera amethionina","Starmera amethionina","Starmera","Phaffomycetaceae","Saccharomycetales"],"Properties":[2,2,2]},"2648":{"Path":["0","0","1785","2648"],"Coordinates":[0.48457081241040662,0.75127960352769008,0.24641883596677511],"Categories":["Wickerhamiella lipophila","Wickerhamiella lipophila","Wickerhamiella","","Saccharomycetales"],"Properties":[4,6,2]}}