{"3855":{"Path":["0","0","3855","3855"],"Coordinates":[0.68322375934972257,0.55374157097110155,1.0260474550881218],"Categories":["Candida sanitii","Candida sanitii","Candida","","Saccharomycetales"],"Properties":[6,4,0]}}