{"3412":{"Path":["0","0","2408","3412"],"Coordinates":[0.60426319980211463,0.671909925617618,0.16812785016710796],"Categories":["Metschnikowia viticola","Metschnikowia viticola","Metschnikowia","Metschnikowiaceae","Saccharomycetales"],"Properties":[6,5,1]},"3413":{"Path":["0","0","2408","3412"],"Coordinates":[0.60583448416971919,0.67294324931793126,0.16579047823103763],"Categories":["Metschnikowia viticola","Metschnikowia viticola","Metschnikowia","Metschnikowiaceae","Saccharomycetales"],"Properties":[6,5,1]}}