{"794":{"Path":["0","794","794","794"],"Coordinates":[0.29317792031061857,0.62340227834633755,0.565142777674286],"Categories":["Saccharomycopsis javanensis","Saccharomycopsis javanensis","Saccharomycopsis","Saccharomycopsidaceae","Saccharomycetales"],"Properties":[2,4,5]}}