{"4178":{"Path":["0","0","4178","4178"],"Coordinates":[0.64695874089835248,0.77303656298231049,0.38776784147604693],"Categories":["Candida sakaeoensis","Candida sakaeoensis","Candida","","Saccharomycetales"],"Properties":[6,6,3]}}