{"3260":{"Path":["0","0","3262","3262"],"Coordinates":[0.7454584102495152,0.22571993133443133,0.62074176120453339],"Categories":["Candida wounanorum","Candida wounanorum","Candida","","Saccharomycetales"],"Properties":[7,1,5]},"3262":{"Path":["0","0","3262","3262"],"Coordinates":[0.74462346725116113,0.22735488707039367,0.61836904336818121],"Categories":["Candida wounanorum","Candida wounanorum","Candida","","Saccharomycetales"],"Properties":[7,1,5]}}