{"1814":{"Path":["0","0","437","1814"],"Coordinates":[0.41845472842981546,0.6670623184970218,0.36668375136156645],"Categories":["Schwanniomyces yamadae","Schwanniomyces yamadae","Schwanniomyces","Saccharomycetaceae","Saccharomycetales"],"Properties":[4,5,3]},"1815":{"Path":["0","0","437","1814"],"Coordinates":[0.41844529022476168,0.66710087452801314,0.36664034782005017],"Categories":["Schwanniomyces yamadae","Schwanniomyces yamadae","Schwanniomyces","Saccharomycetaceae","Saccharomycetales"],"Properties":[4,5,3]}}