{"3588":{"Path":["0","0","2308","3588"],"Coordinates":[0.41169448937173053,0.40402386122032385,0.56545116436155263],"Categories":["Candida dosseyi","Candida dosseyi","Candida","","Saccharomycetales"],"Properties":[4,3,5]},"3590":{"Path":["0","0","2308","3588"],"Coordinates":[0.4117400306437462,0.4019052176326996,0.56560877178794711],"Categories":["Candida dosseyi","Candida dosseyi","Candida","","Saccharomycetales"],"Properties":[4,3,5]}}