{"4057":{"Path":["0","0","4057","4057"],"Coordinates":[0.37711918452222482,0.80536126963558963,0.23530630890518578],"Categories":["Candida wangnamkhiaoensis","Candida wangnamkhiaoensis","Candida","","Saccharomycetales"],"Properties":[3,6,2]}}