{"219":{"Path":["0","0","219","219"],"Coordinates":[0.42924903455176261,0.40781656091024893,0.72126542301496932],"Categories":["Torulaspora microellipsoides","Torulaspora microellipsoides","Torulaspora","Saccharomycetaceae","Saccharomycetales"],"Properties":[4,3,6]},"225":{"Path":["0","0","219","225"],"Coordinates":[0.469823038066565,0.67295301659127338,0.53891322415834952],"Categories":["Torulaspora microellipsoides","Torulaspora microellipsoides","Torulaspora","Saccharomycetaceae","Saccharomycetales"],"Properties":[4,5,4]}}