{"3017":{"Path":["0","0","732","3017"],"Coordinates":[0.27901617746515611,0.4573771693423932,0.48898670021050272],"Categories":["Sporobolomyces vermiculatus","Sporobolomyces vermiculatus","Sporobolomyces","","Sporidiobolales"],"Properties":[2,3,4]}}