{"192":{"Path":["0","0","192","192"],"Coordinates":[0.49576274527004344,0.49234663214592783,0.42165489241186982],"Categories":["Kazachstania unispora","Kazachstania unispora","Kazachstania","Saccharomycetaceae","Saccharomycetales"],"Properties":[4,3,3]}}