{"2541":{"Path":["0","2541","2541","2541"],"Coordinates":[0.36745032666301808,0.68438207518448857,0.34222992113589784],"Categories":["Reniforma strues","Reniforma strues","Reniforma","","Microbotryales"],"Properties":[3,5,3]}}