{"2342":{"Path":["0","0","2342","2342"],"Coordinates":[0.5303687612750011,0.39358677967666711,0.4085058762757004],"Categories":["Sporobolomyces dracophylli","Sporobolomyces dracophylli","Sporobolomyces","","Sporidiobolales"],"Properties":[5,3,3]}}