{"1413":{"Path":["0","0","0","1413"],"Coordinates":[0.61995069056450691,0.70554620126016676,0.56189868307217972],"Categories":["Rhodosporidium toruloides","Rhodosporidium toruloides","Rhodosporidium","","Sporidiales"],"Properties":[6,5,5]}}