{"4018":{"Path":["0","0","4017","4018"],"Coordinates":[0.515382219363618,0.541421566341028,0.51954299064590215],"Categories":["Candida kaohsiungensis","Candida kaohsiungensis","Candida","","Saccharomycetales"],"Properties":[5,4,4]}}