{"4267":{"Path":["0","0","3794","4267"],"Coordinates":[0.40396743412606967,0.66271351606678919,0.3396570204379234],"Categories":["Hannaella phetchabunensis","Hannaella phetchabunensis","Hannaella","","Tremellales"],"Properties":[4,5,3]}}