{"94":{"Path":["1","11","94","94"],"Coordinates":[-0.31432191358475636,0.0765944920062334,-0.12309301797489114],"Categories":["Cryptococcus diffluens","Cryptococcus diffluens","Cryptococcus","Tremellaceae","Tremellales"],"Properties":[-3,0,-1]},"420":{"Path":["1","11","94","420"],"Coordinates":[-0.30425532508984854,0.079293249430426607,-0.12944262998106049],"Categories":["Torulaspora globosa","Torulaspora globosa","Torulaspora","Saccharomycetaceae","Saccharomycetales"],"Properties":[-3,0,-1]}}