{"2843":{"Path":["0","0","2843","2843"],"Coordinates":[0.34155193068001716,0.22537903732904274,0.17741267676315806],"Categories":["Candida anutae","Candida anutae","Candida","","Saccharomycetales"],"Properties":[3,1,1]}}