{"2271":{"Path":["0","0","2271","2271"],"Coordinates":[0.32043794153567667,0.54896918492690072,0.563449058364863],"Categories":["Candida duobushaemulonii","Candida duobushaemulonii","Candida","","Saccharomycetales"],"Properties":[3,4,5]}}