{"3105":{"Path":["0","0","3105","3105"],"Coordinates":[0.4496214081061487,0.7710188111797186,0.31416501323909507],"Categories":["Malassezia japonica","Malassezia japonica","Malassezia","","Malasseziales"],"Properties":[4,6,2]}}