{"980":{"Path":["0","0","980","980"],"Coordinates":[0.7250014798167751,0.9785532739495163,0.43012391055242227],"Categories":["Ogataea wickerhamii","Ogataea wickerhamii","Ogataea","Saccharomycetaceae","Saccharomycetales"],"Properties":[7,7,3]}}