{"2265":{"Path":["0","0","2265","2265"],"Coordinates":[0.77874647686468634,0.39998782648327541,0.38347020325088388],"Categories":["Kazachstania piceae","Kazachstania piceae","Kazachstania","Saccharomycetaceae","Saccharomycetales"],"Properties":[7,3,3]}}