{"1599":{"Path":["0","0","1598","1600"],"Coordinates":[0.62537818929263078,0.26875146275948747,0.55561629615793684],"Categories":["Candida rugopelliculosa","Candida rugopelliculosa","Candida","","Saccharomycetales"],"Properties":[6,2,5]},"1600":{"Path":["0","0","1598","1600"],"Coordinates":[0.62571957874133177,0.26838420470183494,0.55497554335303034],"Categories":["Candida rugopelliculosa","Candida rugopelliculosa","Candida","","Saccharomycetales"],"Properties":[6,2,4]}}