{"2275":{"Path":["0","2275","2275","2275"],"Coordinates":[0.45795362204362194,-0.012789283623016488,0.49217424666725795],"Categories":["Myxozyma monticola","Myxozyma monticola","Myxozyma","Lipomycetaceae","Saccharomycetales"],"Properties":[4,0,4]}}