{"4063":{"Path":["0","0","4063","4063"],"Coordinates":[0.54422741466518865,0.48413582872843314,0.74389013507565516],"Categories":["Candida pattaniensis","Candida pattaniensis","Candida","","Saccharomycetales"],"Properties":[5,3,6]}}