{"391":{"Path":["0","0","393","391"],"Coordinates":[0.72061658816396923,0.769479792353588,0.28420342643533625],"Categories":["Lachancea fermentati","Lachancea fermentati","Lachancea","Saccharomycetaceae","Saccharomycetales"],"Properties":[7,6,2]},"392":{"Path":["0","0","393","391"],"Coordinates":[0.72065087098356684,0.76951971783446738,0.28420390513120897],"Categories":["Lachancea fermentati","Lachancea fermentati","Lachancea","Saccharomycetaceae","Saccharomycetales"],"Properties":[7,6,2]}}