{"1498":{"Path":["0","0","1497","1498"],"Coordinates":[0.72090146604808625,0.47249424675415858,0.5466537279414927],"Categories":["Starmera dryadoides","Starmera dryadoides","Starmera","Phaffomycetaceae","Saccharomycetales"],"Properties":[7,3,4]}}