{"1225":{"Path":["0","0","437","1225"],"Coordinates":[0.5858803696544701,0.51797316862782738,0.56050398222808084],"Categories":["Debaryomyces macquariensis","Debaryomyces macquariensis","Debaryomyces","Saccharomycetaceae","Saccharomycetales"],"Properties":[5,4,5]}}