{"4039":{"Path":["0","0","4040","4039"],"Coordinates":[0.46757154693509595,0.80595719090000761,0.92587048905304115],"Categories":["Clavispora reshetovae","Clavispora reshetovae","Clavispora","Metschnikowiaceae","Saccharomycetales"],"Properties":[4,6,8]},"4040":{"Path":["0","0","4040","4040"],"Coordinates":[0.4520673875014028,0.41917340296455996,0.41736479738338533],"Categories":["Clavispora reshetovae","Clavispora reshetovae","Clavispora","Metschnikowiaceae","Saccharomycetales"],"Properties":[4,3,3]}}