{"3635":{"Path":["0","0","3636","3635"],"Coordinates":[0.355901258979491,0.57329983343948177,0.23857315600103896],"Categories":["Candida thaimueangensis","Candida thaimueangensis","Candida","","Saccharomycetales"],"Properties":[3,4,2]}}