{"2949":{"Path":["0","0","2949","2949"],"Coordinates":[0.68687841997962518,0.41077405342466489,0.68409469288626634],"Categories":["Cryptococcus haglerorum","Cryptococcus haglerorum","Cryptococcus","Tremellaceae","Tremellales"],"Properties":[6,3,6]}}