{"3525":{"Path":["0","0","3525","3525"],"Coordinates":[0.48351352024838185,0.37832984012923643,0.5498074780638712],"Categories":["Cryptococcus dejecticola","Cryptococcus dejecticola","Cryptococcus","Tremellaceae","Tremellales"],"Properties":[4,3,4]},"3526":{"Path":["0","0","3525","3525"],"Coordinates":[0.48127486892095878,0.37637636664298457,0.55022266698236932],"Categories":["Cryptococcus dejecticola","Cryptococcus dejecticola","Cryptococcus","Tremellaceae","Tremellales"],"Properties":[4,3,4]}}