{"2054":{"Path":["0","0","2053","2054"],"Coordinates":[0.46130784497476052,0.27897343255647911,0.39258049907424569],"Categories":["Candida ovalis","Candida ovalis","Candida","","Saccharomycetales"],"Properties":[4,2,3]}}