{"2880":{"Path":["0","2880","2880","2880"],"Coordinates":[1.0485459145468523,0.66811345680370626,0.52037305565343162],"Categories":["Metschnikowia lochheadii","Metschnikowia lochheadii","Metschnikowia","Metschnikowiaceae","Saccharomycetales"],"Properties":[0,5,4]}}