{"1143":{"Path":["0","0","1143","1143"],"Coordinates":[-0.13384296830784795,0.45262520232261649,0.673000759204901],"Categories":["Candida allociferrii","Candida allociferrii","Candida","","Saccharomycetales"],"Properties":[-1,3,6]}}