{"2357":{"Path":["0","0","2357","2357"],"Coordinates":[0.45111919998510686,0.31429300469395732,0.44783795130498094],"Categories":["Malassezia slooffiae","Malassezia slooffiae","Malassezia","","Malasseziales"],"Properties":[4,2,4]}}