{"4002":{"Path":["0","0","4002","4002"],"Coordinates":[0.51740748215845656,0.19221595732957458,0.18629781256460393],"Categories":["Candida laemsonensis","Candida laemsonensis","Candida","","Saccharomycetales"],"Properties":[5,1,1]}}