{"2698":{"Path":["0","0","2698","2698"],"Coordinates":[0.47628794351191606,0.968735962087884,0.44670317377036878],"Categories":["Candida batistae","Candida batistae","Candida","","Saccharomycetales"],"Properties":[4,7,4]}}