{"2591":{"Path":["0","2591","2591","2591"],"Coordinates":[0.19079636916386322,0.27695699030324461,0.88012952285313173],"Categories":["Saccharomycopsis fodiens","Saccharomycopsis fodiens","Saccharomycopsis","Saccharomycopsidaceae","Saccharomycetales"],"Properties":[1,2,7]}}