{"4191":{"Path":["0","0","1513","4191"],"Coordinates":[0.68274575503796786,0.44975659864155487,0.35919514048499335],"Categories":["Scheffersomyces amazonensis","Scheffersomyces amazonensis","Scheffersomyces","Debaryomycetaceae","Saccharomycetales"],"Properties":[6,3,3]},"4192":{"Path":["0","0","1513","4191"],"Coordinates":[0.68480822455193269,0.44988325183988087,0.35702024307629948],"Categories":["Scheffersomyces amazonensis","Scheffersomyces amazonensis","Scheffersomyces","Debaryomycetaceae","Saccharomycetales"],"Properties":[6,3,3]}}