{"3134":{"Path":["0","0","3134","3134"],"Coordinates":[0.53982359208451325,0.88955510021425344,0.41733820219697304],"Categories":["Cryptococcus allantoinivorans","Cryptococcus allantoinivorans","Cryptococcus","Tremellaceae","Tremellales"],"Properties":[5,7,3]},"3135":{"Path":["0","0","3134","3135"],"Coordinates":[0.27857820716145948,0.8689589369812899,0.49261868086105859],"Categories":["Cryptococcus allantoinivorans","Cryptococcus allantoinivorans","Cryptococcus","Tremellaceae","Tremellales"],"Properties":[2,6,4]}}