{"2124":{"Path":["0","0","2124","2124"],"Coordinates":[0.49401500868890047,0.26241328854707274,0.67459307678515079],"Categories":["Candida tanzawaensis","Candida tanzawaensis","Candida","","Saccharomycetales"],"Properties":[4,2,6]}}