{"3821":{"Path":["0","0","3821","3821"],"Coordinates":[0.88685819922686593,0.69090126863964785,0.71322622545839365],"Categories":["Mrakiella cryoconiti","Mrakiella cryoconiti","Mrakiella","","Cystofilobasidiales"],"Properties":[8,5,6]}}