{"3088":{"Path":["0","0","3088","3088"],"Coordinates":[0.58159028963227555,0.31155805345566123,0.39043554180993384],"Categories":["Sporobolomyces bannaensis","Sporobolomyces bannaensis","Sporobolomyces","","Sporidiobolales"],"Properties":[5,2,3]}}