{"1039":{"Path":["0","0","1039","1039"],"Coordinates":[0.55760372598097574,0.48102798960324977,0.47121911724660726],"Categories":["Wickerhamia fluorescens","Wickerhamia fluorescens","Wickerhamia","Saccharomycodaceae","Saccharomycetales"],"Properties":[5,3,4]},"1041":{"Path":["0","0","1039","1041"],"Coordinates":[0.56565070724299416,0.43695282523100204,0.63168650164720741],"Categories":["Wickerhamia fluorescens","Wickerhamia fluorescens","Wickerhamia","Saccharomycodaceae","Saccharomycetales"],"Properties":[5,3,5]}}