{"3250":{"Path":["0","0","3506","3250"],"Coordinates":[0.31066527389383342,0.52654290446414442,0.33776625231909946],"Categories":["Bullera taiwanensis","Bullera taiwanensis","Bullera","Tremellaceae","Tremellales"],"Properties":[3,4,3]}}