{"561":{"Path":["0","0","561","561"],"Coordinates":[0.46419626183121815,0.613843886884167,0.51052866098287941],"Categories":["Filobasidium capsuligenum","Filobasidium capsuligenum","Filobasidium","Filobasidiaceae","Filobasidiales"],"Properties":[4,4,4]},"1062":{"Path":["0","0","561","1062"],"Coordinates":[0.50865283734616118,0.56967934870655124,0.38410757917237076],"Categories":["Filobasidium capsuligenum","Filobasidium capsuligenum","Filobasidium","Filobasidiaceae","Filobasidiales"],"Properties":[5,4,3]}}