{"2165":{"Path":["0","2165","2165","2165"],"Coordinates":[0.410365395618036,0.55117353608353736,0.40836480059131142],"Categories":["Bensingtonia ciliata","Bensingtonia ciliata","Bensingtonia","Agaricostilbaceae","Agaricostilbales"],"Properties":[4,4,3]}}