{"409":{"Path":["0","0","404","409"],"Coordinates":[0.4232645521316345,0.67393041597809511,0.20583629135030809],"Categories":["Zygosaccharomyces rouxii","Zygosaccharomyces rouxii","Zygosaccharomyces","Saccharomycetaceae","Saccharomycetales"],"Properties":[4,5,1]},"410":{"Path":["0","0","404","409"],"Coordinates":[0.42327133161772085,0.673900158918842,0.20578632407278266],"Categories":["Zygosaccharomyces rouxii","Zygosaccharomyces rouxii","Zygosaccharomyces","Saccharomycetaceae","Saccharomycetales"],"Properties":[4,5,1]}}