{"4225":{"Path":["0","0","4225","4225"],"Coordinates":[0.48320500843982167,0.61583396992738637,0.51418470305697983],"Categories":["Spencermartinsiella ligniputrida","Spencermartinsiella ligniputrida","","",""],"Properties":[4,4,4]}}