{"3829":{"Path":["0","0","3829","3829"],"Coordinates":[0.564859561605134,0.2866074667305829,0.5219206606711565],"Categories":["Candida blackwellae","Candida blackwellae","Candida","","Saccharomycetales"],"Properties":[5,2,4]}}