{"3948":{"Path":["0","0","3948","3948"],"Coordinates":[0.47189182430955656,0.51068067926081118,0.5466914361541293],"Categories":["Candida olivae","Candida olivae","Candida","","Saccharomycetales"],"Properties":[4,4,4]}}