{"115":{"Path":["0","0","115","115"],"Coordinates":[0.31132683818639656,0.60862746065990692,0.4565795054496255],"Categories":["Pichia fermentans","Pichia fermentans","Pichia","Saccharomycetaceae","Saccharomycetales"],"Properties":[3,4,4]}}