{"4039":{"Path":["0","0","4040","4039"],"Coordinates":[0.30709841569592622,0.68233060096360232,0.53658103754954545],"Categories":["Clavispora reshetovae","Clavispora reshetovae","Clavispora","Metschnikowiaceae","Saccharomycetales"],"Properties":[3,5,4]},"4040":{"Path":["0","0","4040","4040"],"Coordinates":[0.46865340796015414,0.65887021340099783,0.59549296752715641],"Categories":["Clavispora reshetovae","Clavispora reshetovae","Clavispora","Metschnikowiaceae","Saccharomycetales"],"Properties":[4,5,5]}}