{"1523":{"Path":["0","0","1524","1524"],"Coordinates":[0.94565087291106564,0.7335691294487765,0.28004843360768017],"Categories":["Saccharomycopsis malanga","Saccharomycopsis malanga","Saccharomycopsis","Saccharomycopsidaceae","Saccharomycetales"],"Properties":[9,5,2]},"1524":{"Path":["0","0","1524","1524"],"Coordinates":[0.89183558534645757,0.14132786490199617,0.4787306771822547],"Categories":["Saccharomycopsis malanga","Saccharomycopsis malanga","Saccharomycopsis","Saccharomycopsidaceae","Saccharomycetales"],"Properties":[8,1,4]}}