{"1183":{"Path":["0","0","1184","1184"],"Coordinates":[0.31133814787014946,0.42583182377251377,0.49468440606946051],"Categories":["Candida intermedia","Candida intermedia","Candida","","Saccharomycetales"],"Properties":[3,3,4]},"1184":{"Path":["0","0","1184","1184"],"Coordinates":[0.31131219868484744,0.42579289110818197,0.49466032748957639],"Categories":["Candida intermedia","Candida intermedia","Candida","","Saccharomycetales"],"Properties":[3,3,4]}}