{"2668":{"Path":["0","0","2666","2669"],"Coordinates":[0.54125813840657344,0.66523560372823554,0.42173025612538323],"Categories":["Candida restingae","Candida restingae","Candida","","Saccharomycetales"],"Properties":[5,5,3]},"2669":{"Path":["0","0","2666","2669"],"Coordinates":[0.54124787154539067,0.665220370316616,0.4217357152651886],"Categories":["Candida restingae","Candida restingae","Candida","","Saccharomycetales"],"Properties":[5,5,3]}}