{"1163":{"Path":["0","0","1163","1163"],"Coordinates":[0.32162223446169158,0.39230345880262091,0.54967636143641918],"Categories":["Rhodotorula javanica","Rhodotorula javanica","Rhodotorula","","Sporidiobolales"],"Properties":[3,3,4]}}