{"2803":{"Path":["0","0","2803","2803"],"Coordinates":[0.29606169635014074,0.27103540517652275,0.58498222939078626],"Categories":["Ogataea ramenticola","Ogataea ramenticola","Ogataea","Saccharomycetaceae","Saccharomycetales"],"Properties":[2,2,5]}}