{"4257":{"Path":["0","0","4218","4257"],"Coordinates":[0.45118748307001955,0.55808871673807892,0.38282246318846413],"Categories":["Yamadazyma ubonensis","Yamadazyma ubonensis","Yamadazyma","Saccharomycetaceae","Saccharomycetales"],"Properties":[4,4,3]}}