{"4011":{"Path":["0","0","1451","4011"],"Coordinates":[0.510103132603555,0.695259583085915,0.62477126187565457],"Categories":["Scheffersomyces gosingicus","Scheffersomyces gosingicus","Scheffersomyces","Debaryomycetaceae","Saccharomycetales"],"Properties":[5,5,5]},"4012":{"Path":["0","0","1451","4011"],"Coordinates":[0.51009795471391828,0.6952702228792641,0.62478192775527586],"Categories":["Scheffersomyces gosingicus","Scheffersomyces gosingicus","Scheffersomyces","Debaryomycetaceae","Saccharomycetales"],"Properties":[5,5,5]}}