{"3":{"Path":["0","0","3","3"],"Coordinates":[0.54680038637617134,0.18010310665350071,0.19863759625386165],"Categories":["Candida lactis-condensi","Candida lactis-condensi","Candida","","Saccharomycetales"],"Properties":[5,1,1]}}