{"3225":{"Path":["0","0","3222","3225"],"Coordinates":[0.66659609659787677,0.29666520912018979,0.66873106624293555],"Categories":["Candida diospyri","Candida diospyri","Candida","","Saccharomycetales"],"Properties":[6,2,6]}}