{"4265":{"Path":["0","0","4265","4265"],"Coordinates":[0.55939782008530414,0.51061325344338293,0.3403990243162377],"Categories":["Wickerhamiella siamensis","Wickerhamiella siamensis","Wickerhamiella","","Saccharomycetales"],"Properties":[5,4,3]},"4266":{"Path":["0","0","4265","4265"],"Coordinates":[0.55937700381541944,0.51060123236864718,0.34036900224384664],"Categories":["Wickerhamiella siamensis","Wickerhamiella siamensis","Wickerhamiella","","Saccharomycetales"],"Properties":[5,4,3]}}