{"1057":{"Path":["0","0","974","1057"],"Coordinates":[0.38401365704947238,0.48626575332408045,0.43199416213824721],"Categories":["Scheffersomyces lignosus","Scheffersomyces lignosus","Scheffersomyces","Debaryomycetaceae","Saccharomycetales"],"Properties":[3,3,3]}}