{"3816":{"Path":["0","0","2620","3816"],"Coordinates":[0.39579815449441891,0.48079850463516105,0.35011545878368561],"Categories":["Metschnikowia cubensis","Metschnikowia cubensis","Metschnikowia","Metschnikowiaceae","Saccharomycetales"],"Properties":[3,3,3]}}