{"4080":{"Path":["0","0","4079","4080"],"Coordinates":[0.59975992120140831,0.39259031164063718,0.54249057295071734],"Categories":["Candida inulinophila","Candida inulinophila","Candida","","Saccharomycetales"],"Properties":[5,3,4]}}