{"4135":{"Path":["0","0","4135","4135"],"Coordinates":[0.60765999188344866,0.53133375084778811,0.37286839951526057],"Categories":["Candida wancherniae","Candida wancherniae","Candida","","Saccharomycetales"],"Properties":[6,4,3]},"4136":{"Path":["0","0","4135","4136"],"Coordinates":[0.59063553890659137,0.53466777569384139,0.34497066772972546],"Categories":["Candida wancherniae","Candida wancherniae","Candida","","Saccharomycetales"],"Properties":[5,4,3]}}