{"1580":{"Path":["0","0","522","1580"],"Coordinates":[0.52518068328008871,0.458009453346678,0.40812935864617372],"Categories":["Saturnispora besseyi","Saturnispora besseyi","Saturnispora","Saccharomycetaceae","Saccharomycetales"],"Properties":[5,3,3]}}