{"3776":{"Path":["0","0","3776","3776"],"Coordinates":[0.48373130991292257,0.569402561143006,0.23297251959396786],"Categories":["Bullera setariae","Bullera setariae","Bullera","Tremellaceae","Tremellales"],"Properties":[4,4,2]}}