{"302":{"Path":["7","20","195","302"],"Coordinates":[-0.60450505300064183,0.53244179380363788,-0.022640919701630822],"Categories":["Meyerozyma guilliermondii","Meyerozyma guilliermondii","Meyerozyma","Debaryomycetaceae","Saccharomycetales"],"Properties":[-6,4,0]},"2339":{"Path":["7","20","195","302"],"Coordinates":[-0.60138997745566969,0.53336688192262771,-0.022992832797675406],"Categories":["Sporobolomyces coprosmae","Sporobolomyces coprosmae","Sporobolomyces","","Sporidiobolales"],"Properties":[-6,4,0]}}