{"1747":{"Path":["0","0","1747","1747"],"Coordinates":[0.3101093875434649,0.86324660573280232,0.3397668464864475],"Categories":["Pichia exigua","Pichia exigua","Pichia","Saccharomycetaceae","Saccharomycetales"],"Properties":[3,6,3]}}