{"2":{"Path":["2","2","2","2"],"Coordinates":[-0.3299792077933148,0.42448369791748974,0.048504421794087982],"Categories":["Rhodotorula glutinis","Rhodotorula glutinis","Rhodotorula","","Sporidiobolales"],"Properties":[-3,3,0]},"18":{"Path":["2","18","18","18"],"Coordinates":[-0.39526957250395273,0.46301261575766772,-0.048211007428439534],"Categories":["Candida tropicalis","Candida tropicalis","Candida","","Saccharomycetales"],"Properties":[-3,3,0]},"21":{"Path":["2","21","21","21"],"Coordinates":[-0.34593091958840561,0.33481935074239977,0.1067332499589758],"Categories":["Candida tropicalis","Candida tropicalis","Candida","","Saccharomycetales"],"Properties":[-3,2,0]},"25":{"Path":["2","25","25","25"],"Coordinates":[-0.260185043847539,0.365450772361562,0.0095119925392026013],"Categories":["Pichia membranifaciens","Pichia membranifaciens","Pichia","Saccharomycetaceae","Saccharomycetales"],"Properties":[-2,2,0]},"37":{"Path":["2","37","37","37"],"Coordinates":[-0.22551166166876105,0.419417675396201,-0.0013749928974165152],"Categories":["Filobasidiella neoformans","Filobasidiella neoformans","Filobasidiella","","Tremellales"],"Properties":[-2,3,0]},"41":{"Path":["2","41","41","41"],"Coordinates":[-0.31973217819568311,0.34498056911386749,0.09973701997653045],"Categories":["Kuraishia molischiana","Kuraishia molischiana","Kuraishia","Saccharomycetaceae","Saccharomycetales"],"Properties":[-3,2,0]},"48":{"Path":["2","48","48","48"],"Coordinates":[-0.25654652400042405,0.4657004708865794,0.11708160177250283],"Categories":["Candida glabrata","Candida glabrata","Candida","","Saccharomycetales"],"Properties":[-2,3,1]}}