{"2955":{"Path":["0","0","2955","2955"],"Coordinates":[0.40227174577466085,0.56164910624734665,0.40741335799045375],"Categories":["Sporobolomyces yunnanensis","Sporobolomyces yunnanensis","Sporobolomyces","","Sporidiobolales"],"Properties":[4,4,3]},"2956":{"Path":["0","0","2955","2955"],"Coordinates":[0.40289095039368505,0.56150486629495344,0.40818522631732179],"Categories":["Sporobolomyces yunnanensis","Sporobolomyces yunnanensis","Sporobolomyces","","Sporidiobolales"],"Properties":[4,4,3]}}