{"2935":{"Path":["0","0","2935","2935"],"Coordinates":[0.49268802970223563,0.67612609423078762,0.81781233897931582],"Categories":["Zygosaccharomyces kombuchaensis","Zygosaccharomyces kombuchaensis","Zygosaccharomyces","Saccharomycetaceae","Saccharomycetales"],"Properties":[4,5,7]}}