{"60":{"Path":["0","0","60","60"],"Coordinates":[0.33485697363787781,0.582469991354998,0.644265973082327],"Categories":["Cryptococcus laurentii","Cryptococcus laurentii","Cryptococcus","Tremellaceae","Tremellales"],"Properties":[3,4,5]},"3653":{"Path":["0","0","60","3653"],"Coordinates":[0.53773840763534864,0.38522348996492722,0.52200867649171179],"Categories":["Cryptococcus rajasthanensis","Cryptococcus rajasthanensis","Cryptococcus","Tremellaceae","Tremellales"],"Properties":[5,3,4]}}