{"7":{"Path":["7","7","7","7"],"Coordinates":[-0.52279178999295384,0.5300988168448294,-0.16745541258346214],"Categories":["Dekkera bruxellensis","Dekkera bruxellensis","Dekkera","Saccharomycetaceae","Saccharomycetales"],"Properties":[-5,4,-1]},"10":{"Path":["7","10","10","10"],"Coordinates":[-0.39825828953529174,0.52564792276331518,-0.15015398752340831],"Categories":["Dekkera bruxellensis","Dekkera bruxellensis","Dekkera","Saccharomycetaceae","Saccharomycetales"],"Properties":[-3,4,-1]},"15":{"Path":["7","15","15","15"],"Coordinates":[-0.58798538900660713,0.4302257538643634,-0.12500754022581059],"Categories":["Dekkera anomala","Dekkera anomala","Dekkera","Saccharomycetaceae","Saccharomycetales"],"Properties":[-5,3,-1]},"20":{"Path":["7","20","20","20"],"Coordinates":[-0.57942481826085968,0.54964811008296122,-0.0647697646447887],"Categories":["Candida tropicalis","Candida tropicalis","Candida","","Saccharomycetales"],"Properties":[-5,4,0]},"24":{"Path":["7","24","24","24"],"Coordinates":[-0.53850629557334029,0.44709058466210072,-0.24802027243544411],"Categories":["Pichia membranifaciens","Pichia membranifaciens","Pichia","Saccharomycetaceae","Saccharomycetales"],"Properties":[-5,3,-2]},"26":{"Path":["7","26","26","26"],"Coordinates":[-0.52521892845013418,0.53704156646527124,-0.066314283449508835],"Categories":["Pichia membranifaciens","Pichia membranifaciens","Pichia","Saccharomycetaceae","Saccharomycetales"],"Properties":[-5,4,0]},"32":{"Path":["7","32","32","32"],"Coordinates":[-0.43336648473063188,0.45753728266630511,-0.17519259835809245],"Categories":["Filobasidiella neoformans","Filobasidiella neoformans","Filobasidiella","","Tremellales"],"Properties":[-4,3,-1]},"35":{"Path":["7","35","35","35"],"Coordinates":[-0.57911960703927046,0.59630711092847422,-0.24004540356650658],"Categories":["Filobasidiella neoformans","Filobasidiella neoformans","Filobasidiella","","Tremellales"],"Properties":[-5,4,-2]},"39":{"Path":["7","39","39","39"],"Coordinates":[-0.43186117603583868,0.563400030963622,-0.21824841500173275],"Categories":["Filobasidiella neoformans","Filobasidiella neoformans","Filobasidiella","","Tremellales"],"Properties":[-4,4,-1]}}