{"1579":{"Path":["0","0","1579","1579"],"Coordinates":[0.69487350281204152,0.32724695129600767,0.28015857926252868],"Categories":["Saturnispora besseyi","Saturnispora besseyi","Saturnispora","Saccharomycetaceae","Saccharomycetales"],"Properties":[6,2,2]}}