{"4157":{"Path":["0","0","4157","4157"],"Coordinates":[0.43728372028187329,0.3819439524931838,0.80361361417494459],"Categories":["Cyberlindnera xylebori","Cyberlindnera xylebori","Cyberlindnera","","Saccharomycetales"],"Properties":[4,3,7]}}