{"1541":{"Path":["0","0","1541","1541"],"Coordinates":[1.0668838619975283,0.5505221108772298,0.37953047117489036],"Categories":["Candida nemodendra","Candida nemodendra","Candida","","Saccharomycetales"],"Properties":[0,4,3]}}