{"4006":{"Path":["0","0","4006","4006"],"Coordinates":[0.24625597807348956,0.59866418783161923,0.69698323553920916],"Categories":["Candida alishanica","Candida alishanica","Candida","","Saccharomycetales"],"Properties":[2,4,6]},"4007":{"Path":["0","0","4006","4006"],"Coordinates":[0.24624938133142946,0.59870151771868674,0.69696194886636254],"Categories":["Candida alishanica","Candida alishanica","Candida","","Saccharomycetales"],"Properties":[2,4,6]}}