{"27":{"Path":["4","27","27","27"],"Coordinates":[-0.54098968671204528,0.65938871895242324,-0.0549763659886169],"Categories":["Wickerhamomyces subpelliculosus","Wickerhamomyces subpelliculosus","Wickerhamomyces","","Saccharomycetales"],"Properties":[-5,5,0]},"866":{"Path":["4","27","27","27"],"Coordinates":[-0.537507348760513,0.65871944577840658,-0.051890849164682673],"Categories":["Debaryomyces robertsiae","Debaryomyces robertsiae","Debaryomyces","Saccharomycetaceae","Saccharomycetales"],"Properties":[-5,5,0]},"2142":{"Path":["4","27","27","27"],"Coordinates":[-0.54044063499380035,0.658441986341028,-0.058093581788988172],"Categories":["Chionosphaera apobasidialis","Chionosphaera apobasidialis","Chionosphaera","Chionosphaeraceae","Agaricostilbales"],"Properties":[-5,5,0]}}