{"2268":{"Path":["0","0","2268","2268"],"Coordinates":[0.51035752292199632,0.620016977822093,0.51649430484805525],"Categories":["Metschnikowia agaves","Metschnikowia agaves","Metschnikowia","Metschnikowiaceae","Saccharomycetales"],"Properties":[5,4,4]},"2269":{"Path":["0","0","2268","2269"],"Coordinates":[0.551390852511534,0.75326501318006878,0.49351024154643625],"Categories":["Metschnikowia agaves","Metschnikowia agaves","Metschnikowia","Metschnikowiaceae","Saccharomycetales"],"Properties":[5,6,4]}}