{"857":{"Path":["0","0","857","857"],"Coordinates":[0.69673061892138244,0.5643262761657426,0.68095011882932477],"Categories":["Wickerhamomyces pijperi","Wickerhamomyces pijperi","Wickerhamomyces","","Saccharomycetales"],"Properties":[6,4,6]}}