{"3937":{"Path":["0","0","3937","3937"],"Coordinates":[0.20392026127191915,0.6930271644806435,0.37402765803913562],"Categories":["Geotrichum ghanense","Geotrichum ghanense","Geotrichum","Dipodascaceae","Saccharomycetales"],"Properties":[2,5,3]}}