{"3094":{"Path":["0","0","3094","3094"],"Coordinates":[0.6270251667622182,0.24301646600193819,0.78538196942491667],"Categories":["Ogataea pilisensis","Ogataea pilisensis","Ogataea","Saccharomycetaceae","Saccharomycetales"],"Properties":[6,1,7]}}