{"1466":{"Path":["0","0","1466","1466"],"Coordinates":[0.34338644647874594,0.44652535681598926,0.69372322319021174],"Categories":["Ogataea philodendra","Ogataea philodendra","Ogataea","Saccharomycetaceae","Saccharomycetales"],"Properties":[3,3,6]}}