{"4":{"Path":["4","4","4","4"],"Coordinates":[-0.48307211704402209,0.68496463483366954,0.028318637441826069],"Categories":["Dekkera bruxellensis","Dekkera bruxellensis","Dekkera","Saccharomycetaceae","Saccharomycetales"],"Properties":[-4,5,0]}}