{"72":{"Path":["7","10","72","72"],"Coordinates":[-0.37388744895486076,0.52721087843342984,-0.18478013725358367],"Categories":["Cryptococcus magnus","Cryptococcus magnus","Cryptococcus","Tremellaceae","Tremellales"],"Properties":[-3,4,-1]},"408":{"Path":["7","10","72","408"],"Coordinates":[-0.36315400906224221,0.52641010707673441,-0.19377241250924931],"Categories":["Zygosaccharomyces rouxii","Zygosaccharomyces rouxii","Zygosaccharomyces","Saccharomycetaceae","Saccharomycetales"],"Properties":[-3,4,-1]},"654":{"Path":["7","10","72","654"],"Coordinates":[-0.3761460922982528,0.52048020254408,-0.17578328806561824],"Categories":["Nakaseomyces delphensis","Nakaseomyces delphensis","Nakaseomyces","Saccharomycetaceae","Saccharomycetales"],"Properties":[-3,4,-1]}}