{"3785":{"Path":["0","0","3222","3785"],"Coordinates":[0.30480748767457716,0.26599146425045284,0.58799216916240094],"Categories":["Candida jaroonii","Candida jaroonii","Candida","","Saccharomycetales"],"Properties":[3,2,5]}}