{"2537":{"Path":["0","0","37","2537"],"Coordinates":[0.46007004555066983,0.364783956329244,0.63128983281106321],"Categories":["Trichosporon sporotrichoides","Trichosporon sporotrichoides","Trichosporon","Trichosporonaceae","Tremellales"],"Properties":[4,2,5]}}