{"1727":{"Path":["0","0","1421","1727"],"Coordinates":[0.55260823194947717,0.32599840298880656,0.51817503665488585],"Categories":["Wickerhamomyces rabaulensis","Wickerhamomyces rabaulensis","Wickerhamomyces","","Saccharomycetales"],"Properties":[5,2,4]}}