{"3057":{"Path":["0","0","3057","3057"],"Coordinates":[0.45728837204744038,0.77930370724368359,0.5779553843354519],"Categories":["Derxomyces waltii","Derxomyces waltii","Derxomyces","","Tremellales"],"Properties":[4,6,5]}}