{"4019":{"Path":["4019","4019","4019","4019"],"Coordinates":[0.4470898313748487,0.60020793006762574,0.7404990298658557],"Categories":["Prototheca stagnorum","Prototheca stagnorum","Prototheca","",""],"Properties":[4,4,6]}}