{"3772":{"Path":["0","0","3774","3772"],"Coordinates":[0.557022028691339,0.6932346653379442,0.73279840173121891],"Categories":["Pichia garciniae","Pichia garciniae","Pichia","Saccharomycetaceae","Saccharomycetales"],"Properties":[5,5,6]},"3774":{"Path":["0","0","3774","3774"],"Coordinates":[0.62918549637141818,0.25678858857121939,0.34647478315325403],"Categories":["Pichia garciniae","Pichia garciniae","Pichia","Saccharomycetaceae","Saccharomycetales"],"Properties":[6,2,3]}}