{"1497":{"Path":["0","0","1497","1497"],"Coordinates":[0.31128417406719394,0.73185164674308223,0.26317503408518106],"Categories":["Starmera dryadoides","Starmera dryadoides","Starmera","Phaffomycetaceae","Saccharomycetales"],"Properties":[3,5,2]}}