{"1617":{"Path":["0","0","1617","1617"],"Coordinates":[0.037988293286636408,0.4833187358099475,0.12071195079974836],"Categories":["Kurtzmanomyces nectairei","Kurtzmanomyces nectairei","Kurtzmanomyces","Chionosphaeraceae","Agaricostilbales"],"Properties":[0,3,1]},"1618":{"Path":["0","0","1617","1618"],"Coordinates":[0.11281434256404004,0.58019794645899858,0.071615971850564272],"Categories":["Kurtzmanomyces nectairei","Kurtzmanomyces nectairei","Kurtzmanomyces","Chionosphaeraceae","Agaricostilbales"],"Properties":[1,4,0]}}