{"3610":{"Path":["0","0","3611","3611"],"Coordinates":[0.5389231272995102,0.4179983994416025,0.40444934896139656],"Categories":["Blastobotrys peoriensis","Blastobotrys peoriensis","Blastobotrys","Trichomonascaceae","Saccharomycetales"],"Properties":[5,3,3]},"3611":{"Path":["0","0","3611","3611"],"Coordinates":[0.5389139364075427,0.41805591717713481,0.40449068369865843],"Categories":["Blastobotrys peoriensis","Blastobotrys peoriensis","Blastobotrys","Trichomonascaceae","Saccharomycetales"],"Properties":[5,3,3]}}