{"632":{"Path":["0","0","632","632"],"Coordinates":[0.38083370904024116,0.12857797011388653,0.73900101848200228],"Categories":["Yarrowia deformans","Yarrowia deformans","Yarrowia","","Saccharomycetales"],"Properties":[3,1,6]}}