{"1963":{"Path":["0","0","1965","1963"],"Coordinates":[0.58932164970164858,0.75087723411263008,0.62112928538770185],"Categories":["Wickerhamomyces hampshirensis","Wickerhamomyces hampshirensis","Wickerhamomyces","","Saccharomycetales"],"Properties":[5,6,5]}}