{"247":{"Path":["0","0","247","247"],"Coordinates":[0.39660784138890576,0.49767097387445081,0.23817159475183061],"Categories":["Candida neerlandica","Candida neerlandica","Candida","","Saccharomycetales"],"Properties":[3,3,2]}}