{"1448":{"Path":["0","0","702","1448"],"Coordinates":[0.67558660063352782,0.46546187075394641,0.53574815945891541],"Categories":["Priceomyces castillae","Priceomyces castillae","Priceomyces","Debaryomycetaceae","Saccharomycetales"],"Properties":[6,3,4]}}