{"4167":{"Path":["0","0","4169","4167"],"Coordinates":[0.60067180475253446,0.59086519434455931,0.51973362724166938],"Categories":["Candida hungchunana","Candida hungchunana","Candida","","Saccharomycetales"],"Properties":[6,4,4]},"4169":{"Path":["0","0","4169","4169"],"Coordinates":[0.728562539116,0.81145327452211669,0.52422717467030888],"Categories":["Candida hungchunana","Candida hungchunana","Candida","","Saccharomycetales"],"Properties":[7,6,4]}}