{"1255":{"Path":["0","0","1255","1255"],"Coordinates":[0.883070644249246,0.73224455775219333,0.296542815183215],"Categories":["Candida maltosa","Candida maltosa","Candida","","Saccharomycetales"],"Properties":[8,5,2]}}