{"2617":{"Path":["0","0","2618","2617"],"Coordinates":[0.37089203602316367,0.54849299211864733,0.29405917301030421],"Categories":["Candida novakii","Candida novakii","Candida","","Saccharomycetales"],"Properties":[3,4,2]}}