{"1808":{"Path":["0","0","1260","1809"],"Coordinates":[0.55931668566719184,0.59945756744980061,0.478661063881821],"Categories":["Cyberlindnera amylophila","Cyberlindnera amylophila","Cyberlindnera","","Saccharomycetales"],"Properties":[5,4,4]},"1809":{"Path":["0","0","1260","1809"],"Coordinates":[0.55486522931834625,0.60331117987513272,0.47490811757017376],"Categories":["Cyberlindnera amylophila","Cyberlindnera amylophila","Cyberlindnera","","Saccharomycetales"],"Properties":[5,4,4]}}