{"1616":{"Path":["0","0","1616","1616"],"Coordinates":[0.24935514750997137,0.74826038102612169,0.58806479655688115],"Categories":["Saccharomycopsis microspora","Saccharomycopsis microspora","Saccharomycopsis","Saccharomycopsidaceae","Saccharomycetales"],"Properties":[2,5,5]}}