{"1358":{"Path":["0","1358","1358","1358"],"Coordinates":[0.5464598061283783,0.60188046844410126,0.48419945475970155],"Categories":["Phaffia rhodozyma","Phaffia rhodozyma","Phaffia","Cystofilobasidiaceae","Cystofilobasidiales"],"Properties":[5,4,4]}}