{"3279":{"Path":["0","0","3277","3279"],"Coordinates":[0.58442119616683408,0.41217460465294303,0.48141019118060058],"Categories":["Candida taliae","Candida taliae","Candida","","Saccharomycetales"],"Properties":[5,3,4]}}