{"3901":{"Path":["0","0","3901","3901"],"Coordinates":[0.56805845563521318,0.37040342967784218,0.40895335473235273],"Categories":["Candida takamatsuzukensis","Candida takamatsuzukensis","Candida","","Saccharomycetales"],"Properties":[5,2,3]},"3902":{"Path":["0","0","3901","3901"],"Coordinates":[0.568241891967914,0.37004126054040315,0.40859991337049578],"Categories":["Candida takamatsuzukensis","Candida takamatsuzukensis","Candida","","Saccharomycetales"],"Properties":[5,2,3]}}