{"470":{"Path":["0","0","470","470"],"Coordinates":[0.61934369166297232,0.3611370156624672,0.26642817296989096],"Categories":["Cryptococcus carnescens","Cryptococcus carnescens","Cryptococcus","Tremellaceae","Tremellales"],"Properties":[6,2,2]}}