{"4254":{"Path":["0","0","4254","4254"],"Coordinates":[0.12988213007587343,0.20549846081378509,0.10070246849176488],"Categories":["Ogataea kolombanensis","Ogataea kolombanensis","Ogataea","Saccharomycetaceae","Saccharomycetales"],"Properties":[1,1,0]}}