{"113":{"Path":["0","0","113","113"],"Coordinates":[0.31965889041734108,0.449383378710878,0.47546386122817613],"Categories":["Millerozyma farinosa","Millerozyma farinosa","Millerozyma","Debaryomycetaceae","Saccharomycetales"],"Properties":[3,3,4]}}