{"1996":{"Path":["0","0","1996","1996"],"Coordinates":[0.33713185832736997,0.79159626354325763,0.50881335551640594],"Categories":["Udeniomyces megalosporus","Udeniomyces megalosporus","Udeniomyces","","Cystofilobasidiales"],"Properties":[3,6,4]}}