{"1187":{"Path":["0","0","1189","1187"],"Coordinates":[0.47910994305328042,0.40068424887636372,0.47604979715811763],"Categories":["Kodamaea ohmeri","Kodamaea ohmeri","Kodamaea","Saccharomycetaceae","Saccharomycetales"],"Properties":[4,3,4]},"1188":{"Path":["0","0","1189","1187"],"Coordinates":[0.47912083644811876,0.40066990781257145,0.4759806857919282],"Categories":["Kodamaea ohmeri","Kodamaea ohmeri","Kodamaea","Saccharomycetaceae","Saccharomycetales"],"Properties":[4,3,4]}}