{"58":{"Path":["9","9","58","58"],"Coordinates":[-0.397505413708994,0.41886908080517687,-0.20642701746687583],"Categories":["Candida glabrata","Candida glabrata","Candida","","Saccharomycetales"],"Properties":[-3,3,-1]},"485":{"Path":["9","9","58","485"],"Coordinates":[-0.40773083474134281,0.42923844194984467,-0.2070852567443186],"Categories":["Torulaspora delbrueckii","Torulaspora delbrueckii","Torulaspora","Saccharomycetaceae","Saccharomycetales"],"Properties":[-4,3,-1]},"506":{"Path":["9","9","58","506"],"Coordinates":[-0.38486563532577284,0.42537553826449342,-0.20888608632024536],"Categories":["Saccharomyces pastorianus","Saccharomyces pastorianus","Saccharomyces","Saccharomycetaceae","Saccharomycetales"],"Properties":[-3,3,-1]}}