{"3111":{"Path":["0","0","3111","3111"],"Coordinates":[0.67140155174752469,0.70891589116623532,0.56027751959394934],"Categories":["Candida vadensis","Candida vadensis","Candida","","Saccharomycetales"],"Properties":[6,5,5]},"3114":{"Path":["0","0","3111","3114"],"Coordinates":[0.54941820199812941,0.55488993759709682,0.64393431278284208],"Categories":["Candida vadensis","Candida vadensis","Candida","","Saccharomycetales"],"Properties":[5,4,5]}}