{"2110":{"Path":["0","0","2110","2110"],"Coordinates":[0.900179765780851,0.58041170082726656,0.499970514247341],"Categories":["Lipomyces smithiae","Lipomyces smithiae","Lipomyces","Lipomycetaceae","Saccharomycetales"],"Properties":[9,4,4]}}