{"3584":{"Path":["0","0","3584","3584"],"Coordinates":[0.18349057075077124,0.89666925490652871,0.36608446880766082],"Categories":["Cryptococcus cuniculi","Cryptococcus cuniculi","Cryptococcus","Tremellaceae","Tremellales"],"Properties":[1,7,3]}}