{"3201":{"Path":["0","0","3201","3201"],"Coordinates":[0.47902352677391324,0.77295296753787823,0.35131350592818672],"Categories":["Cryptococcus taeanensis","Cryptococcus taeanensis","Cryptococcus","Tremellaceae","Tremellales"],"Properties":[4,6,3]}}