{"3171":{"Path":["0","3171","3171","3171"],"Coordinates":[0.774068502789221,0.93510084200368893,0.45942278026871614],"Categories":["Malassezia yamatoensis","Malassezia yamatoensis","Malassezia","","Malasseziales"],"Properties":[7,7,4]}}