{"4218":{"Path":["0","0","4218","4218"],"Coordinates":[0.38234675045427996,0.4030968885161369,0.47392181426739483],"Categories":["Yamadazyma phyllophila","Yamadazyma phyllophila","Yamadazyma","Saccharomycetaceae","Saccharomycetales"],"Properties":[3,3,4]},"4257":{"Path":["0","0","4218","4257"],"Coordinates":[0.4644901553126729,0.31133894789919503,0.31822899103288815],"Categories":["Yamadazyma ubonensis","Yamadazyma ubonensis","Yamadazyma","Saccharomycetaceae","Saccharomycetales"],"Properties":[4,2,2]}}