{"2206":{"Path":["0","0","2206","2206"],"Coordinates":[0.49974818388677561,0.46523505777096791,0.6196175308557974],"Categories":["Kockovaella thailandica","Kockovaella thailandica","Kockovaella","Cuniculitremaceae","Tremellales"],"Properties":[4,3,5]}}