{"3255":{"Path":["0","0","3256","3256"],"Coordinates":[0.72332701904816565,0.36870705344125937,0.63496403790615719],"Categories":["Candida kunorum","Candida kunorum","Candida","","Saccharomycetales"],"Properties":[7,2,5]},"3256":{"Path":["0","0","3256","3256"],"Coordinates":[0.72332220810882852,0.36870479938309553,0.634947347830382],"Categories":["Candida kunorum","Candida kunorum","Candida","","Saccharomycetales"],"Properties":[7,2,5]}}