{"1993":{"Path":["0","0","1993","1993"],"Coordinates":[0.545319454874146,0.58074396248087368,0.31488737826803881],"Categories":["Sporobolomyces oryzicola","Sporobolomyces oryzicola","Sporobolomyces","","Sporidiobolales"],"Properties":[5,4,2]},"2336":{"Path":["0","0","1993","2336"],"Coordinates":[0.46649028047425711,0.34737670490958034,0.5118446154295474],"Categories":["Sporobolomyces coprosmae","Sporobolomyces coprosmae","Sporobolomyces","","Sporidiobolales"],"Properties":[4,2,4]}}