{"1643":{"Path":["0","0","411","1643"],"Coordinates":[0.53991529364473878,0.41359779322799212,0.5383632343755097],"Categories":["Candida methanolovescens","Candida methanolovescens","Candida","","Saccharomycetales"],"Properties":[5,3,4]}}