{"2014":{"Path":["0","0","2014","2014"],"Coordinates":[0.24208142597441387,0.668318770255048,0.38426347757647505],"Categories":["Pichia barkeri","Pichia barkeri","Pichia","Saccharomycetaceae","Saccharomycetales"],"Properties":[2,5,3]},"2015":{"Path":["0","0","2014","2014"],"Coordinates":[0.24552022655095543,0.67038416650905552,0.38127871813747333],"Categories":["Pichia barkeri","Pichia barkeri","Pichia","Saccharomycetaceae","Saccharomycetales"],"Properties":[2,5,3]}}