{"1937":{"Path":["0","0","74","1937"],"Coordinates":[0.813343364574263,0.56608535737162935,0.4301695655437624],"Categories":["Cryptococcus fuscescens","Cryptococcus fuscescens","Cryptococcus","Tremellaceae","Tremellales"],"Properties":[8,4,3]}}