{"1970":{"Path":["0","0","1970","1970"],"Coordinates":[0.47334048618889119,0.67442579156064819,0.544087526070214],"Categories":["Malassezia sympodialis","Malassezia sympodialis","Malassezia","","Malasseziales"],"Properties":[4,5,4]}}