{"328":{"Path":["0","0","328","328"],"Coordinates":[0.085608593521154464,0.84852970695623475,0.38882773669909182],"Categories":["Candida mesenterica","Candida mesenterica","Candida","","Saccharomycetales"],"Properties":[0,6,3]}}