{"1626":{"Path":["0","0","1626","1626"],"Coordinates":[1.0026974945915115,0.76962293234789447,0.82180114445315511],"Categories":["Ogataea naganishii","Ogataea naganishii","Ogataea","Saccharomycetaceae","Saccharomycetales"],"Properties":[0,6,7]}}