{"854":{"Path":["0","0","854","854"],"Coordinates":[0.4342199569722282,0.087725423156947327,0.51968937363999668],"Categories":["Candida apicola","Candida apicola","Candida","","Saccharomycetales"],"Properties":[4,0,4]}}