{"3581":{"Path":["0","0","3581","3581"],"Coordinates":[0.74557260169624684,0.5446905441843819,0.21022209666478217],"Categories":["Kuraishia floccosa","Kuraishia floccosa","Kuraishia","Saccharomycetaceae","Saccharomycetales"],"Properties":[7,4,1]},"3582":{"Path":["0","0","3581","3582"],"Coordinates":[0.74297916569413036,0.53245238614522794,0.20194552868574536],"Categories":["Kuraishia floccosa","Kuraishia floccosa","Kuraishia","Saccharomycetaceae","Saccharomycetales"],"Properties":[7,4,1]}}