{"2933":{"Path":["0","0","2933","2933"],"Coordinates":[0.87992662622320217,0.48729743706217493,0.70355643572701876],"Categories":["Candida prunicola","Candida prunicola","Candida","","Saccharomycetales"],"Properties":[8,3,6]}}