{"2566":{"Path":["0","0","2098","2566"],"Coordinates":[0.81008123083598349,0.26248746125170075,0.50537832103664682],"Categories":["Derxomyces huiaensis","Derxomyces huiaensis","Derxomyces","","Tremellales"],"Properties":[8,2,4]}}