{"1834":{"Path":["0","0","437","1834"],"Coordinates":[0.48565376284498785,0.4706659624228362,0.55383141371711486],"Categories":["Debaryomyces udenii","Debaryomyces udenii","Debaryomyces","Saccharomycetaceae","Saccharomycetales"],"Properties":[4,3,4]}}