{"2569":{"Path":["0","0","2569","2569"],"Coordinates":[0.49001230016990222,0.23482721519005037,0.69850417232934536],"Categories":["Derxomyces mrakii","Derxomyces mrakii","Derxomyces","","Tremellales"],"Properties":[4,1,6]}}