{"3464":{"Path":["0","0","3464","3464"],"Coordinates":[0.34606214674610675,0.60216134882472272,0.067439085551017089],"Categories":["Cryptococcus cistialbidi","Cryptococcus cistialbidi","Cryptococcus","Tremellaceae","Tremellales"],"Properties":[3,4,0]}}