{"1256":{"Path":["0","0","1256","1256"],"Coordinates":[0.34149813096955134,0.73349785670445578,0.56575093391123976],"Categories":["Saturnispora mendoncae","Saturnispora mendoncae","Saturnispora","Saccharomycetaceae","Saccharomycetales"],"Properties":[3,5,5]}}