{"74":{"Path":["0","0","74","74"],"Coordinates":[0.54809314037275891,0.39496056286305087,0.48274909581324843],"Categories":["Cryptococcus aerius","Cryptococcus aerius","Cryptococcus","Tremellaceae","Tremellales"],"Properties":[5,3,4]},"75":{"Path":["0","0","74","74"],"Coordinates":[0.54807664989308624,0.39494351068461503,0.48277961179005063],"Categories":["Cryptococcus aerius","Cryptococcus aerius","Cryptococcus","Tremellaceae","Tremellales"],"Properties":[5,3,4]},"76":{"Path":["0","0","74","74"],"Coordinates":[0.54812233959374768,0.39500559169186744,0.48269971783577875],"Categories":["Cryptococcus aerius","Cryptococcus aerius","Cryptococcus","Tremellaceae","Tremellales"],"Properties":[5,3,4]},"77":{"Path":["0","0","74","74"],"Coordinates":[0.54807418659980234,0.39494434717742449,0.48278516622878626],"Categories":["Cryptococcus aerius","Cryptococcus aerius","Cryptococcus","Tremellaceae","Tremellales"],"Properties":[5,3,4]},"936":{"Path":["0","0","74","74"],"Coordinates":[0.54812946088722492,0.39501326756330796,0.48268668075387006],"Categories":["Cryptococcus aerius","Cryptococcus aerius","Cryptococcus","Tremellaceae","Tremellales"],"Properties":[5,3,4]},"937":{"Path":["0","0","74","74"],"Coordinates":[0.548104684234437,0.39496360944916659,0.48272509384822615],"Categories":["Cryptococcus aerius","Cryptococcus aerius","Cryptococcus","Tremellaceae","Tremellales"],"Properties":[5,3,4]}}