{"933":{"Path":["0","0","582","933"],"Coordinates":[0.50585271346847582,0.30933324672470652,0.72438710764243963],"Categories":["Candida friedrichii","Candida friedrichii","Candida","","Saccharomycetales"],"Properties":[5,2,6]}}