{"774":{"Path":["0","0","707","774"],"Coordinates":[0.47331271726368263,0.36994425829261068,0.433717173200099],"Categories":["Peterozyma toletana","Peterozyma toletana","Peterozyma","","Saccharomycetales"],"Properties":[4,2,3]}}