{"2838":{"Path":["0","0","1027","2838"],"Coordinates":[0.15211711579557072,0.49647363964898061,0.63656168361131371],"Categories":["Kluyveromyces nonfermentans","Kluyveromyces nonfermentans","Kluyveromyces","Saccharomycetaceae","Saccharomycetales"],"Properties":[1,3,5]}}