{"1858":{"Path":["0","0","1858","1858"],"Coordinates":[0.274193662343874,0.83352772260037566,0.76344152544760124],"Categories":["Cyberlindnera meyerae","Cyberlindnera meyerae","Cyberlindnera","","Saccharomycetales"],"Properties":[2,6,6]}}