{"4059":{"Path":["0","0","4059","4059"],"Coordinates":[0.56674325861566333,1.0024689287076429,0.37190542157896256],"Categories":["Candida saraburiensis","Candida saraburiensis","Candida","","Saccharomycetales"],"Properties":[5,0,3]}}