{"4016":{"Path":["0","0","4017","4016"],"Coordinates":[0.69596725716842123,0.43403379505510048,0.20112687408568969],"Categories":["Candida kaohsiungensis","Candida kaohsiungensis","Candida","","Saccharomycetales"],"Properties":[6,3,1]}}