{"3891":{"Path":["0","0","331","3894"],"Coordinates":[0.68066213360784678,0.48655979419079803,0.59707427932843826],"Categories":["Candida orthopsilosis","Candida orthopsilosis","Candida","","Saccharomycetales"],"Properties":[6,3,5]},"3894":{"Path":["0","0","331","3894"],"Coordinates":[0.68061799604827666,0.48656054406626575,0.59705080811345068],"Categories":["Candida orthopsilosis","Candida orthopsilosis","Candida","","Saccharomycetales"],"Properties":[6,3,5]}}