{"315":{"Path":["0","0","315","315"],"Coordinates":[0.35550881768349063,0.40159582135026922,0.90031424139999849],"Categories":["Cryptococcus curvatus","Cryptococcus curvatus","Cryptococcus","Tremellaceae","Tremellales"],"Properties":[3,3,8]}}