{"1813":{"Path":["0","0","437","1813"],"Coordinates":[0.50733167474005059,0.5288858623589725,0.49583597918190753],"Categories":["Schwanniomyces yamadae","Schwanniomyces yamadae","Schwanniomyces","Saccharomycetaceae","Saccharomycetales"],"Properties":[5,4,4]}}