{"3772":{"Path":["0","0","3774","3772"],"Coordinates":[0.56254933409278973,0.72610891101069053,0.87235925685441418],"Categories":["Pichia garciniae","Pichia garciniae","Pichia","Saccharomycetaceae","Saccharomycetales"],"Properties":[5,5,7]},"3773":{"Path":["0","0","3774","3772"],"Coordinates":[0.562541152024709,0.726071098726815,0.87234379579255361],"Categories":["Pichia garciniae","Pichia garciniae","Pichia","Saccharomycetaceae","Saccharomycetales"],"Properties":[5,5,7]}}