{"1101":{"Path":["0","0","1101","1101"],"Coordinates":[0.30433276962697448,0.56897195765456277,0.38478711574800795],"Categories":["Candida pyralidae","Candida pyralidae","Candida","","Saccharomycetales"],"Properties":[3,4,3]},"1102":{"Path":["0","0","1101","1101"],"Coordinates":[0.299558738112687,0.56840191869340539,0.37969951526414986],"Categories":["Candida pyralidae","Candida pyralidae","Candida","","Saccharomycetales"],"Properties":[2,4,3]}}