{"3026":{"Path":["0","0","3026","3026"],"Coordinates":[0.31996634812545888,0.11958649172217303,0.44013764498990376],"Categories":["Papiliotrema bandonii","Papiliotrema bandonii","Papiliotrema","","Tremellales"],"Properties":[3,0,3]}}