{"1103":{"Path":["0","0","1103","1103"],"Coordinates":[0.80585238443770857,0.48102527050430061,0.64542223134587129],"Categories":["Candida oregonensis","Candida oregonensis","Candida","","Saccharomycetales"],"Properties":[8,3,5]},"1104":{"Path":["0","0","1103","1103"],"Coordinates":[0.8058583178209332,0.481034813159427,0.645434390237331],"Categories":["Candida oregonensis","Candida oregonensis","Candida","","Saccharomycetales"],"Properties":[8,3,5]}}