{"3447":{"Path":["0","2721","3447","3447"],"Coordinates":[0.654882309423634,0.4720972224845118,0.67942740624471643],"Categories":["Candida bromeliacearum","Candida bromeliacearum","Candida","","Saccharomycetales"],"Properties":[6,3,6]},"3448":{"Path":["0","2721","3447","3447"],"Coordinates":[0.654891916038883,0.47210796824497042,0.67943168853380254],"Categories":["Candida bromeliacearum","Candida bromeliacearum","Candida","","Saccharomycetales"],"Properties":[6,3,6]}}