{"2683":{"Path":["0","0","2681","2683"],"Coordinates":[0.53389121898713532,0.18196889355823523,0.69103415394159162],"Categories":["Candida tammaniensis","Candida tammaniensis","Candida","","Saccharomycetales"],"Properties":[5,1,6]}}