{"2880":{"Path":["0","2880","2880","2880"],"Coordinates":[0.95308599829569252,0.49472875699081209,0.39979358665467385],"Categories":["Metschnikowia lochheadii","Metschnikowia lochheadii","Metschnikowia","Metschnikowiaceae","Saccharomycetales"],"Properties":[9,3,3]}}