{"2864":{"Path":["2864","2864","2864","2864"],"Coordinates":[1.1084849873872156,0.27417729469891788,0.95524996260451156],"Categories":["Danielozyma litseae","Danielozyma litseae","Danielozyma","",""],"Properties":[1,2,8]}}