{"1719":{"Path":["0","0","3491","1719"],"Coordinates":[0.70532238845360429,0.24882448605109006,0.52014332859995716],"Categories":["Udeniomyces pyricola","Udeniomyces pyricola","Udeniomyces","","Cystofilobasidiales"],"Properties":[7,1,4]},"3491":{"Path":["0","0","3491","3491"],"Coordinates":[0.77443453393252493,0.55334787755930825,0.60261728391034464],"Categories":["Udeniomyces pseudopyricola","Udeniomyces pseudopyricola","Udeniomyces","","Cystofilobasidiales"],"Properties":[7,4,5]}}