{"3631":{"Path":["0","0","350","3631"],"Coordinates":[0.44846396586092896,0.534151464625468,0.58972336284177485],"Categories":["Metschnikowia sinensis","Metschnikowia sinensis","Metschnikowia","Metschnikowiaceae","Saccharomycetales"],"Properties":[4,4,5]}}