{"635":{"Path":["0","0","1968","635"],"Coordinates":[0.127908458023178,0.645598606184293,0.28635805435503542],"Categories":["Myxozyma melibiosi","Myxozyma melibiosi","Myxozyma","Lipomycetaceae","Saccharomycetales"],"Properties":[1,5,2]}}