{"4075":{"Path":["0","0","4075","4075"],"Coordinates":[0.1976579700459033,0.75871863888945112,0.55282772045064243],"Categories":["Candida berkhoutiae","Candida berkhoutiae","Candida","","Saccharomycetales"],"Properties":[1,6,4]},"4076":{"Path":["0","0","4075","4075"],"Coordinates":[0.19764963099255006,0.75873010793179774,0.55283870825786707],"Categories":["Candida berkhoutiae","Candida berkhoutiae","Candida","","Saccharomycetales"],"Properties":[1,6,4]}}