{"1895":{"Path":["0","0","1895","1895"],"Coordinates":[0.4163965099705409,0.75989432122802214,0.76201615591391714],"Categories":["Rhodotorula buffonii","Rhodotorula buffonii","Rhodotorula","","Sporidiobolales"],"Properties":[4,6,6]}}