{"2513":{"Path":["0","0","2513","2513"],"Coordinates":[0.3595870499869348,0.56384987032948419,0.69883978024476756],"Categories":["Eremothecium sinecaudum","Eremothecium sinecaudum","Eremothecium","Eremotheciaceae","Saccharomycetales"],"Properties":[3,4,6]}}