{"1647":{"Path":["0","0","1646","1647"],"Coordinates":[0.65836325773195825,0.23312011362675889,0.55457750828050567],"Categories":["Ogataea methanolica","Ogataea methanolica","Ogataea","Saccharomycetaceae","Saccharomycetales"],"Properties":[6,1,4]}}