{"151":{"Path":["0","0","151","151"],"Coordinates":[0.4005116026714805,0.36150268863984708,0.62017766268126051],"Categories":["Rhodotorula aurantiaca","Rhodotorula aurantiaca","Rhodotorula","","Sporidiobolales"],"Properties":[4,2,5]}}