{"4118":{"Path":["0","0","4118","4118"],"Coordinates":[0.29278218328653483,0.30143979311881886,0.60601432989061388],"Categories":["Candida oceani","Candida oceani","Candida","","Saccharomycetales"],"Properties":[2,2,5]}}