{"1803":{"Path":["0","0","1803","1803"],"Coordinates":[0.49326315550448563,0.76418148490044413,0.44914676982012769],"Categories":["Malassezia furfur","Malassezia furfur","Malassezia","","Malasseziales"],"Properties":[4,6,4]}}