{"8":{"Path":["8","8","8","8"],"Coordinates":[-0.59683924151053136,0.44699301132402658,0.031638132029525985],"Categories":["Dekkera bruxellensis","Dekkera bruxellensis","Dekkera","Saccharomycetaceae","Saccharomycetales"],"Properties":[-5,3,0]},"33":{"Path":["8","33","33","33"],"Coordinates":[-0.66017416786306515,0.51712001206204083,-0.031418462994583451],"Categories":["Filobasidiella neoformans","Filobasidiella neoformans","Filobasidiella","","Tremellales"],"Properties":[-6,4,0]},"38":{"Path":["8","38","38","38"],"Coordinates":[-0.53762344101115134,0.52825904066636031,-0.0526563542486855],"Categories":["Filobasidiella neoformans","Filobasidiella neoformans","Filobasidiella","","Tremellales"],"Properties":[-5,4,0]},"45":{"Path":["8","45","45","45"],"Coordinates":[-0.58735531293267373,0.3509311871480561,0.0710751114851733],"Categories":["Candida glabrata","Candida glabrata","Candida","","Saccharomycetales"],"Properties":[-5,2,0]}}