{"1156":{"Path":["0","0","1156","1156"],"Coordinates":[0.45401909960400716,0.44777185349474552,0.44676384651959339],"Categories":["Rhodotorula foliorum","Rhodotorula foliorum","Rhodotorula","","Sporidiobolales"],"Properties":[4,3,4]}}