{"2069":{"Path":["0","0","2069","2069"],"Coordinates":[0.8826939071164307,0.56995767265153441,-0.13633867649844683],"Categories":["Candida vaccinii","Candida vaccinii","Candida","","Saccharomycetales"],"Properties":[8,4,-1]}}