{"2488":{"Path":["0","0","2488","2488"],"Coordinates":[0.63614348992154335,0.46559255713663167,0.44674996074173345],"Categories":["Middelhovenomyces petrohuensis","Middelhovenomyces petrohuensis","Middelhovenomyces","",""],"Properties":[6,3,4]}}