{"3876":{"Path":["0","0","1175","3876"],"Coordinates":[0.56768710228289,0.51800157998811314,0.22957359039169037],"Categories":["Candida spencermartinsiae","Candida spencermartinsiae","Candida","","Saccharomycetales"],"Properties":[5,4,2]}}