{"3775":{"Path":["0","0","3775","3775"],"Coordinates":[0.5322636077745585,0.799806560969943,0.61851320558899148],"Categories":["Mingxiaea begoniae","Mingxiaea begoniae","Mingxiaea","","Tremellales"],"Properties":[5,6,5]}}