{"579":{"Path":["6","13","137","579"],"Coordinates":[-0.37445653328189876,0.25864911061839563,0.081169721354748314],"Categories":["Cryptococcus wieringae","Cryptococcus wieringae","Cryptococcus","Tremellaceae","Tremellales"],"Properties":[-3,2,0]},"1555":{"Path":["6","13","137","579"],"Coordinates":[-0.3772411047659639,0.26156939983188854,0.077283784863494312],"Categories":["Candida homilentoma","Candida homilentoma","Candida","","Saccharomycetales"],"Properties":[-3,2,0]}}