{"4229":{"Path":["0","0","4229","4229"],"Coordinates":[0.53976127883527369,0.67808288501559966,0.53989566739634709],"Categories":["Diddensiella caesifluorescens","Diddensiella caesifluorescens","Diddensiella","Trichomonascaceae","Saccharomycetales"],"Properties":[5,5,4]}}