{"1602":{"Path":["0","0","1602","1602"],"Coordinates":[0.271583189087561,0.56297937205253756,0.53729405903460592],"Categories":["Rhodotorula auriculariae","Rhodotorula auriculariae","Rhodotorula","","Sporidiobolales"],"Properties":[2,4,4]}}