{"2505":{"Path":["0","2505","2505","2505"],"Coordinates":[0.37072999702219878,0.68930074812949826,0.66767100562429149],"Categories":["Cryptococcus huempii","Cryptococcus huempii","Cryptococcus","Tremellaceae","Tremellales"],"Properties":[3,5,6]}}