{"205":{"Path":["1","22","205","205"],"Coordinates":[-0.34322855696199484,0.27010661840635142,-0.11714356650060383],"Categories":["Naumovozyma dairenensis","Naumovozyma dairenensis","Naumovozyma","Saccharomycetaceae","Saccharomycetales"],"Properties":[-3,2,-1]},"3927":{"Path":["1","22","205","205"],"Coordinates":[-0.340832075727401,0.27159367347077418,-0.11642227536213946],"Categories":["Pseudozyma pruni","Pseudozyma pruni","Pseudozyma","Ustilaginaceae","Ustilaginales"],"Properties":[-3,2,-1]}}