{"290":{"Path":["3","3","108","290"],"Coordinates":[-0.311727807351176,0.25467920915738373,-0.258415550172084],"Categories":["Candida catenulata","Candida catenulata","Candida","","Saccharomycetales"],"Properties":[-3,2,-2]}}