{"0":{"Path":["0","0","0","0"],"Coordinates":[-0.32822036937721366,0.38385444398866647,0.018245979192615044],"Categories":["Rhodotorula glutinis","Rhodotorula glutinis","Rhodotorula","","Sporidiobolales"],"Properties":[-3,3,0]},"125":{"Path":["0","0","125","125"],"Coordinates":[-0.34815706359479232,0.387990070413932,0.052960616299223641],"Categories":["Barnettozyma californica","Barnettozyma californica","Barnettozyma","","Saccharomycetales"],"Properties":[-3,3,0]},"197":{"Path":["0","0","197","197"],"Coordinates":[-0.32659975456764273,0.38276491136625507,-0.012930412687180842],"Categories":["Kazachstania unispora","Kazachstania unispora","Kazachstania","Saccharomycetaceae","Saccharomycetales"],"Properties":[-3,3,0]}}