{"78":{"Path":["0","0","78","78"],"Coordinates":[0.7316055496615973,0.64337491397741187,0.34286476720301196],"Categories":["Candida gropengiesseri","Candida gropengiesseri","Candida","","Saccharomycetales"],"Properties":[7,5,3]},"79":{"Path":["0","0","78","78"],"Coordinates":[0.73159386187355291,0.64338325804511143,0.34284602761894156],"Categories":["Candida gropengiesseri","Candida gropengiesseri","Candida","","Saccharomycetales"],"Properties":[7,5,3]},"80":{"Path":["0","0","78","78"],"Coordinates":[0.73158929511812532,0.64338659332075854,0.34283878954966368],"Categories":["Candida gropengiesseri","Candida gropengiesseri","Candida","","Saccharomycetales"],"Properties":[7,5,3]},"81":{"Path":["0","0","78","78"],"Coordinates":[0.73206342499223065,0.64524678571222993,0.34339991029575045],"Categories":["Candida gropengiesseri","Candida gropengiesseri","Candida","","Saccharomycetales"],"Properties":[7,5,3]}}