{"4081":{"Path":["0","4081","4081","4081"],"Coordinates":[0.5194608991105677,0.25118610027464205,0.89324600331719373],"Categories":["Candida succicola","Candida succicola","Candida","","Saccharomycetales"],"Properties":[5,2,8]}}