{"3558":{"Path":["0","3558","3558","3558"],"Coordinates":[0.78624732707353528,0.39415795072528792,0.71507927146908667],"Categories":["Farysizyma setubalensis","Farysizyma setubalensis","Farysizyma","","Ustilaginales"],"Properties":[7,3,6]}}