{"483":{"Path":["0","0","483","483"],"Coordinates":[0.49401294901215237,0.15214748356533397,0.594598429625499],"Categories":["Trigonopsis variabilis","Trigonopsis variabilis","Trigonopsis","","Saccharomycetales"],"Properties":[4,1,5]}}