{"465":{"Path":["0","0","466","465"],"Coordinates":[0.70617321096276209,0.07352290715056671,0.29930621534911045],"Categories":["Lipomyces lipofer","Lipomyces lipofer","Lipomyces","Lipomycetaceae","Saccharomycetales"],"Properties":[7,0,2]},"466":{"Path":["0","0","466","466"],"Coordinates":[0.61171159919002582,0.476066222313386,0.43243737220196171],"Categories":["Lipomyces lipofer","Lipomyces lipofer","Lipomyces","Lipomycetaceae","Saccharomycetales"],"Properties":[6,3,3]}}