{"4101":{"Path":["0","4101","4101","4101"],"Coordinates":[0.616277758698438,0.75549130820678911,0.63442651717076415],"Categories":["Cryptococcus yokohamensis","Cryptococcus yokohamensis","Cryptococcus","Tremellaceae","Tremellales"],"Properties":[6,6,5]}}