{"1539":{"Path":["0","0","930","1539"],"Coordinates":[0.68692002858396906,0.22457552019320828,0.5418912153486305],"Categories":["Ambrosiozyma philentoma","Ambrosiozyma philentoma","Ambrosiozyma","","Saccharomycetales"],"Properties":[6,1,4]}}