{"4229":{"Path":["0","0","4229","4229"],"Coordinates":[0.28150168986341112,0.48166717968886869,0.58634347603272963],"Categories":["Diddensiella caesifluorescens","Diddensiella caesifluorescens","Diddensiella","Trichomonascaceae","Saccharomycetales"],"Properties":[2,3,5]}}