{"3447":{"Path":["0","2721","3447","3447"],"Coordinates":[0.46354822332520379,0.21845593526495652,0.46619642952915652],"Categories":["Candida bromeliacearum","Candida bromeliacearum","Candida","","Saccharomycetales"],"Properties":[4,1,4]}}