{"1881":{"Path":["0","0","1881","1881"],"Coordinates":[0.47998906093395771,0.52336280639461885,0.45114069941804746],"Categories":["Pichia deserticola","Pichia deserticola","Pichia","Saccharomycetaceae","Saccharomycetales"],"Properties":[4,4,4]},"2442":{"Path":["0","0","1881","2442"],"Coordinates":[0.42751784493750677,0.45155111983446139,0.58823524465562893],"Categories":["Candida ethanolica","Candida ethanolica","Candida","","Saccharomycetales"],"Properties":[4,3,5]}}