{"985":{"Path":["0","0","985","985"],"Coordinates":[0.58262645618407227,0.64051931201234558,0.59886720409260008],"Categories":["Naumovozyma castellii","Naumovozyma castellii","Naumovozyma","Saccharomycetaceae","Saccharomycetales"],"Properties":[5,5,5]}}