{"3665":{"Path":["0","0","3465","3665"],"Coordinates":[0.47777168619129451,0.5149623234556433,0.36508020581730727],"Categories":["Cryptococcus bromeliarum","Cryptococcus bromeliarum","Cryptococcus","Tremellaceae","Tremellales"],"Properties":[4,4,3]},"3666":{"Path":["0","0","3465","3665"],"Coordinates":[0.4769097204594509,0.51248133572147059,0.36206330095635914],"Categories":["Cryptococcus bromeliarum","Cryptococcus bromeliarum","Cryptococcus","Tremellaceae","Tremellales"],"Properties":[4,4,3]}}