{"564":{"Path":["0","0","564","564"],"Coordinates":[0.68531486543585873,0.686867914033379,0.31973368443652916],"Categories":["Candida solani","Candida solani","Candida","","Saccharomycetales"],"Properties":[6,5,2]},"566":{"Path":["0","0","564","566"],"Coordinates":[0.2936246957515683,0.37884061866425089,0.67860099476031366],"Categories":["Candida solani","Candida solani","Candida","","Saccharomycetales"],"Properties":[2,3,6]}}