{"3840":{"Path":["0","0","3837","3840"],"Coordinates":[0.67311623799903653,0.34955824171653405,0.72802122895347343],"Categories":["Candida pseudojiufengensis","Candida pseudojiufengensis","Candida","","Saccharomycetales"],"Properties":[6,2,6]}}