{"1541":{"Path":["0","0","1541","1541"],"Coordinates":[0.9846413129068019,0.71639155852001479,0.54088906319714281],"Categories":["Candida nemodendra","Candida nemodendra","Candida","","Saccharomycetales"],"Properties":[9,5,4]}}