{"1993":{"Path":["0","0","1993","1993"],"Coordinates":[0.38260836146507315,0.45117068524628823,0.58579434935347274],"Categories":["Sporobolomyces oryzicola","Sporobolomyces oryzicola","Sporobolomyces","","Sporidiobolales"],"Properties":[3,3,5]},"2336":{"Path":["0","0","1993","2336"],"Coordinates":[0.50365240271914269,0.40665314199016389,0.42056905831031621],"Categories":["Sporobolomyces coprosmae","Sporobolomyces coprosmae","Sporobolomyces","","Sporidiobolales"],"Properties":[5,3,3]}}