{"2055":{"Path":["0","0","2056","2056"],"Coordinates":[0.55463416958840051,0.52470448314564533,0.70868709888419046],"Categories":["Ogataea methylivora","Ogataea methylivora","Ogataea","Saccharomycetaceae","Saccharomycetales"],"Properties":[5,4,6]},"2056":{"Path":["0","0","2056","2056"],"Coordinates":[0.55975588302688828,0.52249177541467107,0.70724214219604231],"Categories":["Ogataea methylivora","Ogataea methylivora","Ogataea","Saccharomycetaceae","Saccharomycetales"],"Properties":[5,4,6]}}