{"3012":{"Path":["0","0","3012","3012"],"Coordinates":[0.42699719408168679,0.17852984934175861,0.099546722299250087],"Categories":["Candida davenportii","Candida davenportii","Candida","","Saccharomycetales"],"Properties":[4,1,0]}}