{"3580":{"Path":["0","0","3580","3580"],"Coordinates":[0.20421868422960829,0.605071327121407,0.25774692552861284],"Categories":["Bullera formosana","Bullera formosana","Bullera","Tremellaceae","Tremellales"],"Properties":[2,4,2]}}