{"4130":{"Path":["0","0","4130","4130"],"Coordinates":[0.584226991398871,0.84223947609535821,0.24447295090629925],"Categories":["Ambrosiozyma maleeae","Ambrosiozyma maleeae","Ambrosiozyma","","Saccharomycetales"],"Properties":[5,6,2]},"4131":{"Path":["0","0","4130","4131"],"Coordinates":[0.63415193561244254,0.78031270068877578,0.097689848044918],"Categories":["Ambrosiozyma maleeae","Ambrosiozyma maleeae","Ambrosiozyma","","Saccharomycetales"],"Properties":[6,6,0]}}