{"2248":{"Path":["0","0","2245","2248"],"Coordinates":[0.49747969809153186,0.765966699401893,0.58092414520086944],"Categories":["Kazachstania kunashirensis","Kazachstania kunashirensis","Kazachstania","Saccharomycetaceae","Saccharomycetales"],"Properties":[4,6,5]},"2249":{"Path":["0","0","2245","2248"],"Coordinates":[0.49747291009566441,0.76600454971755283,0.58094017880051019],"Categories":["Kazachstania kunashirensis","Kazachstania kunashirensis","Kazachstania","Saccharomycetaceae","Saccharomycetales"],"Properties":[4,6,5]}}