{"4218":{"Path":["0","0","4218","4218"],"Coordinates":[0.38234675045427996,0.4030968885161369,0.47392181426739483],"Categories":["Yamadazyma phyllophila","Yamadazyma phyllophila","Yamadazyma","Saccharomycetaceae","Saccharomycetales"],"Properties":[3,3,4]},"4219":{"Path":["0","0","4218","4218"],"Coordinates":[0.38153448352642089,0.40392370600823169,0.4755517207963707],"Categories":["Yamadazyma phyllophila","Yamadazyma phyllophila","Yamadazyma","Saccharomycetaceae","Saccharomycetales"],"Properties":[3,3,4]}}