{"2866":{"Path":["2866","2866","2866","2866"],"Coordinates":[0.3342876497424096,-0.19815759954535078,-0.00027715271034490889],"Categories":["Danielozyma litseae","Danielozyma litseae","Danielozyma","",""],"Properties":[3,-1,0]}}