{"3648":{"Path":["0","0","3648","3648"],"Coordinates":[0.47601350442990431,0.502900688869735,0.45682343333263836],"Categories":["Debaryomyces singareniensis","Debaryomyces singareniensis","Debaryomyces","Saccharomycetaceae","Saccharomycetales"],"Properties":[4,4,4]}}