{"4143":{"Path":["0","0","4143","4143"],"Coordinates":[0.45571196515384754,0.75100529373283187,0.684740408534385],"Categories":["Ogataea phyllophila","Ogataea phyllophila","Ogataea","Saccharomycetaceae","Saccharomycetales"],"Properties":[4,6,6]},"4144":{"Path":["0","0","4143","4144"],"Coordinates":[0.44544202689033047,0.75772473579100275,0.68027107844983925],"Categories":["Ogataea phyllophila","Ogataea phyllophila","Ogataea","Saccharomycetaceae","Saccharomycetales"],"Properties":[4,6,6]}}