{"2841":{"Path":["0","0","0","2841"],"Coordinates":[0.63817140754166812,0.55778728258328081,0.88804045466690185],"Categories":["Leucosporidium fasciculatum","Leucosporidium fasciculatum","Leucosporidium","Sporidiobolaceae","Sporidiobolales"],"Properties":[6,4,7]}}