{"1532":{"Path":["0","0","1532","1532"],"Coordinates":[0.45798664183178661,0.38925588757624852,0.53396911725116269],"Categories":["Rhodotorula philyla","Rhodotorula philyla","Rhodotorula","","Sporidiobolales"],"Properties":[4,3,4]}}