{"635":{"Path":["0","0","1968","635"],"Coordinates":[0.67616692580087645,0.44966603284327927,0.60430484349175428],"Categories":["Myxozyma melibiosi","Myxozyma melibiosi","Myxozyma","Lipomycetaceae","Saccharomycetales"],"Properties":[6,3,5]}}