{"4042":{"Path":["0","0","4042","4042"],"Coordinates":[0.624069085280085,0.703365350497674,0.46885087556077876],"Categories":["Candida parazyma","Candida parazyma","Candida","","Saccharomycetales"],"Properties":[6,5,4]}}