{"4149":{"Path":["0","0","4149","4149"],"Coordinates":[0.70968662411244388,0.50155800693730712,0.63660591835492819],"Categories":["Candida namnaoensis","Candida namnaoensis","Candida","","Saccharomycetales"],"Properties":[7,4,5]},"4150":{"Path":["0","0","4149","4149"],"Coordinates":[0.70965678921649811,0.50418327611960656,0.638057493912539],"Categories":["Candida namnaoensis","Candida namnaoensis","Candida","","Saccharomycetales"],"Properties":[7,4,5]}}