{"1783":{"Path":["0","0","1784","1783"],"Coordinates":[0.257214675847631,0.55669603197819872,0.56663362557248986],"Categories":["Pichia heedii","Pichia heedii","Pichia","Saccharomycetaceae","Saccharomycetales"],"Properties":[2,4,5]}}