{"1506":{"Path":["0","0","1506","1506"],"Coordinates":[0.44893407848664268,0.55607710757972739,0.36986048367722041],"Categories":["Rhodotorula hylophila","Rhodotorula hylophila","Rhodotorula","","Sporidiobolales"],"Properties":[4,4,3]}}