{"3869":{"Path":["0","0","1566","3869"],"Coordinates":[0.616902066187694,0.67472739202632637,0.75048080684605212],"Categories":["Lachancea dasiensis","Lachancea dasiensis","Lachancea","Saccharomycetaceae","Saccharomycetales"],"Properties":[6,5,6]}}