{"2305":{"Path":["2305","2305","2305","2305"],"Coordinates":[0.70367644461469148,0.35655287688168635,0.03576303915529494],"Categories":["Malassezia obtusa","Malassezia obtusa","Malassezia","","Malasseziales"],"Properties":[7,2,0]}}