{"2694":{"Path":["0","0","2694","2694"],"Coordinates":[0.63684406321434484,0.49962837637082758,0.36364573543476608],"Categories":["Candida gotoi","Candida gotoi","Candida","","Saccharomycetales"],"Properties":[6,3,3]}}