{"2085":{"Path":["0","0","2085","2085"],"Coordinates":[0.35540088290657218,0.22896720666614942,0.66034328545851229],"Categories":["Lipomyces arxii","Lipomyces arxii","Lipomyces","Lipomycetaceae","Saccharomycetales"],"Properties":[3,1,5]}}