{"3495":{"Path":["0","0","3495","3495"],"Coordinates":[0.42071557586503466,0.65117996678377876,0.49480923721140851],"Categories":["Candida cellae","Candida cellae","Candida","","Saccharomycetales"],"Properties":[4,5,4]},"3496":{"Path":["0","0","3495","3495"],"Coordinates":[0.42070984224136138,0.65119044770130452,0.49479663945156366],"Categories":["Candida cellae","Candida cellae","Candida","","Saccharomycetales"],"Properties":[4,5,4]}}