{"58":{"Path":["0","0","58","58"],"Coordinates":[0.91250291546403128,0.47942985530242493,0.2426953653028677],"Categories":["Candida glabrata","Candida glabrata","Candida","","Saccharomycetales"],"Properties":[9,3,2]}}