{"3364":{"Path":["0","0","3364","3364"],"Coordinates":[0.47855318490444892,0.603055402068721,0.46583764472728512],"Categories":["Candida alai","Candida alai","Candida","","Saccharomycetales"],"Properties":[4,4,4]}}