{"58":{"Path":["0","0","58","58"],"Coordinates":[0.42398297487741105,0.044276811697659235,0.12126706190300195],"Categories":["Candida glabrata","Candida glabrata","Candida","","Saccharomycetales"],"Properties":[4,0,1]}}