{"3297":{"Path":["0","0","3301","3297"],"Coordinates":[0.47783080426991692,0.3489944160628784,0.41244193716996042],"Categories":["Candida tritomae","Candida tritomae","Candida","","Saccharomycetales"],"Properties":[4,2,3]},"3301":{"Path":["0","0","3301","3301"],"Coordinates":[0.51779614735716217,0.34328958899058326,0.28650414326435997],"Categories":["Candida pallodes","Candida pallodes","Candida","","Saccharomycetales"],"Properties":[5,2,2]}}