{"2579":{"Path":["0","0","2579","2579"],"Coordinates":[0.841284844134067,0.30372131120800427,0.66897471809103359],"Categories":["Debaryomyces mycophilus","Debaryomyces mycophilus","Debaryomyces","Saccharomycetaceae","Saccharomycetales"],"Properties":[8,2,6]}}