{"77":{"Path":["2","41","77","77"],"Coordinates":[-0.31266888307443857,0.3794202479706234,0.097731784559752316],"Categories":["Cryptococcus aerius","Cryptococcus aerius","Cryptococcus","Tremellaceae","Tremellales"],"Properties":[-3,3,0]},"214":{"Path":["2","41","77","214"],"Coordinates":[-0.30770032118529733,0.37793622858079762,0.089638925437196246],"Categories":["Naumovozyma dairenensis","Naumovozyma dairenensis","Naumovozyma","Saccharomycetaceae","Saccharomycetales"],"Properties":[-3,3,0]}}