{"137":{"Path":["6","13","137","137"],"Coordinates":[-0.3746194915730186,0.26501291558754292,0.093628322334998876],"Categories":["Kloeckera lindneri","Kloeckera lindneri","Kloeckera","Saccharomycodaceae","Saccharomycetales"],"Properties":[-3,2,0]},"579":{"Path":["6","13","137","579"],"Coordinates":[-0.37445653328189876,0.25864911061839563,0.081169721354748314],"Categories":["Cryptococcus wieringae","Cryptococcus wieringae","Cryptococcus","Tremellaceae","Tremellales"],"Properties":[-3,2,0]}}