{"1121":{"Path":["0","0","1121","1121"],"Coordinates":[0.37699997079882319,0.53855033800925356,0.59955468804689072],"Categories":["Middelhovenomyces tepae","Middelhovenomyces tepae","Middelhovenomyces","",""],"Properties":[3,4,5]}}