{"4073":{"Path":["4073","4073","4073","4073"],"Coordinates":[0.14976337036943474,0.31516989302253906,0.63514403877810111],"Categories":["Malassezia cuniculi","Malassezia cuniculi","Malassezia","","Malasseziales"],"Properties":[1,2,5]},"4074":{"Path":["4073","4073","4073","4074"],"Coordinates":[0.15258185919539047,0.30469542789207116,0.63002500369296854],"Categories":["Malassezia cuniculi","Malassezia cuniculi","Malassezia","","Malasseziales"],"Properties":[1,2,5]}}