{"4041":{"Path":["0","0","0","4041"],"Coordinates":[0.43457524535531977,0.78773238771424148,0.36161344300019671],"Categories":["Leucosporidium drummii","Leucosporidium drummii","Leucosporidium","Sporidiobolaceae","Sporidiobolales"],"Properties":[4,6,3]}}