{"3887":{"Path":["0","0","3797","3887"],"Coordinates":[0.40679254668149278,0.84557969505317154,0.66584289442141265],"Categories":["Ambrosiozyma pseudovanderkliftii","Ambrosiozyma pseudovanderkliftii","Ambrosiozyma","","Saccharomycetales"],"Properties":[4,6,5]}}