{"4042":{"Path":["0","0","4042","4042"],"Coordinates":[0.248885206861586,0.72442352766592411,0.49346371755472396],"Categories":["Candida parazyma","Candida parazyma","Candida","","Saccharomycetales"],"Properties":[2,5,4]}}