{"3210":{"Path":["0","0","3210","3210"],"Coordinates":[0.38620941411871484,0.52987176291596372,-0.15266297526412032],"Categories":["Derxomyces cylindrica","Derxomyces cylindrica","Derxomyces","","Tremellales"],"Properties":[3,4,-1]}}