{"888":{"Path":["0","0","888","888"],"Coordinates":[0.59904620493784788,0.51483964254589054,0.44224456861392369],"Categories":["Lachancea kluyveri","Lachancea kluyveri","Lachancea","Saccharomycetaceae","Saccharomycetales"],"Properties":[5,4,3]}}