{"5":{"Path":["5","5","5","5"],"Coordinates":[-0.61370898952637432,0.35245512209681312,-0.087075711303322867],"Categories":["Dekkera bruxellensis","Dekkera bruxellensis","Dekkera","Saccharomycetaceae","Saccharomycetales"],"Properties":[-6,2,0]},"19":{"Path":["5","19","19","19"],"Coordinates":[-0.52175681145170794,0.40033949491253812,-0.10538291230924607],"Categories":["Candida tropicalis","Candida tropicalis","Candida","","Saccharomycetales"],"Properties":[-5,3,0]},"42":{"Path":["5","42","42","42"],"Coordinates":[-0.69656374202095017,0.28351755221783365,-0.12516392410870095],"Categories":["Candida glabrata","Candida glabrata","Candida","","Saccharomycetales"],"Properties":[-6,2,-1]},"44":{"Path":["5","44","44","44"],"Coordinates":[-0.55021909931176982,0.29620674376552236,-0.034922483950503194],"Categories":["Candida glabrata","Candida glabrata","Candida","","Saccharomycetales"],"Properties":[-5,2,0]}}