{"170":{"Path":["0","0","170","170"],"Coordinates":[0.4454006124914125,0.88395906425541959,0.36601176261520835],"Categories":["Cryptococcus flavus","Cryptococcus flavus","Cryptococcus","Tremellaceae","Tremellales"],"Properties":[4,7,3]},"171":{"Path":["0","0","170","170"],"Coordinates":[0.44536901806629087,0.883971864343932,0.36598477932326695],"Categories":["Cryptococcus flavus","Cryptococcus flavus","Cryptococcus","Tremellaceae","Tremellales"],"Properties":[4,7,3]}}