{"872":{"Path":["0","0","873","873"],"Coordinates":[0.59244661157766021,0.54625528684561508,0.675639901290499],"Categories":["Wickerhamomyces strasburgensis","Wickerhamomyces strasburgensis","Wickerhamomyces","","Saccharomycetales"],"Properties":[5,4,6]},"873":{"Path":["0","0","873","873"],"Coordinates":[0.59028655280295506,0.54512358375598335,0.67454028679774],"Categories":["Wickerhamomyces strasburgensis","Wickerhamomyces strasburgensis","Wickerhamomyces","","Saccharomycetales"],"Properties":[5,4,6]}}