{"3260":{"Path":["0","0","3262","3262"],"Coordinates":[0.6881243444873093,0.32178369632103676,0.765493830766682],"Categories":["Candida wounanorum","Candida wounanorum","Candida","","Saccharomycetales"],"Properties":[6,2,6]},"3262":{"Path":["0","0","3262","3262"],"Coordinates":[0.68882261176020254,0.31978223217030866,0.76337096382096514],"Categories":["Candida wounanorum","Candida wounanorum","Candida","","Saccharomycetales"],"Properties":[6,2,6]}}