{"233":{"Path":["4","40","40","233"],"Coordinates":[-0.37741599344759957,0.74746880299512586,0.063899340802962168],"Categories":["Saccharomyces paradoxus","Saccharomyces paradoxus","Saccharomyces","Saccharomycetaceae","Saccharomycetales"],"Properties":[-3,5,0]},"1832":{"Path":["4","40","40","233"],"Coordinates":[-0.37918485585403094,0.74328108153935757,0.065331411801231712],"Categories":["Sporidiobolus microsporus","Sporidiobolus microsporus","Sporidiobolus","Sporidiobolaceae","Sporidiobolales"],"Properties":[-3,5,0]}}