{"4003":{"Path":["0","0","4003","4003"],"Coordinates":[0.88978286222239622,0.84193389380625561,0.42156650678749985],"Categories":["Candida laemsonensis","Candida laemsonensis","Candida","","Saccharomycetales"],"Properties":[8,6,3]}}