{"2690":{"Path":["0","0","2690","2690"],"Coordinates":[0.54658318806252248,0.67648834681864134,0.64780383357156524],"Categories":["Candida taylorii","Candida taylorii","Candida","","Saccharomycetales"],"Properties":[5,5,5]}}