{"2517":{"Path":["0","0","2517","2517"],"Coordinates":[0.74711292139512386,0.43897430539924126,0.43878583685554684],"Categories":["Eremothecium sinecaudum","Eremothecium sinecaudum","Eremothecium","Eremotheciaceae","Saccharomycetales"],"Properties":[7,3,3]},"3187":{"Path":["0","0","2517","2517"],"Coordinates":[0.74400546952843971,0.44530465801946667,0.43754752743399228],"Categories":["Eremothecium sinecaudum","Blastobotrys attinorum","Blastobotrys","Trichomonascaceae","Saccharomycetales"],"Properties":[7,3,3]}}