{"3506":{"Path":["0","0","3506","3506"],"Coordinates":[0.47304413065069417,0.7241245316464282,0.34571615102616293],"Categories":["Cryptococcus silvicola","Cryptococcus silvicola","Cryptococcus","Tremellaceae","Tremellales"],"Properties":[4,5,3]},"3507":{"Path":["0","0","3506","3506"],"Coordinates":[0.47489821891242168,0.72262090684482017,0.345503736206845],"Categories":["Cryptococcus silvicola","Cryptococcus silvicola","Cryptococcus","Tremellaceae","Tremellales"],"Properties":[4,5,3]}}