{"985":{"Path":["0","0","985","985"],"Coordinates":[0.53461433943602077,0.45517848894913671,0.29403976521650887],"Categories":["Naumovozyma castellii","Naumovozyma castellii","Naumovozyma","Saccharomycetaceae","Saccharomycetales"],"Properties":[5,3,2]}}