{"3028":{"Path":["0","0","2086","3028"],"Coordinates":[0.66424218180743311,0.63967100918117836,0.5555744306471021],"Categories":["Bulleribasidium oberjochense","Bulleribasidium oberjochense","Bulleribasidium","Tremellaceae","Tremellales"],"Properties":[6,5,5]}}