{"3558":{"Path":["0","3558","3558","3558"],"Coordinates":[0.44186983821171483,0.82270793540369991,0.04785865378737645],"Categories":["Farysizyma setubalensis","Farysizyma setubalensis","Farysizyma","","Ustilaginales"],"Properties":[4,6,0]}}