{"4268":{"Path":["0","0","601","4268"],"Coordinates":[0.30960020233327984,0.34678975440662174,0.3293179601403779],"Categories":["Cryptococcus vaughanmartiniae","Cryptococcus vaughanmartiniae","Cryptococcus","Tremellaceae","Tremellales"],"Properties":[3,2,2]}}