{"2152":{"Path":["0","0","3963","2152"],"Coordinates":[0.48456758231247804,0.70008618352645047,0.70065766112322059],"Categories":["Sporobolomyces ruber","Sporobolomyces ruber","Sporobolomyces","","Sporidiobolales"],"Properties":[4,5,6]},"3963":{"Path":["0","0","3963","3963"],"Coordinates":[0.4755793165395461,0.53132790014242914,0.64791214927740992],"Categories":["Sporobolomyces pyrrosiae","Sporobolomyces pyrrosiae","Sporobolomyces","","Sporidiobolales"],"Properties":[4,4,5]}}