{"4091":{"Path":["0","0","4091","4091"],"Coordinates":[0.32143024391196467,0.65578974530165646,0.81580064144885622],"Categories":["Candida ezoensis","Candida ezoensis","Candida","","Saccharomycetales"],"Properties":[3,5,7]}}