{"2648":{"Path":["0","0","1785","2648"],"Coordinates":[0.56481229879791617,0.87749575748388386,0.2157148566447149],"Categories":["Wickerhamiella lipophila","Wickerhamiella lipophila","Wickerhamiella","","Saccharomycetales"],"Properties":[5,7,1]},"2887":{"Path":["0","0","1785","2648"],"Coordinates":[0.56292433915317253,0.87779455551741192,0.21512636015791153],"Categories":["Wickerhamiella lipophila","Wickerhamiella lipophila","Wickerhamiella","","Saccharomycetales"],"Properties":[5,7,1]}}