{"2396":{"Path":["2396","2396","2396","2396"],"Coordinates":[0.31494790527119682,0.58492280333380209,-0.1906897033198113],"Categories":["Candida paludigena","Candida paludigena","Candida","","Saccharomycetales"],"Properties":[3,4,-1]}}