{"3353":{"Path":["0","0","3353","3353"],"Coordinates":[0.40589124576017804,0.30958841036200313,0.3581757642870016],"Categories":["Geotrichum cucujoidarum","Geotrichum cucujoidarum","Geotrichum","Dipodascaceae","Saccharomycetales"],"Properties":[4,2,3]},"3354":{"Path":["0","0","3353","3354"],"Coordinates":[0.67584513610872843,0.33832736514189188,0.5036722002225017],"Categories":["Geotrichum cucujoidarum","Geotrichum cucujoidarum","Geotrichum","Dipodascaceae","Saccharomycetales"],"Properties":[6,2,4]}}