{"3170":{"Path":["0","0","3170","3170"],"Coordinates":[0.60268891027205218,0.23503723137571775,0.68366919554486327],"Categories":["Candida aurita","Candida aurita","Candida","","Saccharomycetales"],"Properties":[6,1,6]}}