{"3455":{"Path":["0","2609","3455","3455"],"Coordinates":[0.571383248244918,0.26831370020875467,0.77103940424624029],"Categories":["Pseudozyma thailandica","Pseudozyma thailandica","Pseudozyma","Ustilaginaceae","Ustilaginales"],"Properties":[5,2,6]}}