{"1747":{"Path":["0","0","1747","1747"],"Coordinates":[0.49489061968366566,0.80636934975711216,0.38366236968022605],"Categories":["Pichia exigua","Pichia exigua","Pichia","Saccharomycetaceae","Saccharomycetales"],"Properties":[4,6,3]}}