{"4121":{"Path":["0","0","4120","4121"],"Coordinates":[0.78514353877982379,0.44868746285539396,0.46820949562923142],"Categories":["Candida citri","Candida citri","Candida","","Saccharomycetales"],"Properties":[7,3,4]}}