{"2495":{"Path":["0","0","2496","2495"],"Coordinates":[0.51699866639585268,0.48948994763510661,0.583455929731234],"Categories":["Candida sophiae-reginae","Candida sophiae-reginae","Candida","","Saccharomycetales"],"Properties":[5,3,5]},"2496":{"Path":["0","0","2496","2496"],"Coordinates":[0.523666798120313,0.484274140222537,0.578133207463425],"Categories":["Candida sophiae-reginae","Candida sophiae-reginae","Candida","","Saccharomycetales"],"Properties":[5,3,5]}}