{"4077":{"Path":["0","0","4077","4077"],"Coordinates":[0.61815163331396761,0.267777169497303,0.70129254698595356],"Categories":["Candida nongkhaiensis","Candida nongkhaiensis","Candida","","Saccharomycetales"],"Properties":[6,2,6]}}