{"4265":{"Path":["0","0","4265","4265"],"Coordinates":[0.55939782008530414,0.51061325344338293,0.3403990243162377],"Categories":["Wickerhamiella siamensis","Wickerhamiella siamensis","Wickerhamiella","","Saccharomycetales"],"Properties":[5,4,3]}}