{"2662":{"Path":["0","0","2663","2663"],"Coordinates":[0.48886770542803559,0.451127899132211,0.63114643413260052],"Categories":["Candida arabinofermentans","Candida arabinofermentans","Candida","","Saccharomycetales"],"Properties":[4,3,5]},"2663":{"Path":["0","0","2663","2663"],"Coordinates":[0.48886370956817826,0.45112091956388056,0.63115839180525946],"Categories":["Candida arabinofermentans","Candida arabinofermentans","Candida","","Saccharomycetales"],"Properties":[4,3,5]}}