{"1813":{"Path":["0","0","437","1813"],"Coordinates":[0.49149508091551464,0.45235540184013445,0.56700276831848573],"Categories":["Schwanniomyces yamadae","Schwanniomyces yamadae","Schwanniomyces","Saccharomycetaceae","Saccharomycetales"],"Properties":[4,3,5]}}