{"3449":{"Path":["0","0","3451","3449"],"Coordinates":[0.16512195108767327,0.34683819175755981,0.38431608166174358],"Categories":["Candida ubatubensis","Candida ubatubensis","Candida","","Saccharomycetales"],"Properties":[1,2,3]},"3451":{"Path":["0","0","3451","3451"],"Coordinates":[0.22753842828056714,0.43577262860573823,0.53574715696488651],"Categories":["Candida ubatubensis","Candida ubatubensis","Candida","","Saccharomycetales"],"Properties":[2,3,4]}}