{"2016":{"Path":["0","0","120","2016"],"Coordinates":[0.258883133696669,0.68137204873733892,0.50572023287382251],"Categories":["Pichia eremophila","Pichia eremophila","Pichia","Saccharomycetaceae","Saccharomycetales"],"Properties":[2,5,4]}}