{"969":{"Path":["0","0","970","969"],"Coordinates":[0.508344851213833,0.23716876327709682,0.532345046991204],"Categories":["Kuraishia cidri","Kuraishia cidri","Kuraishia","Saccharomycetaceae","Saccharomycetales"],"Properties":[5,1,4]}}