{"3859":{"Path":["0","0","3859","3859"],"Coordinates":[0.44461195445259605,0.4320184236049282,0.579975857957334],"Categories":["Cryptococcus aciditolerans","Cryptococcus aciditolerans","Cryptococcus","Tremellaceae","Tremellales"],"Properties":[4,3,5]}}