{"3032":{"Path":["0","0","3032","3032"],"Coordinates":[0.69633646150928807,0.42961426385355789,0.59925129542653122],"Categories":["Udeniomyces pannonicus","Udeniomyces pannonicus","Udeniomyces","","Cystofilobasidiales"],"Properties":[6,3,5]}}