{"1140":{"Path":["0","0","1140","1140"],"Coordinates":[0.11412227537321398,0.43722421126649114,0.40961023404269614],"Categories":["Candida maris","Candida maris","Candida","","Saccharomycetales"],"Properties":[1,3,3]}}