{"1547":{"Path":["0","0","1630","1547"],"Coordinates":[0.4906569076607995,0.56384920752760659,0.42246965483313115],"Categories":["Cryptococcus bhutanensis","Cryptococcus bhutanensis","Cryptococcus","Tremellaceae","Tremellales"],"Properties":[4,4,3]}}