{"1463":{"Path":["0","0","1463","1463"],"Coordinates":[0.72709334474335885,0.46519053578643388,0.57714085072638943],"Categories":["Bullera dendrophila","Bullera dendrophila","Bullera","Tremellaceae","Tremellales"],"Properties":[7,3,5]}}