{"3320":{"Path":["0","0","2308","3320"],"Coordinates":[0.32890790352921895,0.5932884384757463,0.41944927572639262],"Categories":["Candida blattae","Candida blattae","Candida","","Saccharomycetales"],"Properties":[3,4,3]},"3321":{"Path":["0","0","2308","3320"],"Coordinates":[0.32666439253464269,0.58856363722653449,0.41655212480529169],"Categories":["Candida blattae","Candida blattae","Candida","","Saccharomycetales"],"Properties":[3,4,3]}}