{"107":{"Path":["0","0","107","107"],"Coordinates":[0.59781555553554433,0.48534793663208842,0.52813768531100824],"Categories":["Candida inconspicua","Candida inconspicua","Candida","","Saccharomycetales"],"Properties":[5,3,4]},"1781":{"Path":["0","0","107","1781"],"Coordinates":[0.58203027271697449,0.3629883429277781,0.28071222814948088],"Categories":["Pichia cactophila","Pichia cactophila","Pichia","Saccharomycetaceae","Saccharomycetales"],"Properties":[5,2,2]}}