{"2772":{"Path":["0","0","2771","2772"],"Coordinates":[0.82611106542201318,0.73671469794905753,0.56214340052138823],"Categories":["Cyberlindnera maclurae","Cyberlindnera maclurae","Cyberlindnera","","Saccharomycetales"],"Properties":[8,5,5]}}