{"3603":{"Path":["0","0","3603","3603"],"Coordinates":[0.8699413660735098,0.37270873896142642,0.5119031573646613],"Categories":["Blastobotrys americana","Blastobotrys americana","Blastobotrys","Trichomonascaceae","Saccharomycetales"],"Properties":[8,2,4]}}