{"2769":{"Path":["0","0","190","2769"],"Coordinates":[0.66938557705661783,0.22223865752831784,0.511185294320352],"Categories":["Kazachstania turicensis","Kazachstania turicensis","Kazachstania","Saccharomycetaceae","Saccharomycetales"],"Properties":[6,1,4]},"2770":{"Path":["0","0","190","2769"],"Coordinates":[0.66938106237164818,0.2222395727214217,0.5111717789845045],"Categories":["Kazachstania turicensis","Kazachstania turicensis","Kazachstania","Saccharomycetaceae","Saccharomycetales"],"Properties":[6,1,4]}}