{"3076":{"Path":["0","794","2284","3077"],"Coordinates":[0.84837577696898558,0.4767120863964926,0.41856711180737982],"Categories":["Saccharomycopsis babjevae","Saccharomycopsis babjevae","Saccharomycopsis","Saccharomycopsidaceae","Saccharomycetales"],"Properties":[8,3,3]},"3077":{"Path":["0","794","2284","3077"],"Coordinates":[0.84727080567466018,0.47729175051279071,0.4170040924167655],"Categories":["Saccharomycopsis babjevae","Saccharomycopsis babjevae","Saccharomycopsis","Saccharomycopsidaceae","Saccharomycetales"],"Properties":[8,3,3]}}