{"525":{"Path":["0","0","525","525"],"Coordinates":[0.49143492855124382,0.88594701042908963,0.68176903670832278],"Categories":["Candida etchellsii","Candida etchellsii","Candida","","Saccharomycetales"],"Properties":[4,7,6]},"526":{"Path":["0","0","525","526"],"Coordinates":[0.63237323775836929,0.602990289406562,0.6771911719679985],"Categories":["Candida etchellsii","Candida etchellsii","Candida","","Saccharomycetales"],"Properties":[6,4,6]}}