{"3764":{"Path":["0","0","3764","3764"],"Coordinates":[0.64062792863398088,0.82335924549681161,0.395136540412899],"Categories":["Kazachstania hellenica","Kazachstania hellenica","Kazachstania","Saccharomycetaceae","Saccharomycetales"],"Properties":[6,6,3]},"3765":{"Path":["0","0","3764","3765"],"Coordinates":[0.64492338756677658,0.82021348748656209,0.389165507077067],"Categories":["Kazachstania hellenica","Kazachstania hellenica","Kazachstania","Saccharomycetaceae","Saccharomycetales"],"Properties":[6,6,3]}}