{"3073":{"Path":["0","0","2620","3073"],"Coordinates":[0.50885919734052087,0.44670346745385603,0.467639833647195],"Categories":["Metschnikowia santaceciliae","Metschnikowia santaceciliae","Metschnikowia","Metschnikowiaceae","Saccharomycetales"],"Properties":[5,3,4]}}