{"553":{"Path":["3","36","51","553"],"Coordinates":[-0.26540457177622634,0.19623438183879624,-0.22466909460941092],"Categories":["Trichosporon debeurmannianum","Trichosporon debeurmannianum","Trichosporon","Trichosporonaceae","Tremellales"],"Properties":[-2,1,-2]},"1243":{"Path":["3","36","51","553"],"Coordinates":[-0.26114598616339996,0.19562731990294255,-0.2255821341932254],"Categories":["Trichosporon scarabaeorum","Trichosporon scarabaeorum","Trichosporon","Trichosporonaceae","Tremellales"],"Properties":[-2,1,-2]}}