{"1":{"Path":["1","1","1","1"],"Coordinates":[-0.3478680013593175,0.13948494857073907,-0.22172514255399028],"Categories":["Rhodotorula glutinis","Rhodotorula glutinis","Rhodotorula","","Sporidiobolales"],"Properties":[-3,1,-1]},"11":{"Path":["1","11","11","11"],"Coordinates":[-0.3301476507171992,0.062310545927213822,-0.1445781245653083],"Categories":["Dekkera bruxellensis","Dekkera bruxellensis","Dekkera","Saccharomycetaceae","Saccharomycetales"],"Properties":[-3,0,-1]},"14":{"Path":["1","14","14","14"],"Coordinates":[-0.33969532048189033,0.13073698579790907,-0.31601716381225031],"Categories":["Dekkera anomala","Dekkera anomala","Dekkera","Saccharomycetaceae","Saccharomycetales"],"Properties":[-3,1,-2]},"17":{"Path":["1","17","17","17"],"Coordinates":[-0.4262235212253348,0.1559941272082313,-0.303295191204307],"Categories":["Candida tropicalis","Candida tropicalis","Candida","","Saccharomycetales"],"Properties":[-4,1,-2]},"22":{"Path":["1","22","22","22"],"Coordinates":[-0.3516881620696905,0.24333261306335591,-0.14375731715290857],"Categories":["Candida tropicalis","Candida tropicalis","Candida","","Saccharomycetales"],"Properties":[-3,1,-1]},"28":{"Path":["1","28","28","28"],"Coordinates":[-0.30805597423922809,0.18223059973673167,-0.30576067219686087],"Categories":["Filobasidiella neoformans","Filobasidiella neoformans","Filobasidiella","","Tremellales"],"Properties":[-3,1,-2]},"29":{"Path":["1","29","29","29"],"Coordinates":[-0.35034934322777139,0.06183056804030701,-0.27931485378294596],"Categories":["Filobasidiella neoformans","Filobasidiella neoformans","Filobasidiella","","Tremellales"],"Properties":[-3,0,-2]},"34":{"Path":["1","34","34","34"],"Coordinates":[-0.28273041462476645,0.21313207870506157,-0.22432081993266129],"Categories":["Filobasidiella neoformans","Filobasidiella neoformans","Filobasidiella","","Tremellales"],"Properties":[-2,1,-2]}}