{"391":{"Path":["0","0","393","391"],"Coordinates":[0.48907888792867776,0.62295705766108456,0.41271743639499237],"Categories":["Lachancea fermentati","Lachancea fermentati","Lachancea","Saccharomycetaceae","Saccharomycetales"],"Properties":[4,4,3]},"392":{"Path":["0","0","393","391"],"Coordinates":[0.4890734307414174,0.62297248340912614,0.412710101358123],"Categories":["Lachancea fermentati","Lachancea fermentati","Lachancea","Saccharomycetaceae","Saccharomycetales"],"Properties":[4,4,3]}}