{"3027":{"Path":["0","0","3027","3027"],"Coordinates":[0.28762031992734549,0.52521050860396046,0.22845846699198424],"Categories":["Fibulobasidium murrhardtense","Fibulobasidium murrhardtense","Fibulobasidium","Sirobasidiaceae","Tremellales"],"Properties":[2,4,2]}}