{"4188":{"Path":["0","0","4188","4188"],"Coordinates":[0.35299399192564346,0.392782846407541,-0.04777480739656207],"Categories":["Komagataella ulmi","Komagataella ulmi","Komagataella","Saccharomycetaceae","Saccharomycetales"],"Properties":[3,3,0]}}