{"3076":{"Path":["0","794","2284","3077"],"Coordinates":[0.5147606692400587,0.537096385121712,0.40274961078897387],"Categories":["Saccharomycopsis babjevae","Saccharomycopsis babjevae","Saccharomycopsis","Saccharomycopsidaceae","Saccharomycetales"],"Properties":[5,4,3]},"3077":{"Path":["0","794","2284","3077"],"Coordinates":[0.51283970738874907,0.53707248817777364,0.4033057892692154],"Categories":["Saccharomycopsis babjevae","Saccharomycopsis babjevae","Saccharomycopsis","Saccharomycopsidaceae","Saccharomycetales"],"Properties":[5,4,3]}}