{"3923":{"Path":["0","0","3923","3923"],"Coordinates":[0.49843859625401671,0.28921792813423752,0.58210678593825838],"Categories":["Candida uthaithanina","Candida uthaithanina","Candida","","Saccharomycetales"],"Properties":[4,2,5]}}