{"3499":{"Path":["0","2609","3499","3499"],"Coordinates":[0.3919652322798215,0.42203118181587412,0.833486285874644],"Categories":["Pseudozyma graminicola","Pseudozyma graminicola","Pseudozyma","Ustilaginaceae","Ustilaginales"],"Properties":[3,3,7]}}