{"1963":{"Path":["0","0","1965","1963"],"Coordinates":[0.40504666640443188,0.6510845078043479,0.3793160891756775],"Categories":["Wickerhamomyces hampshirensis","Wickerhamomyces hampshirensis","Wickerhamomyces","","Saccharomycetales"],"Properties":[4,5,3]}}