{"362":{"Path":["1","14","132","362"],"Coordinates":[-0.36059600324729024,0.13688071557803927,-0.30079132965666283],"Categories":["Candida zeylanoides","Candida zeylanoides","Candida","","Saccharomycetales"],"Properties":[-3,1,-2]},"3690":{"Path":["1","14","132","362"],"Coordinates":[-0.36023170708987778,0.13905079037401033,-0.30386061195625874],"Categories":["Bullera koratensis","Bullera lagerstroemiae","Bullera","Tremellaceae","Tremellales"],"Properties":[-3,1,-2]}}