{"3152":{"Path":["0","0","3152","3152"],"Coordinates":[0.47860277734598111,0.78647095942942125,0.44526787617701064],"Categories":["Auriculibuller fuscus","Auriculibuller fuscus","Auriculibuller","Tremellaceae","Tremellales"],"Properties":[4,6,4]}}