{"4252":{"Path":["0","4252","4252","4252"],"Coordinates":[0.12026464957441517,0.44975440249577775,0.56420030298912571],"Categories":["Saccharomycopsis olivae","Saccharomycopsis olivae","Saccharomycopsis","Saccharomycopsidaceae","Saccharomycetales"],"Properties":[1,3,5]}}