{"2807":{"Path":["0","0","2806","2807"],"Coordinates":[0.806487788889944,0.57566982064130923,0.25888096553599077],"Categories":["Nakazawaea wyomingensis","Nakazawaea wyomingensis","Nakazawaea","Saccharomycetaceae","Saccharomycetales"],"Properties":[8,4,2]}}