{"3184":{"Path":["0","0","3184","3184"],"Coordinates":[0.65479502209828377,0.0094146281782138876,0.30424141554102063],"Categories":["Kazachstania bovina","Kazachstania bovina","Kazachstania","Saccharomycetaceae","Saccharomycetales"],"Properties":[6,0,2]}}