{"1135":{"Path":["0","0","1135","1135"],"Coordinates":[0.31590975988430781,0.35654339917162026,0.57071011599531751],"Categories":["Candida haemulonis","Candida haemulonis","Candida","","Saccharomycetales"],"Properties":[3,2,5]}}