{"190":{"Path":["2","41","190","190"],"Coordinates":[-0.29876284842394074,0.3538773373000032,0.077507993505106024],"Categories":["Kazachstania exigua","Kazachstania exigua","Kazachstania","Saccharomycetaceae","Saccharomycetales"],"Properties":[-2,2,0]},"3696":{"Path":["2","41","190","190"],"Coordinates":[-0.29438212839438349,0.35586936079850867,0.080650826932099684],"Categories":["Bullera koratensis","Bullera koratensis","Bullera","Tremellaceae","Tremellales"],"Properties":[-2,2,0]}}