{"4191":{"Path":["0","0","1513","4191"],"Coordinates":[0.64594399634433319,0.4946416252902775,0.44752375364401165],"Categories":["Scheffersomyces amazonensis","Scheffersomyces amazonensis","Scheffersomyces","Debaryomycetaceae","Saccharomycetales"],"Properties":[6,3,4]},"4192":{"Path":["0","0","1513","4191"],"Coordinates":[0.64489152328563581,0.49197047430342783,0.44665355087099334],"Categories":["Scheffersomyces amazonensis","Scheffersomyces amazonensis","Scheffersomyces","Debaryomycetaceae","Saccharomycetales"],"Properties":[6,3,4]}}