{"3709":{"Path":["0","0","3710","3710"],"Coordinates":[0.64618751435574573,0.054235101473123486,0.42881184301331116],"Categories":["Candida touchengensis","Candida touchengensis","Candida","","Saccharomycetales"],"Properties":[6,0,3]},"3710":{"Path":["0","0","3710","3710"],"Coordinates":[0.64079861041166486,0.04992047134034875,0.42765267042097527],"Categories":["Candida touchengensis","Candida touchengensis","Candida","","Saccharomycetales"],"Properties":[6,0,3]}}