{"165":{"Path":["0","0","165","165"],"Coordinates":[0.53485210890034551,0.24801312620210184,0.30641475038812233],"Categories":["Cystobasidium pallidum","Cystobasidium pallidum","Cystobasidium","Platygloeaceae","Platygloeales"],"Properties":[5,1,2]}}