{"1538":{"Path":["0","0","1538","1538"],"Coordinates":[0.57962177683995786,0.36484230508088067,0.396671224490174],"Categories":["Candida silvanorum","Candida silvanorum","Candida","","Saccharomycetales"],"Properties":[5,2,3]}}