{"567":{"Path":["0","0","567","567"],"Coordinates":[0.49315767188042292,0.3663652565143305,0.3683445088682154],"Categories":["Candida aaseri","Candida aaseri","Candida","","Saccharomycetales"],"Properties":[4,2,3]}}