{"3267":{"Path":["0","0","3267","3267"],"Coordinates":[0.55392935411616073,0.555272398889661,0.23677596975216686],"Categories":["Candida choctaworum","Candida choctaworum","Candida","","Saccharomycetales"],"Properties":[5,4,2]}}