{"4133":{"Path":["0","0","308","4133"],"Coordinates":[0.49188725218452,0.60859253060824026,0.50336890859530914],"Categories":["Cryptococcus cyanovorans","Cryptococcus cyanovorans","Cryptococcus","Tremellaceae","Tremellales"],"Properties":[4,4,4]}}