{"27":{"Path":["4","27","27","27"],"Coordinates":[-0.54098968671204528,0.65938871895242324,-0.0549763659886169],"Categories":["Wickerhamomyces subpelliculosus","Wickerhamomyces subpelliculosus","Wickerhamomyces","","Saccharomycetales"],"Properties":[-5,5,0]},"52":{"Path":["4","27","52","52"],"Coordinates":[-0.52402624143663867,0.642033554266799,-0.032595875689787439],"Categories":["Candida glabrata","Candida glabrata","Candida","","Saccharomycetales"],"Properties":[-5,5,0]},"98":{"Path":["4","27","98","98"],"Coordinates":[-0.56564412295631616,0.66849369264667613,-0.040202030411151814],"Categories":["Cryptococcus diffluens","Cryptococcus diffluens","Cryptococcus","Tremellaceae","Tremellales"],"Properties":[-5,5,0]},"100":{"Path":["4","27","100","100"],"Coordinates":[-0.53407024566323336,0.64078953044339138,-0.018424527748575815],"Categories":["Cryptococcus diffluens","Cryptococcus diffluens","Cryptococcus","Tremellaceae","Tremellales"],"Properties":[-5,5,0]},"189":{"Path":["4","27","189","189"],"Coordinates":[-0.51113388700200446,0.64528655822261083,-0.031943410145254862],"Categories":["Kazachstania exigua","Kazachstania exigua","Kazachstania","Saccharomycetaceae","Saccharomycetales"],"Properties":[-5,5,0]}}