{"1616":{"Path":["0","0","1616","1616"],"Coordinates":[0.7378225538833959,0.5275497339905928,0.33415484876285195],"Categories":["Saccharomycopsis microspora","Saccharomycopsis microspora","Saccharomycopsis","Saccharomycopsidaceae","Saccharomycetales"],"Properties":[7,4,3]}}