{"2928":{"Path":["0","0","2927","2928"],"Coordinates":[0.22015548618737862,0.58283171453375959,0.48886203815138751],"Categories":["Candida ambrosiae","Candida ambrosiae","Candida","","Saccharomycetales"],"Properties":[2,4,4]}}