{"204":{"Path":["5","5","204","204"],"Coordinates":[-0.63749026366031791,0.36795252454118976,-0.072420379775512675],"Categories":["Kazachstania unispora","Kazachstania unispora","Kazachstania","Saccharomycetaceae","Saccharomycetales"],"Properties":[-6,2,0]},"667":{"Path":["5","5","204","667"],"Coordinates":[-0.63026993450400914,0.3632512610355258,-0.069308513363231489],"Categories":["Kazachstania transvaalensis","Kazachstania transvaalensis","Kazachstania","Saccharomycetaceae","Saccharomycetales"],"Properties":[-6,2,0]}}