{"529":{"Path":["0","0","528","529"],"Coordinates":[0.20631226475085082,0.7330770438286891,0.55902746475194176],"Categories":["Candida versatilis","Candida versatilis","Candida","","Saccharomycetales"],"Properties":[2,5,5]},"530":{"Path":["0","0","528","529"],"Coordinates":[0.20629909927308546,0.73309167989400625,0.5590271577500161],"Categories":["Candida versatilis","Candida versatilis","Candida","","Saccharomycetales"],"Properties":[2,5,5]}}