{"2413":{"Path":["0","1324","2413","2413"],"Coordinates":[0.3419712844741204,0.19754476301881033,0.641699928171206],"Categories":["Sporopachydermia quercuum","Sporopachydermia quercuum","Sporopachydermia","","Saccharomycetales"],"Properties":[3,1,5]}}