{"2503":{"Path":["0","0","2503","2503"],"Coordinates":[0.598503121150328,1.1380155145098898,0.45825641971972447],"Categories":["Candida santjacobensis","Candida santjacobensis","Candida","","Saccharomycetales"],"Properties":[5,1,4]}}