{"3970":{"Path":["0","0","3970","3970"],"Coordinates":[0.43508145878995669,0.56638613289677431,0.53876675314490807],"Categories":["Candida golubevii","Candida golubevii","Candida","","Saccharomycetales"],"Properties":[4,4,4]}}