{"2124":{"Path":["0","0","2124","2124"],"Coordinates":[0.66356822736813748,0.86475595821317308,0.55272534840928778],"Categories":["Candida tanzawaensis","Candida tanzawaensis","Candida","","Saccharomycetales"],"Properties":[6,6,4]}}