{"3517":{"Path":["0","0","3517","3517"],"Coordinates":[0.57534206139036115,0.36901533792455832,0.54097471490365856],"Categories":["Kregervanrija pseudodelftensis","Kregervanrija pseudodelftensis","Kregervanrija","Saccharomycetaceae","Saccharomycetales"],"Properties":[5,2,4]}}