{"3245":{"Path":["0","0","37","3245"],"Coordinates":[0.32023656760345864,0.57013592280841219,0.22555793767711233],"Categories":["Kockovaella barringtoniae","Kockovaella barringtoniae","Kockovaella","Cuniculitremaceae","Tremellales"],"Properties":[3,4,2]},"3246":{"Path":["0","0","37","3245"],"Coordinates":[0.32024055341941321,0.57018679659457994,0.22557079465588911],"Categories":["Kockovaella barringtoniae","Kockovaella barringtoniae","Kockovaella","Cuniculitremaceae","Tremellales"],"Properties":[3,4,2]}}