{"4060":{"Path":["0","0","1265","4060"],"Coordinates":[0.6616455028796574,0.65211226589376625,0.5450468798184126],"Categories":["Candida nakhonratchasimensis","Candida nakhonratchasimensis","Candida","","Saccharomycetales"],"Properties":[6,5,4]},"4061":{"Path":["0","0","1265","4060"],"Coordinates":[0.661689445678532,0.65216676505801974,0.5450609986378786],"Categories":["Candida nakhonratchasimensis","Candida nakhonratchasimensis","Candida","","Saccharomycetales"],"Properties":[6,5,4]}}