{"2187":{"Path":["0","0","2186","2187"],"Coordinates":[0.65613237763578747,0.66088273982380474,0.43861550152162715],"Categories":["Bullera miyagiana","Bullera miyagiana","Bullera","Tremellaceae","Tremellales"],"Properties":[6,5,3]},"2188":{"Path":["0","0","2186","2187"],"Coordinates":[0.65614767229011728,0.660903613551827,0.43854307848081558],"Categories":["Bullera miyagiana","Bullera miyagiana","Bullera","Tremellaceae","Tremellales"],"Properties":[6,5,3]}}