{"190":{"Path":["0","0","190","190"],"Coordinates":[0.36770094605692388,0.39930594027755217,0.087477179815353953],"Categories":["Kazachstania exigua","Kazachstania exigua","Kazachstania","Saccharomycetaceae","Saccharomycetales"],"Properties":[3,3,0]},"2769":{"Path":["0","0","190","2769"],"Coordinates":[0.24384856271478031,0.59224861442493337,0.23944537801453819],"Categories":["Kazachstania turicensis","Kazachstania turicensis","Kazachstania","Saccharomycetaceae","Saccharomycetales"],"Properties":[2,4,2]}}