{"88":{"Path":["0","0","88","88"],"Coordinates":[0.70823739810617714,0.69466013790907222,0.31164171078076297],"Categories":["Candida sake","Candida sake","Candida","","Saccharomycetales"],"Properties":[7,5,2]}}