{"4051":{"Path":["0","0","1566","4051"],"Coordinates":[0.45418106255782109,0.34986457117713243,0.605309278511742],"Categories":["Lachancea nothofagi","Lachancea nothofagi","Lachancea","Saccharomycetaceae","Saccharomycetales"],"Properties":[4,2,5]}}