{"3931":{"Path":["0","0","3931","3931"],"Coordinates":[0.22698997796379442,0.25539744369533335,0.75728102369200323],"Categories":["Rhodotorula rosulata","Rhodotorula rosulata","Rhodotorula","","Sporidiobolales"],"Properties":[2,2,6]}}