{"377":{"Path":["0","0","377","377"],"Coordinates":[0.47328269830373015,0.50468495652846557,0.50467042361012571],"Categories":["Zygosaccharomyces bisporus","Zygosaccharomyces bisporus","Zygosaccharomyces","Saccharomycetaceae","Saccharomycetales"],"Properties":[4,4,4]}}