{"1819":{"Path":["0","0","1819","1819"],"Coordinates":[0.52232494346243663,0.48215062049906648,0.44717914729559305],"Categories":["Rhodotorula pilati","Rhodotorula pilati","Rhodotorula","","Sporidiobolales"],"Properties":[5,3,4]}}