{"3194":{"Path":["0","0","3194","3194"],"Coordinates":[0.46001958886740041,0.32129516915617579,0.52808339129492166],"Categories":["Metschnikowia colocasiae","Metschnikowia colocasiae","Metschnikowia","Metschnikowiaceae","Saccharomycetales"],"Properties":[4,2,4]}}