{"3115":{"Path":["0","1761","3115","3115"],"Coordinates":[0.65534509339397362,0.68273599928304285,0.084568900469836464],"Categories":["Candida davisiana","Candida davisiana","Candida","","Saccharomycetales"],"Properties":[6,5,0]}}