{"1739":{"Path":["0","0","1739","1739"],"Coordinates":[0.4818497999143328,0.57270461364117331,0.43125351461427258],"Categories":["Cryptococcus podzolicus","Cryptococcus podzolicus","Cryptococcus","Tremellaceae","Tremellales"],"Properties":[4,4,3]}}