{"85":{"Path":["7","35","85","85"],"Coordinates":[-0.5846352473163775,0.60317203685781517,-0.21078468856273402],"Categories":["Candida stellata","Candida stellata","Candida","","Saccharomycetales"],"Properties":[-5,4,-1]},"221":{"Path":["7","35","85","221"],"Coordinates":[-0.57207310704222847,0.59695215860614448,-0.21659422288095681],"Categories":["Torulaspora microellipsoides","Torulaspora microellipsoides","Torulaspora","Saccharomycetaceae","Saccharomycetales"],"Properties":[-5,4,-1]},"461":{"Path":["7","35","85","461"],"Coordinates":[-0.57546045085149133,0.59052958739262384,-0.2136019693092078],"Categories":["Saccharomycodes ludwigii","Saccharomycodes ludwigii","Saccharomycodes","Saccharomycodaceae","Saccharomycetales"],"Properties":[-5,4,-1]}}