{"1657":{"Path":["0","0","1657","1657"],"Coordinates":[0.55616227724617873,0.35468944116458512,0.56936439157603735],"Categories":["Candida savonica","Candida savonica","Candida","","Saccharomycetales"],"Properties":[5,2,5]},"1658":{"Path":["0","0","1657","1657"],"Coordinates":[0.55617570177044873,0.35467909969355954,0.56936170346587822],"Categories":["Candida savonica","Candida savonica","Candida","","Saccharomycetales"],"Properties":[5,2,5]}}