{"187":{"Path":["0","0","191","187"],"Coordinates":[0.3803186724697547,0.58648601924713517,0.51950533798480591],"Categories":["Kazachstania exigua","Kazachstania exigua","Kazachstania","Saccharomycetaceae","Saccharomycetales"],"Properties":[3,4,4]},"191":{"Path":["0","0","191","191"],"Coordinates":[0.44745394306785313,0.39215590122662514,0.57516599599283191],"Categories":["Kazachstania exigua","Kazachstania exigua","Kazachstania","Saccharomycetaceae","Saccharomycetales"],"Properties":[4,3,5]}}