{"4242":{"Path":["0","0","4242","4242"],"Coordinates":[0.43795298379955067,0.29404355222120881,0.4637780370319296],"Categories":["Naumovozyma baii","Naumovozyma baii","Naumovozyma","Saccharomycetaceae","Saccharomycetales"],"Properties":[4,2,4]}}