{"2390":{"Path":["0","0","2390","2390"],"Coordinates":[0.65587040192064461,0.30330289576023406,0.91823221355957674],"Categories":["Kazachstania bromeliacearum","Kazachstania bromeliacearum","Kazachstania","Saccharomycetaceae","Saccharomycetales"],"Properties":[6,2,8]}}