{"3270":{"Path":["0","0","3270","3270"],"Coordinates":[0.43574274641739308,0.52783179559402693,0.72705950815663445],"Categories":["Candida atakaporum","Candida atakaporum","Candida","","Saccharomycetales"],"Properties":[4,4,6]},"3272":{"Path":["0","0","3270","3272"],"Coordinates":[0.51324839232096853,0.35035020687496754,0.52233258401432769],"Categories":["Candida atakaporum","Candida atakaporum","Candida","","Saccharomycetales"],"Properties":[5,2,4]}}