{"873":{"Path":["0","0","873","873"],"Coordinates":[0.59028655280295506,0.54512358375598335,0.67454028679774],"Categories":["Wickerhamomyces strasburgensis","Wickerhamomyces strasburgensis","Wickerhamomyces","","Saccharomycetales"],"Properties":[5,4,6]}}