{"1356":{"Path":["0","0","1356","1356"],"Coordinates":[0.53482798426974509,0.21515943975498419,0.83078220191335916],"Categories":["Metschnikowia australis","Metschnikowia australis","Metschnikowia","Metschnikowiaceae","Saccharomycetales"],"Properties":[5,1,7]}}