{"3721":{"Path":["0","0","3721","3721"],"Coordinates":[0.75180022673835356,0.30440290450434493,0.47133532875615647],"Categories":["Candida yuanshanica","Candida yuanshanica","Candida","","Saccharomycetales"],"Properties":[7,2,4]}}