{"3272":{"Path":["0","0","3270","3272"],"Coordinates":[0.3866747474892297,0.44662062202750247,0.339686481354651],"Categories":["Candida atakaporum","Candida atakaporum","Candida","","Saccharomycetales"],"Properties":[3,3,3]}}