{"2290":{"Path":["0","0","2292","2291"],"Coordinates":[0.54022662129439813,0.50593937169698255,0.68896985183265147],"Categories":["Saccharomycopsis amapae","Saccharomycopsis amapae","Saccharomycopsis","Saccharomycopsidaceae","Saccharomycetales"],"Properties":[5,4,6]},"2291":{"Path":["0","0","2292","2291"],"Coordinates":[0.542185521936553,0.5086933895170529,0.68683020369642378],"Categories":["Saccharomycopsis amapae","Saccharomycopsis amapae","Saccharomycopsis","Saccharomycopsidaceae","Saccharomycetales"],"Properties":[5,4,6]}}