{"3223":{"Path":["0","0","3222","3223"],"Coordinates":[0.49016169726399195,0.4770789666657384,0.40942409352531234],"Categories":["Candida diospyri","Candida diospyri","Candida","","Saccharomycetales"],"Properties":[4,3,3]},"3224":{"Path":["0","0","3222","3223"],"Coordinates":[0.48925416166562979,0.47842748114464989,0.40825880905380513],"Categories":["Candida diospyri","Candida diospyri","Candida","","Saccharomycetales"],"Properties":[4,3,3]}}