{"4243":{"Path":["0","0","4243","4243"],"Coordinates":[0.76087774661271668,0.76045894112458789,0.28665458390066828],"Categories":["Starmerella caucasica","Starmerella caucasica","Starmerella","Saccharomycetaceae","Saccharomycetales"],"Properties":[7,6,2]}}