{"3826":{"Path":["0","0","143","3826"],"Coordinates":[0.59668912303552624,0.6466755298381307,0.31199792577442487],"Categories":["Hanseniaspora thailandica","Hanseniaspora thailandica","Hanseniaspora","Saccharomycodaceae","Saccharomycetales"],"Properties":[5,5,2]},"3827":{"Path":["0","0","143","3826"],"Coordinates":[0.59673498859017315,0.646674768720356,0.31201068083555272],"Categories":["Hanseniaspora thailandica","Hanseniaspora thailandica","Hanseniaspora","Saccharomycodaceae","Saccharomycetales"],"Properties":[5,5,2]}}