{"2390":{"Path":["0","0","2390","2390"],"Coordinates":[1.2796530902373275,0.17912176789423973,0.36282777303637814],"Categories":["Kazachstania bromeliacearum","Kazachstania bromeliacearum","Kazachstania","Saccharomycetaceae","Saccharomycetales"],"Properties":[2,1,3]}}