{"2828":{"Path":["0","0","2829","2828"],"Coordinates":[0.36655772129611508,0.6387890501467931,0.43085727593390161],"Categories":["Tetrapisispora nanseiensis","Tetrapisispora nanseiensis","Tetrapisispora","Saccharomycetaceae","Saccharomycetales"],"Properties":[3,5,3]},"2829":{"Path":["0","0","2829","2829"],"Coordinates":[0.35424137248297083,0.5477989042791318,0.57021018061047557],"Categories":["Tetrapisispora nanseiensis","Tetrapisispora nanseiensis","Tetrapisispora","Saccharomycetaceae","Saccharomycetales"],"Properties":[3,4,5]}}