{"62":{"Path":["2","21","62","62"],"Coordinates":[-0.32460967469732843,0.35127189355123267,0.1310104078912378],"Categories":["Cryptococcus laurentii","Cryptococcus laurentii","Cryptococcus","Tremellaceae","Tremellales"],"Properties":[-3,2,1]},"397":{"Path":["2","21","62","397"],"Coordinates":[-0.31764389683735084,0.35900081279494311,0.12840455266608725],"Categories":["Kluyveromyces marxianus","Kluyveromyces marxianus","Kluyveromyces","Saccharomycetaceae","Saccharomycetales"],"Properties":[-3,2,1]}}