{"2773":{"Path":["0","0","1265","2773"],"Coordinates":[0.50510921282732335,0.47883348356224364,0.49376538702464567],"Categories":["Candida mycetangii","Candida mycetangii","Candida","","Saccharomycetales"],"Properties":[5,3,4]}}