{"2559":{"Path":["0","0","2559","2559"],"Coordinates":[0.42369077705100477,0.62694811449874432,0.44640946488071787],"Categories":["Hannaella coprosmaensis","Hannaella coprosmaensis","Hannaella","","Tremellales"],"Properties":[4,5,4]}}