{"78":{"Path":["0","0","78","78"],"Coordinates":[0.7316055496615973,0.64337491397741187,0.34286476720301196],"Categories":["Candida gropengiesseri","Candida gropengiesseri","Candida","","Saccharomycetales"],"Properties":[7,5,3]}}