{"1607":{"Path":["0","0","1607","1607"],"Coordinates":[0.59038494014925147,0.64827697298999765,0.13950382430215244],"Categories":["Candida fructus","Candida fructus","Candida","","Saccharomycetales"],"Properties":[5,5,1]},"1608":{"Path":["0","0","1607","1608"],"Coordinates":[0.56506033938953715,0.64526293619884423,0.12794613514805894],"Categories":["Candida musae","Candida musae","Candida","","Saccharomycetales"],"Properties":[5,5,1]}}