{"3635":{"Path":["0","0","3636","3635"],"Coordinates":[0.73267714559986019,0.34932630818202093,0.57845675626208592],"Categories":["Candida thaimueangensis","Candida thaimueangensis","Candida","","Saccharomycetales"],"Properties":[7,2,5]}}