{"3188":{"Path":["0","0","3188","3188"],"Coordinates":[0.78366801993284907,0.35553927558922988,0.26861711374896707],"Categories":["Candida leandrae","Candida leandrae","Candida","","Saccharomycetales"],"Properties":[7,2,2]}}