{"3687":{"Path":["0","0","3687","3687"],"Coordinates":[0.59441629319469624,0.3182423409876951,0.33687302797851931],"Categories":["Candida labiduridarum","Candida labiduridarum","Candida","","Saccharomycetales"],"Properties":[5,2,3]},"3688":{"Path":["0","0","3687","3687"],"Coordinates":[0.594414600445451,0.31823713859519626,0.33686002737448534],"Categories":["Candida labiduridarum","Candida labiduridarum","Candida","","Saccharomycetales"],"Properties":[5,2,3]}}