{"1381":{"Path":["0","0","1381","1381"],"Coordinates":[0.62337069001822454,0.45178708628476227,0.33848462868487117],"Categories":["Candida fennica","Candida fennica","Candida","","Saccharomycetales"],"Properties":[6,3,3]}}