{"3011":{"Path":["0","0","3011","3011"],"Coordinates":[0.46258069780613131,0.75369539229688709,0.62755772358201689],"Categories":["Candida davenportii","Candida davenportii","Candida","","Saccharomycetales"],"Properties":[4,6,5]}}