{"3860":{"Path":["0","0","3859","3860"],"Coordinates":[0.2943785268838518,0.28879407648510014,0.54581604649460547],"Categories":["Cryptococcus metallitolerans","Cryptococcus metallitolerans","Cryptococcus","Tremellaceae","Tremellales"],"Properties":[2,2,4]}}