{"1348":{"Path":["0","0","350","1348"],"Coordinates":[0.47569150411935424,0.466683451386241,0.599069482790559],"Categories":["Metschnikowia pulcherrima","Metschnikowia pulcherrima","Metschnikowia","Metschnikowiaceae","Saccharomycetales"],"Properties":[4,3,5]}}