{"914":{"Path":["0","0","914","914"],"Coordinates":[-0.34027725314547475,0.89621206527295871,0.35934343055923174],"Categories":["Yamadazyma triangularis","Yamadazyma triangularis","Yamadazyma","Saccharomycetaceae","Saccharomycetales"],"Properties":[-3,7,3]}}