{"3680":{"Path":["0","0","3682","3680"],"Coordinates":[0.35880115118498423,0.72875887857624777,0.74251707904791375],"Categories":["Cryptococcus arboriformis","Cryptococcus arboriformis","Cryptococcus","Tremellaceae","Tremellales"],"Properties":[3,5,6]},"3682":{"Path":["0","0","3682","3682"],"Coordinates":[0.58327671353829058,0.54975219014889865,0.55796299496611046],"Categories":["Cryptococcus arboriformis","Cryptococcus arboriformis","Cryptococcus","Tremellaceae","Tremellales"],"Properties":[5,4,5]}}