{"1713":{"Path":["0","0","37","1713"],"Coordinates":[0.61695437004431464,0.37925853224459871,0.38865910511663204],"Categories":["Trichosporon montevideense","Trichosporon montevideense","Trichosporon","Trichosporonaceae","Tremellales"],"Properties":[6,3,3]}}