{"2839":{"Path":["0","0","2839","2839"],"Coordinates":[0.69157455932048106,0.2032974166026969,0.5037756790572413],"Categories":["Candida orba","Candida orba","Candida","","Saccharomycetales"],"Properties":[6,1,4]}}