{"1581":{"Path":["0","0","1581","1581"],"Coordinates":[0.50899527030955638,0.45261256450525639,0.64960857769486013],"Categories":["Saturnispora besseyi","Saturnispora besseyi","Saturnispora","Saccharomycetaceae","Saccharomycetales"],"Properties":[5,3,5]}}