{"4262":{"Path":["0","0","4262","4262"],"Coordinates":[0.37499182800090308,0.18717083694339753,0.080936674124735],"Categories":["Kloeckera jakobseniae","Kloeckera jakobseniae","Kloeckera","Saccharomycodaceae","Saccharomycetales"],"Properties":[3,1,0]}}