{"2371":{"Path":["0","2371","2371","2371"],"Coordinates":[0.38361108220219337,0.61373447859723906,0.57141072173287566],"Categories":["Malassezia globosa","Malassezia globosa","Malassezia","","Malasseziales"],"Properties":[3,4,5]}}