{"2271":{"Path":["0","0","2271","2271"],"Coordinates":[0.51439392243674764,0.44664509592229384,0.42120752144384083],"Categories":["Candida duobushaemulonii","Candida duobushaemulonii","Candida","","Saccharomycetales"],"Properties":[5,3,3]}}