{"3593":{"Path":["0","0","3593","3593"],"Coordinates":[0.63296633218814746,0.53107477819306392,0.46310787993492497],"Categories":["Kazachstania zonata","Kazachstania zonata","Kazachstania","Saccharomycetaceae","Saccharomycetales"],"Properties":[6,4,4]}}