{"975":{"Path":["0","0","696","975"],"Coordinates":[0.38190214684014007,0.53267465415739768,0.63460904060073631],"Categories":["Scheffersomyces insectosa","Scheffersomyces insectosa","Scheffersomyces","Debaryomycetaceae","Saccharomycetales"],"Properties":[3,4,5]}}