{"3273":{"Path":["0","0","3273","3273"],"Coordinates":[0.22680271839649496,0.28675753858344954,0.71151247319432],"Categories":["Candida panamericana","Candida panamericana","Candida","","Saccharomycetales"],"Properties":[2,2,6]}}