{"1374":{"Path":["0","0","1374","1374"],"Coordinates":[0.42652269787110508,0.29911361575263856,0.82473372800242151],"Categories":["Sterigmatomyces elviae","Sterigmatomyces elviae","Sterigmatomyces","Agaricostilbaceae","Agaricostilbales"],"Properties":[4,2,7]}}