{"56":{"Path":["0","16","56","56"],"Coordinates":[-0.26377407548631682,0.36464518595793377,-0.043343201569311464],"Categories":["Candida glabrata","Candida glabrata","Candida","","Saccharomycetales"],"Properties":[-2,2,0]},"241":{"Path":["0","16","56","241"],"Coordinates":[-0.26709935985578842,0.36711876169244023,-0.055642118399295809],"Categories":["Saccharomyces paradoxus","Saccharomyces paradoxus","Saccharomyces","Saccharomycetaceae","Saccharomycetales"],"Properties":[-2,2,0]},"633":{"Path":["0","16","56","633"],"Coordinates":[-0.2649136069165573,0.36328215364024335,-0.026998230038483503],"Categories":["Yarrowia deformans","Yarrowia deformans","Yarrowia","","Saccharomycetales"],"Properties":[-2,2,0]}}