{"2158":{"Path":["0","0","2158","2158"],"Coordinates":[0.51081057094289917,0.39891019507041348,0.58214642410147321],"Categories":["Sporobolomyces xanthus","Sporobolomyces xanthus","Sporobolomyces","","Sporidiobolales"],"Properties":[5,3,5]},"2330":{"Path":["0","0","2158","2330"],"Coordinates":[0.60233260178999548,0.44288003923379726,0.53877342936114747],"Categories":["Sporobolomyces taupoensis","Sporobolomyces taupoensis","Sporobolomyces","","Sporidiobolales"],"Properties":[6,3,4]}}