{"2408":{"Path":["0","0","2408","2408"],"Coordinates":[0.53217316525967906,0.6014118593278599,0.30964823575476236],"Categories":["Candida kofuensis","Candida kofuensis","Candida","","Saccharomycetales"],"Properties":[5,4,2]}}