{"3660":{"Path":["0","0","3660","3660"],"Coordinates":[0.4445605467302533,0.35451678463694719,0.66303347911761734],"Categories":["Metschnikowia cerradonensis","Metschnikowia cerradonensis","Metschnikowia","Metschnikowiaceae","Saccharomycetales"],"Properties":[4,2,5]}}