{"22":{"Path":["1","22","22","22"],"Coordinates":[-0.3516881620696905,0.24333261306335591,-0.14375731715290857],"Categories":["Candida tropicalis","Candida tropicalis","Candida","","Saccharomycetales"],"Properties":[-3,1,-1]},"433":{"Path":["1","22","22","433"],"Coordinates":[-0.35621545543293476,0.23614347730406229,-0.1535413745216529],"Categories":["Debaryomyces hansenii","Debaryomyces hansenii","Debaryomyces","Saccharomycetaceae","Saccharomycetales"],"Properties":[-3,1,-1]},"624":{"Path":["1","22","22","624"],"Coordinates":[-0.35589665262255515,0.24450875380326329,-0.12896914853190666],"Categories":["Trichosporon dermatis","Trichosporon dermatis","Trichosporon","Trichosporonaceae","Tremellales"],"Properties":[-3,1,-1]}}