{"632":{"Path":["0","0","632","632"],"Coordinates":[0.21329210369500395,0.60407602534562777,0.57715715299215586],"Categories":["Yarrowia deformans","Yarrowia deformans","Yarrowia","","Saccharomycetales"],"Properties":[2,4,5]}}