{"3620":{"Path":["0","0","3620","3620"],"Coordinates":[0.43085459696668876,0.65160698429270791,0.65936788300639171],"Categories":["Candida pinicola","Candida pinicola","Candida","","Saccharomycetales"],"Properties":[4,5,5]},"3623":{"Path":["0","0","3620","3623"],"Coordinates":[0.24729562070978017,0.65484000794461883,0.84256447618242236],"Categories":["Candida pinicola","Candida pinicola","Candida","","Saccharomycetales"],"Properties":[2,5,7]}}