{"8":{"Path":["0","0","8","8"],"Coordinates":[0.38849666424111723,0.534154145249862,0.37165483457776088],"Categories":["Dekkera bruxellensis","Dekkera bruxellensis","Dekkera","Saccharomycetaceae","Saccharomycetales"],"Properties":[3,4,3]}}