{"4133":{"Path":["0","0","308","4133"],"Coordinates":[0.54726150853119482,0.76509622838463209,0.26186932993583262],"Categories":["Cryptococcus cyanovorans","Cryptococcus cyanovorans","Cryptococcus","Tremellaceae","Tremellales"],"Properties":[5,6,2]}}