{"3724":{"Path":["0","0","3724","3724"],"Coordinates":[0.39068922665390471,0.53474852440238263,0.7186580316418647],"Categories":["Candida dajiaensis","Candida dajiaensis","Candida","","Saccharomycetales"],"Properties":[3,4,6]}}