{"512":{"Path":["8","45","182","512"],"Coordinates":[-0.61435140367953989,0.37581658529801654,0.05519005932319937],"Categories":["Cyberlindnera saturnus","Cyberlindnera mrakii","Cyberlindnera","","Saccharomycetales"],"Properties":[-6,3,0]},"4202":{"Path":["8","45","182","512"],"Coordinates":[-0.61723494100128773,0.37120718870325775,0.053275236227016035],"Categories":["Kuraishia borneana","Kuraishia borneana","Kuraishia","Saccharomycetaceae","Saccharomycetales"],"Properties":[-6,2,0]}}