{"1967":{"Path":["0","0","1967","1967"],"Coordinates":[0.705210900079223,0.5741293410842383,0.73978974390621477],"Categories":["Cyberlindnera japonica","Cyberlindnera japonica","Cyberlindnera","","Saccharomycetales"],"Properties":[7,4,6]}}