{"1349":{"Path":["0","0","350","1349"],"Coordinates":[0.48948576674158778,0.48804466132431368,0.59653083873745394],"Categories":["Metschnikowia pulcherrima","Metschnikowia pulcherrima","Metschnikowia","Metschnikowiaceae","Saccharomycetales"],"Properties":[4,3,5]}}