{"3667":{"Path":["0","3667","3667","3667"],"Coordinates":[0.76763257103997229,0.42615527838027983,0.42047071284888343],"Categories":["Candida pseudorugosa","Candida pseudorugosa","Candida","","Saccharomycetales"],"Properties":[7,3,3]},"3668":{"Path":["0","3667","3667","3667"],"Coordinates":[0.76769751743231374,0.42618129508332547,0.42048504003336729],"Categories":["Candida pseudorugosa","Candida pseudorugosa","Candida","","Saccharomycetales"],"Properties":[7,3,3]}}