{"3380":{"Path":["0","3380","3380","3380"],"Coordinates":[0.56174121927936638,0.37307290981229169,0.38335878741723417],"Categories":["Bullera arundinariae","Bullera arundinariae","Bullera","Tremellaceae","Tremellales"],"Properties":[5,2,3]}}