{"2712":{"Path":["0","0","2712","2712"],"Coordinates":[0.31094302385787109,0.54153687380295135,0.48402197322279567],"Categories":["Candida robnettiae","Candida robnettiae","Candida","","Saccharomycetales"],"Properties":[3,4,4]},"4152":{"Path":["0","0","2712","4152"],"Coordinates":[0.32125635173526618,0.35759823070397984,0.35382140567126097],"Categories":["Candida tocantinsensis","Candida tocantinsensis","Candida","","Saccharomycetales"],"Properties":[3,2,3]}}