{"684":{"Path":["0","0","684","684"],"Coordinates":[0.30780557030941552,0.74996988569595613,0.86425073979247846],"Categories":["Cystofilobasidium macerans","Cystofilobasidium macerans","Cystofilobasidium","Cystofilobasidiaceae","Cystofilobasidiales"],"Properties":[3,5,7]},"3770":{"Path":["0","0","684","3770"],"Coordinates":[0.34970936233948613,0.34506449159210784,0.67692007081998984],"Categories":["Cystofilobasidium macerans","Cystofilobasidium macerans","Cystofilobasidium","Cystofilobasidiaceae","Cystofilobasidiales"],"Properties":[3,2,6]}}