{"3580":{"Path":["0","0","3580","3580"],"Coordinates":[0.47592926381082734,0.3931326346945217,0.35630791677819612],"Categories":["Bullera formosana","Bullera formosana","Bullera","Tremellaceae","Tremellales"],"Properties":[4,3,3]}}