{"4128":{"Path":["0","0","4129","4129"],"Coordinates":[0.7944715851635471,0.83863114881953638,0.36959804905056709],"Categories":["Candida loeiensis","Candida loeiensis","Candida","","Saccharomycetales"],"Properties":[7,6,3]},"4129":{"Path":["0","0","4129","4129"],"Coordinates":[0.7941172415802199,0.83793951775513076,0.37001268528842229],"Categories":["Candida loeiensis","Candida loeiensis","Candida","","Saccharomycetales"],"Properties":[7,6,3]}}