{"3898":{"Path":["0","0","3898","3898"],"Coordinates":[0.49529366052458434,0.51432223867232807,0.57250048726476976],"Categories":["Sporobolomyces koalae","Sporobolomyces koalae","Sporobolomyces","","Sporidiobolales"],"Properties":[4,4,5]}}