{"3433":{"Path":["0","0","3434","3433"],"Coordinates":[0.43730360808465052,0.62425176844731367,0.39255217473481535],"Categories":["Kuraishia molischiana","Kuraishia molischiana","Kuraishia","Saccharomycetaceae","Saccharomycetales"],"Properties":[4,4,3]}}