{"3761":{"Path":["0","0","3761","3761"],"Coordinates":[0.70444544076927429,0.5269447396221778,0.41372624671199137],"Categories":["Candida musiphila","Candida musiphila","Candida","","Saccharomycetales"],"Properties":[7,4,3]}}