{"4116":{"Path":["0","0","1513","4117"],"Coordinates":[0.36148054272091773,0.52073149889376913,0.55207082073736291],"Categories":["Scheffersomyces queiroziae","Scheffersomyces queiroziae","Scheffersomyces","Debaryomycetaceae","Saccharomycetales"],"Properties":[3,4,4]},"4117":{"Path":["0","0","1513","4117"],"Coordinates":[0.36153070468430687,0.520715831680405,0.55209722515206772],"Categories":["Scheffersomyces queiroziae","Scheffersomyces queiroziae","Scheffersomyces","Debaryomycetaceae","Saccharomycetales"],"Properties":[3,4,4]}}