{"566":{"Path":["0","0","564","566"],"Coordinates":[0.2936246957515683,0.37884061866425089,0.67860099476031366],"Categories":["Candida solani","Candida solani","Candida","","Saccharomycetales"],"Properties":[2,3,6]}}