{"54":{"Path":["0","0","58","54"],"Coordinates":[0.63838897325198241,0.63631796580123912,0.46153265231761331],"Categories":["Candida glabrata","Candida glabrata","Candida","","Saccharomycetales"],"Properties":[6,5,4]}}