{"2734":{"Path":["0","0","2734","2734"],"Coordinates":[0.36326495536037495,0.3726932235094636,0.33709547867048706],"Categories":["Kockovaella phaffii","Kockovaella phaffii","Kockovaella","Cuniculitremaceae","Tremellales"],"Properties":[3,2,3]}}