{"3970":{"Path":["0","0","3970","3970"],"Coordinates":[0.340523291866191,0.19742718677582122,0.28984587568715403],"Categories":["Candida golubevii","Candida golubevii","Candida","","Saccharomycetales"],"Properties":[3,1,2]}}