{"3161":{"Path":["0","3161","3161","3161"],"Coordinates":[0.78873214553870563,0.12652170255169071,0.2432163787419907],"Categories":["Candida bombiphila","Candida bombiphila","Candida","","Saccharomycetales"],"Properties":[7,1,2]}}