{"1292":{"Path":["0","0","1291","1292"],"Coordinates":[0.34391242766092095,0.47537110355026563,0.33997672840802134],"Categories":["Candida chilensis","Candida chilensis","Candida","","Saccharomycetales"],"Properties":[3,3,3]}}