{"3026":{"Path":["0","0","3026","3026"],"Coordinates":[0.077195449175401845,0.575770112407609,0.4788115370835504],"Categories":["Papiliotrema bandonii","Papiliotrema bandonii","Papiliotrema","","Tremellales"],"Properties":[0,4,4]}}