{"3843":{"Path":["0","0","3843","3843"],"Coordinates":[0.61636255291626452,0.73763854436085652,0.740952010252543],"Categories":["Candida andamanensis","Candida andamanensis","Candida","","Saccharomycetales"],"Properties":[6,5,6]},"3942":{"Path":["0","0","3843","3942"],"Coordinates":[0.38124150662291134,0.85855971132816267,0.48269041863366252],"Categories":["Candida pseudoaaseri","Candida pseudoaaseri","Candida","","Saccharomycetales"],"Properties":[3,6,4]}}