{"2187":{"Path":["0","0","2186","2187"],"Coordinates":[0.36554709701888771,0.66651815413420235,0.72129804278701937],"Categories":["Bullera miyagiana","Bullera miyagiana","Bullera","Tremellaceae","Tremellales"],"Properties":[3,5,6]},"2188":{"Path":["0","0","2186","2187"],"Coordinates":[0.36554556524355641,0.666522502074691,0.72131395905877538],"Categories":["Bullera miyagiana","Bullera miyagiana","Bullera","Tremellaceae","Tremellales"],"Properties":[3,5,6]}}