{"190":{"Path":["0","0","190","190"],"Coordinates":[0.69980464823443322,0.20740949544619619,0.59343141847771019],"Categories":["Kazachstania exigua","Kazachstania exigua","Kazachstania","Saccharomycetaceae","Saccharomycetales"],"Properties":[6,1,5]},"2769":{"Path":["0","0","190","2769"],"Coordinates":[0.66938557705661783,0.22223865752831784,0.511185294320352],"Categories":["Kazachstania turicensis","Kazachstania turicensis","Kazachstania","Saccharomycetaceae","Saccharomycetales"],"Properties":[6,1,4]}}