{"2681":{"Path":["0","0","2681","2681"],"Coordinates":[0.72143893204243847,0.5670721111388688,0.43730903532511683],"Categories":["Candida tammaniensis","Candida tammaniensis","Candida","","Saccharomycetales"],"Properties":[7,4,3]},"2682":{"Path":["0","0","2681","2681"],"Coordinates":[0.72146607331792878,0.56712798720819191,0.43727378578213733],"Categories":["Candida tammaniensis","Candida tammaniensis","Candida","","Saccharomycetales"],"Properties":[7,4,3]}}