{"4062":{"Path":["0","0","1265","4062"],"Coordinates":[0.35095072813413319,0.39321927255198669,0.77033394936311861],"Categories":["Candida nakhonratchasimensis","Candida nakhonratchasimensis","Candida","","Saccharomycetales"],"Properties":[3,3,6]}}