{"4203":{"Path":["0","0","4203","4203"],"Coordinates":[0.46201124107725222,0.42678824498972895,0.56851928307017663],"Categories":["Nakazawaea molendini-olei","Nakazawaea molendini-olei","Nakazawaea","Saccharomycetaceae","Saccharomycetales"],"Properties":[4,3,5]},"4205":{"Path":["0","0","4203","4205"],"Coordinates":[0.5616001065706735,0.21722177733661807,0.50064532205948964],"Categories":["Nakazawaea molendini-olei","Nakazawaea molendini-olei","Nakazawaea","Saccharomycetaceae","Saccharomycetales"],"Properties":[5,1,4]}}