{"3713":{"Path":["0","0","3713","3713"],"Coordinates":[0.49433834351430633,0.64858777563345882,0.14929242944738969],"Categories":["Tetrapisispora taiwanensis","Tetrapisispora taiwanensis","Tetrapisispora","Saccharomycetaceae","Saccharomycetales"],"Properties":[4,5,1]}}