{"4162":{"Path":["0","0","4162","4162"],"Coordinates":[0.51995311651953913,0.38903414189700763,0.59301968934364968],"Categories":["Candida stauntonica","Candida stauntonica","Candida","","Saccharomycetales"],"Properties":[5,3,5]},"4163":{"Path":["0","0","4162","4162"],"Coordinates":[0.51945381254834067,0.39160287565041069,0.5972802412384719],"Categories":["Candida stauntonica","Candida stauntonica","Candida","","Saccharomycetales"],"Properties":[5,3,5]}}