{"1175":{"Path":["0","0","1175","1175"],"Coordinates":[0.4705383373552377,0.34860947963846123,0.29338776027761482],"Categories":["Candida atlantica","Candida atlantica","Candida","","Saccharomycetales"],"Properties":[4,2,2]},"1176":{"Path":["0","0","1175","1175"],"Coordinates":[0.46892153423588606,0.3443829113110804,0.29551427570131539],"Categories":["Candida atlantica","Candida atlantica","Candida","","Saccharomycetales"],"Properties":[4,2,2]}}