{"3541":{"Path":["0","0","3541","3541"],"Coordinates":[0.46219819924091515,0.63767099475632083,0.17540968046328975],"Categories":["Candida oslonensis","Candida oslonensis","Candida","","Saccharomycetales"],"Properties":[4,5,1]}}