{"3780":{"Path":["0","0","3780","3780"],"Coordinates":[0.77517756064050491,0.44270227579402466,0.59445251561473544],"Categories":["Candida koratica","Candida koratica","Candida","","Saccharomycetales"],"Properties":[7,3,5]},"3781":{"Path":["0","0","3780","3780"],"Coordinates":[0.7754629514025434,0.44148866174325951,0.59601638678869084],"Categories":["Candida koratica","Candida koratica","Candida","","Saccharomycetales"],"Properties":[7,3,5]}}