{"154":{"Path":["7","35","154","154"],"Coordinates":[-0.566969004450631,0.6133226956232537,-0.21287967371399078],"Categories":["Rhodotorula aurantiaca","Rhodotorula aurantiaca","Rhodotorula","","Sporidiobolales"],"Properties":[-5,4,-1]},"615":{"Path":["7","35","154","615"],"Coordinates":[-0.558248684271726,0.615771322781105,-0.21614557182577956],"Categories":["Meyerozyma guilliermondii","Meyerozyma guilliermondii","Meyerozyma","Debaryomycetaceae","Saccharomycetales"],"Properties":[-5,4,-1]}}