{"3908":{"Path":["0","0","3908","3908"],"Coordinates":[0.837972055939094,0.376416147928629,0.69791840753842038],"Categories":["Trichomonascus apis","Trichomonascus apis","Trichomonascus","Endomycetaceae","Saccharomycetales"],"Properties":[8,3,6]}}