{"3583":{"Path":["0","0","3583","3583"],"Coordinates":[0.457000297143503,0.00035141029383665978,0.54084458524007739],"Categories":["Cryptococcus mujuensis","Cryptococcus mujuensis","Cryptococcus","Tremellaceae","Tremellales"],"Properties":[4,0,4]}}