{"3527":{"Path":["0","0","3527","3527"],"Coordinates":[0.82855440032982086,0.43416694152815738,0.35444440876505623],"Categories":["Cryptococcus bestiolae","Cryptococcus bestiolae","Cryptococcus","Tremellaceae","Tremellales"],"Properties":[8,3,3]},"3528":{"Path":["0","0","3527","3528"],"Coordinates":[0.82591949323285785,0.4221327660740895,0.34779340239525885],"Categories":["Cryptococcus bestiolae","Cryptococcus bestiolae","Cryptococcus","Tremellaceae","Tremellales"],"Properties":[8,3,3]}}