{"97":{"Path":["3","3","97","97"],"Coordinates":[-0.38139563065085974,0.24079935500836952,-0.28484916309298042],"Categories":["Cryptococcus diffluens","Cryptococcus diffluens","Cryptococcus","Tremellaceae","Tremellales"],"Properties":[-3,1,-2]},"1699":{"Path":["3","3","97","97"],"Coordinates":[-0.38184577455922153,0.24361412220979176,-0.28567459664726891],"Categories":["Rhodotorula sonckii","Rhodotorula sonckii","Rhodotorula","","Sporidiobolales"],"Properties":[-3,1,-2]},"2138":{"Path":["3","3","97","97"],"Coordinates":[-0.37984498968022029,0.23730861721354699,-0.28322493821882089],"Categories":["Sympodiomycopsis paphiopedili","Sympodiomycopsis paphiopedili","Sympodiomycopsis","Microstromataceae","Microstromatales"],"Properties":[-3,1,-2]}}