{"2356":{"Path":["0","2356","2356","2356"],"Coordinates":[0.78565147304461913,0.038565260716064947,0.31511311715265022],"Categories":["Candida tartarivorans","Candida tartarivorans","Candida","","Saccharomycetales"],"Properties":[7,0,2]}}