{"1199":{"Path":["0","0","1199","1199"],"Coordinates":[0.58091946967249564,0.59112158390772429,0.25935960652335405],"Categories":["Sporidiobolus johnsonii","Sporidiobolus johnsonii","Sporidiobolus","Sporidiobolaceae","Sporidiobolales"],"Properties":[5,4,2]}}