{"3338":{"Path":["0","0","3338","3338"],"Coordinates":[0.39921123613033921,0.46797647549594756,0.49756425934429238],"Categories":["Candida endomychidarum","Candida endomychidarum","Candida","","Saccharomycetales"],"Properties":[3,3,4]}}