{"4248":{"Path":["0","0","4249","4249"],"Coordinates":[0.46912045201982006,0.89393889269296212,0.58700216789869464],"Categories":["Candida verbasci","Candida verbasci","Candida","","Saccharomycetales"],"Properties":[4,7,5]},"4249":{"Path":["0","0","4249","4249"],"Coordinates":[0.469090979736674,0.89392772201196558,0.586966476205579],"Categories":["Candida verbasci","Candida verbasci","Candida","","Saccharomycetales"],"Properties":[4,7,5]}}