{"4062":{"Path":["0","0","1265","4062"],"Coordinates":[0.41606334089669517,0.33272773681674706,0.58140479420993485],"Categories":["Candida nakhonratchasimensis","Candida nakhonratchasimensis","Candida","","Saccharomycetales"],"Properties":[4,2,5]}}