{"3004":{"Path":["0","0","3003","3004"],"Coordinates":[0.36684188115261257,0.41701021853066844,0.61157116435369063],"Categories":["Metschnikowia dekortorum","Metschnikowia dekortorum","Metschnikowia","Metschnikowiaceae","Saccharomycetales"],"Properties":[3,3,5]}}