{"564":{"Path":["0","0","564","564"],"Coordinates":[0.68531486543585873,0.686867914033379,0.31973368443652916],"Categories":["Candida solani","Candida solani","Candida","","Saccharomycetales"],"Properties":[6,5,2]},"565":{"Path":["0","0","564","564"],"Coordinates":[0.68532298803740432,0.68687278105738148,0.31972070347456422],"Categories":["Candida solani","Candida solani","Candida","","Saccharomycetales"],"Properties":[6,5,2]}}