{"2832":{"Path":["0","0","2832","2832"],"Coordinates":[0.704662524111161,0.57956346906366951,0.1238804580602577],"Categories":["Candida sorbosivorans","Candida sorbosivorans","Candida","","Saccharomycetales"],"Properties":[7,4,1]}}