{"3856":{"Path":["0","0","1990","3856"],"Coordinates":[0.609543328299606,0.58913890356900178,0.47400159078799586],"Categories":["Cryptococcus mangaliensis","Cryptococcus mangaliensis","Cryptococcus","Tremellaceae","Tremellales"],"Properties":[6,4,4]},"3857":{"Path":["0","0","1990","3856"],"Coordinates":[0.61154124790058961,0.58904957893006715,0.47401998581137411],"Categories":["Cryptococcus mangaliensis","Cryptococcus mangaliensis","Cryptococcus","Tremellaceae","Tremellales"],"Properties":[6,4,4]}}