{"3553":{"Path":["0","0","3553","3553"],"Coordinates":[0.40566384835407548,0.12401237881183498,0.67256055010922056],"Categories":["Candida corydali","Candida corydali","Candida","","Saccharomycetales"],"Properties":[4,0,6]}}