{"311":{"Path":["6","6","203","311"],"Coordinates":[-0.33084167958491156,0.28447916548489532,0.051680468335857523],"Categories":["Cryptococcus curvatus","Cryptococcus curvatus","Cryptococcus","Tremellaceae","Tremellales"],"Properties":[-3,2,0]}}