{"26":{"Path":["0","0","26","26"],"Coordinates":[0.35295790980613762,0.37042485682994947,0.52415620352231],"Categories":["Pichia membranifaciens","Pichia membranifaciens","Pichia","Saccharomycetaceae","Saccharomycetales"],"Properties":[3,2,4]}}