{"42":{"Path":["0","0","47","47"],"Coordinates":[0.48911676256503539,0.569183356033311,0.4028708721463648],"Categories":["Candida glabrata","Candida glabrata","Candida","","Saccharomycetales"],"Properties":[4,4,3]},"43":{"Path":["0","0","47","47"],"Coordinates":[0.4667707241772035,0.55905498161942979,0.37204932738658031],"Categories":["Candida glabrata","Candida glabrata","Candida","","Saccharomycetales"],"Properties":[4,4,3]},"44":{"Path":["0","0","47","47"],"Coordinates":[0.49499978910816828,0.57184984638254255,0.41098523957939082],"Categories":["Candida glabrata","Candida glabrata","Candida","","Saccharomycetales"],"Properties":[4,4,3]},"45":{"Path":["0","0","47","47"],"Coordinates":[0.46730057864724867,0.55929513892789806,0.37278014745199622],"Categories":["Candida glabrata","Candida glabrata","Candida","","Saccharomycetales"],"Properties":[4,4,3]},"46":{"Path":["0","0","47","47"],"Coordinates":[0.49043183152716646,0.56977941295720225,0.40468472640835296],"Categories":["Candida glabrata","Candida glabrata","Candida","","Saccharomycetales"],"Properties":[4,4,3]},"47":{"Path":["0","0","47","47"],"Coordinates":[0.55418798163467609,0.598676980736044,0.49262259707013883],"Categories":["Candida glabrata","Candida glabrata","Candida","","Saccharomycetales"],"Properties":[5,4,4]},"48":{"Path":["0","0","47","47"],"Coordinates":[0.48820631182485597,0.56877069290107041,0.40161510152562047],"Categories":["Candida glabrata","Candida glabrata","Candida","","Saccharomycetales"],"Properties":[4,4,3]},"49":{"Path":["0","0","47","47"],"Coordinates":[0.49053245127586864,0.56982501899270621,0.40482350965527014],"Categories":["Candida glabrata","Candida glabrata","Candida","","Saccharomycetales"],"Properties":[4,4,3]},"50":{"Path":["0","0","47","47"],"Coordinates":[0.50576924468977547,0.57673111790082288,0.42583938304558078],"Categories":["Candida glabrata","Candida glabrata","Candida","","Saccharomycetales"],"Properties":[5,4,3]},"51":{"Path":["0","0","47","47"],"Coordinates":[0.48953177783342378,0.56937146229965352,0.40344329627067715],"Categories":["Candida glabrata","Candida glabrata","Candida","","Saccharomycetales"],"Properties":[4,4,3]},"52":{"Path":["0","0","47","47"],"Coordinates":[0.49810961737907861,0.57325938057867665,0.415274577572271],"Categories":["Candida glabrata","Candida glabrata","Candida","","Saccharomycetales"],"Properties":[4,4,3]},"59":{"Path":["0","0","47","47"],"Coordinates":[0.47780062012105723,0.56405429793863948,0.38726269200318575],"Categories":["Candida glabrata","Candida glabrata","Candida","","Saccharomycetales"],"Properties":[4,4,3]}}