{"1945":{"Path":["0","0","1946","1945"],"Coordinates":[0.42952408870511249,0.35376962945061341,0.45388471468981267],"Categories":["Candida tsuchiyae","Candida tsuchiyae","Candida","","Saccharomycetales"],"Properties":[4,2,4]}}