{"1503":{"Path":["0","0","1503","1503"],"Coordinates":[0.48335207997029295,0.38577849106074552,0.53038901948265083],"Categories":["Candida insectorum","Candida insectorum","Candida","","Saccharomycetales"],"Properties":[4,3,4]}}