{"4214":{"Path":["0","0","974","4214"],"Coordinates":[0.43076777034175334,0.54989138954304784,0.66033083656721459],"Categories":["Scheffersomyces xylosifermentans","Scheffersomyces xylosifermentans","Scheffersomyces","Debaryomycetaceae","Saccharomycetales"],"Properties":[4,4,5]}}