{"3567":{"Path":["0","0","2780","3567"],"Coordinates":[0.43433707924721587,0.450667681407737,0.65190490174641536],"Categories":["Cryptococcus stepposus","Cryptococcus stepposus","Cryptococcus","Tremellaceae","Tremellales"],"Properties":[4,3,5]}}