{"3734":{"Path":["0","0","1513","3734"],"Coordinates":[0.27509340034812851,0.35946081243826433,0.78513939416237144],"Categories":["Scheffersomyces lignicola","Scheffersomyces lignicola","Scheffersomyces","Debaryomycetaceae","Saccharomycetales"],"Properties":[2,2,7]},"3735":{"Path":["0","0","1513","3734"],"Coordinates":[0.27504682655443113,0.35943797024358093,0.785174244116231],"Categories":["Scheffersomyces lignicola","Scheffersomyces lignicola","Scheffersomyces","Debaryomycetaceae","Saccharomycetales"],"Properties":[2,2,7]}}