{"3797":{"Path":["0","0","3797","3797"],"Coordinates":[0.40426360608520084,0.59671146338269421,0.38380885550164895],"Categories":["Candida ruelliae","Candida ruelliae","Candida","","Saccharomycetales"],"Properties":[4,4,3]},"3887":{"Path":["0","0","3797","3887"],"Coordinates":[0.76960223487376633,0.26511465332235773,0.17048617971905297],"Categories":["Ambrosiozyma pseudovanderkliftii","Ambrosiozyma pseudovanderkliftii","Ambrosiozyma","","Saccharomycetales"],"Properties":[7,2,1]}}