{"4201":{"Path":["0","0","2401","4201"],"Coordinates":[0.47973716023230917,0.43010292210914086,0.616339357791086],"Categories":["Bandoniozyma visegradensis","Bandoniozyma visegradensis","Bandoniozyma","","Tremellales"],"Properties":[4,3,5]}}