{"1547":{"Path":["0","0","1630","1547"],"Coordinates":[0.60863434153893559,0.60479908678167349,0.42227593408676284],"Categories":["Cryptococcus bhutanensis","Cryptococcus bhutanensis","Cryptococcus","Tremellaceae","Tremellales"],"Properties":[6,4,3]}}