{"1267":{"Path":["0","0","1265","1267"],"Coordinates":[0.57455406965543487,0.52258137758032086,0.46164853531114508],"Categories":["Cyberlindnera americana","Cyberlindnera americana","Cyberlindnera","","Saccharomycetales"],"Properties":[5,4,4]}}