{"219":{"Path":["0","0","219","219"],"Coordinates":[0.46063348284320033,0.56012399942851221,0.56187414120860324],"Categories":["Torulaspora microellipsoides","Torulaspora microellipsoides","Torulaspora","Saccharomycetaceae","Saccharomycetales"],"Properties":[4,4,5]},"225":{"Path":["0","0","219","225"],"Coordinates":[0.47396405044642309,0.28504456277330859,0.31597082217212508],"Categories":["Torulaspora microellipsoides","Torulaspora microellipsoides","Torulaspora","Saccharomycetaceae","Saccharomycetales"],"Properties":[4,2,2]}}