{"2773":{"Path":["0","0","1265","2773"],"Coordinates":[0.41789688359639443,0.51459386810024033,0.59526582295802333],"Categories":["Candida mycetangii","Candida mycetangii","Candida","","Saccharomycetales"],"Properties":[4,4,5]}}