{"3278":{"Path":["0","0","3277","3278"],"Coordinates":[0.57411921254358766,0.40406977565735164,0.49782905054809451],"Categories":["Candida taliae","Candida taliae","Candida","","Saccharomycetales"],"Properties":[5,3,4]}}