{"623":{"Path":["0","0","37","623"],"Coordinates":[0.4778578704045775,0.34706662464192956,0.60891403798170218],"Categories":["Trichosporon porosum","Trichosporon porosum","Trichosporon","Trichosporonaceae","Tremellales"],"Properties":[4,2,5]}}