{"4205":{"Path":["0","0","4203","4205"],"Coordinates":[0.72872662451945569,0.45811717134965863,0.77324645585469387],"Categories":["Nakazawaea molendini-olei","Nakazawaea molendini-olei","Nakazawaea","Saccharomycetaceae","Saccharomycetales"],"Properties":[7,3,6]}}