{"4106":{"Path":["0","0","4106","4106"],"Coordinates":[0.76381761925700442,0.60236312296380323,0.52931384816946714],"Categories":["Candida bullrunensis","Candida bullrunensis","Candida","","Saccharomycetales"],"Properties":[7,4,4]}}