{"2630":{"Path":["0","2630","2630","2630"],"Coordinates":[0.78549244662343287,0.849914757305026,0.22820385677894917],"Categories":["Metschnikowia hibisci","Metschnikowia hibisci","Metschnikowia","Metschnikowiaceae","Saccharomycetales"],"Properties":[7,6,2]},"2631":{"Path":["0","2630","2630","2630"],"Coordinates":[0.785523120596482,0.84995251242491743,0.22815156809801088],"Categories":["Metschnikowia hibisci","Metschnikowia hibisci","Metschnikowia","Metschnikowiaceae","Saccharomycetales"],"Properties":[7,6,2]}}