{"1466":{"Path":["0","0","1466","1466"],"Coordinates":[0.7817754828535276,0.2206322365988001,0.48619951675559003],"Categories":["Ogataea philodendra","Ogataea philodendra","Ogataea","Saccharomycetaceae","Saccharomycetales"],"Properties":[7,1,4]},"1467":{"Path":["0","0","1466","1467"],"Coordinates":[0.77840438405785084,0.20645193964999187,0.489742802145367],"Categories":["Ogataea philodendra","Ogataea philodendra","Ogataea","Saccharomycetaceae","Saccharomycetales"],"Properties":[7,1,4]}}