{"1721":{"Path":["0","0","1722","1722"],"Coordinates":[0.29680189001849139,0.51640663631459616,0.46450067027269654],"Categories":["Candida fluviatilis","Candida fluviatilis","Candida","","Saccharomycetales"],"Properties":[2,4,4]},"1722":{"Path":["0","0","1722","1722"],"Coordinates":[0.29682605318807959,0.51641379353305339,0.46445749997514441],"Categories":["Candida fluviatilis","Candida fluviatilis","Candida","","Saccharomycetales"],"Properties":[2,4,4]}}