{"12":{"Path":["0","0","12","12"],"Coordinates":[0.558405295365154,0.75868744230241725,0.57749167666346157],"Categories":["Dekkera anomala","Dekkera anomala","Dekkera","Saccharomycetaceae","Saccharomycetales"],"Properties":[5,6,5]}}