{"794":{"Path":["0","794","794","794"],"Coordinates":[0.34929684192014859,0.47633563597655437,0.7218583420678869],"Categories":["Saccharomycopsis javanensis","Saccharomycopsis javanensis","Saccharomycopsis","Saccharomycopsidaceae","Saccharomycetales"],"Properties":[3,3,6]}}