{"3435":{"Path":["3435","3435","3435","3435"],"Coordinates":[0.23447557367981053,0.79559824421331937,0.33321315205800112],"Categories":["Candida bentonensis","Candida bentonensis","Candida","","Saccharomycetales"],"Properties":[2,6,2]}}