{"1187":{"Path":["0","0","1189","1187"],"Coordinates":[0.61103179161768018,0.27175974510750878,0.52122211857562029],"Categories":["Kodamaea ohmeri","Kodamaea ohmeri","Kodamaea","Saccharomycetaceae","Saccharomycetales"],"Properties":[6,2,4]},"1188":{"Path":["0","0","1189","1187"],"Coordinates":[0.61103776714487235,0.27174806937724072,0.52122764759680851],"Categories":["Kodamaea ohmeri","Kodamaea ohmeri","Kodamaea","Saccharomycetaceae","Saccharomycetales"],"Properties":[6,2,4]}}