{"2483":{"Path":["0","0","2483","2483"],"Coordinates":[0.73420397798255765,0.50787998949408064,0.46567290674522871],"Categories":["Sugiyamaella chiloensis","Sugiyamaella chiloensis","Sugiyamaella","Trichomonascaceae","Saccharomycetales"],"Properties":[7,4,4]}}