{"1598":{"Path":["0","0","1598","1598"],"Coordinates":[0.68939975807703979,0.47607129468331216,0.47457167228363922],"Categories":["Candida rugopelliculosa","Candida rugopelliculosa","Candida","","Saccharomycetales"],"Properties":[6,3,4]}}