{"1380":{"Path":["0","0","1380","1380"],"Coordinates":[0.4063250163163179,0.2348865962775061,0.52007559104880119],"Categories":["Candida grinbergsii","Candida grinbergsii","Candida","","Saccharomycetales"],"Properties":[4,1,4]}}