{"2186":{"Path":["0","0","2186","2186"],"Coordinates":[0.38774634174363415,0.58447258345055564,0.44017852606932217],"Categories":["Bullera miyagiana","Bullera miyagiana","Bullera","Tremellaceae","Tremellales"],"Properties":[3,4,3]},"2187":{"Path":["0","0","2186","2187"],"Coordinates":[0.36554709701888771,0.66651815413420235,0.72129804278701937],"Categories":["Bullera miyagiana","Bullera miyagiana","Bullera","Tremellaceae","Tremellales"],"Properties":[3,5,6]}}