{"644":{"Path":["0","0","644","644"],"Coordinates":[0.45900877003336227,0.67243507445048167,0.20279896166603684],"Categories":["Schizoblastosporion starkeyi-henricii","Schizoblastosporion starkeyi-henricii","Schizoblastosporion","","Saccharomycetales"],"Properties":[4,5,1]},"1681":{"Path":["0","0","644","1681"],"Coordinates":[0.49672560043410463,0.49998278045349487,0.42908823323489137],"Categories":["Nadsonia commutata","Nadsonia commutata","Nadsonia","Saccharomycodaceae","Saccharomycetales"],"Properties":[4,3,3]}}