{"1687":{"Path":["0","1324","1687","1687"],"Coordinates":[0.44311125770788828,0.85027365480645478,0.56607503129202941],"Categories":["Sporopachydermia cereana","Sporopachydermia cereana","Sporopachydermia","","Saccharomycetales"],"Properties":[4,6,5]}}