{"4047":{"Path":["0","0","4047","4047"],"Coordinates":[0.44678985436301671,0.42316526330603088,0.4906411719737474],"Categories":["Candida tanticharoeniae","Candida tanticharoeniae","Candida","","Saccharomycetales"],"Properties":[4,3,4]}}