{"833":{"Path":["0","0","833","833"],"Coordinates":[0.61119608416878035,0.7134978376665545,0.62301380248273464],"Categories":["Kluyveromyces wickerhamii","Kluyveromyces wickerhamii","Kluyveromyces","Saccharomycetaceae","Saccharomycetales"],"Properties":[6,5,5]}}