{"711":{"Path":["2","21","21","711"],"Coordinates":[-0.33918930844319872,0.32386395490257597,0.10953373520343523],"Categories":["Kregervanrija fluxuum","Kregervanrija fluxuum","Kregervanrija","Saccharomycetaceae","Saccharomycetales"],"Properties":[-3,2,0]},"2135":{"Path":["2","21","21","711"],"Coordinates":[-0.33553607096523169,0.32204739225447121,0.10953904682494685],"Categories":["Botryozyma nematodophila","Botryozyma nematodophila","Botryozyma","","Saccharomycetales"],"Properties":[-3,2,0]}}