{"69":{"Path":["2","18","69","69"],"Coordinates":[-0.43295700942921189,0.47126764895601236,-0.074121738906004472],"Categories":["Cryptococcus magnus","Cryptococcus magnus","Cryptococcus","Tremellaceae","Tremellales"],"Properties":[-4,3,0]},"718":{"Path":["2","18","69","718"],"Coordinates":[-0.43854164965758113,0.47951935233135073,-0.063171373387922239],"Categories":["Cryptococcus gastricus","Cryptococcus gastricus","Cryptococcus","Tremellaceae","Tremellales"],"Properties":[-4,3,0]},"768":{"Path":["2","18","69","768"],"Coordinates":[-0.4397460462070214,0.48205475076276627,-0.085477943987878446],"Categories":["Trichosporon asahii","Trichosporon coremiiforme","Trichosporon","Trichosporonaceae","Tremellales"],"Properties":[-4,3,0]}}