{"3669":{"Path":["0","0","3079","3669"],"Coordinates":[0.50408657047048766,0.33642413998554588,0.23168836099243709],"Categories":["Malassezia caprae","Malassezia caprae","Malassezia","","Malasseziales"],"Properties":[5,2,2]},"3670":{"Path":["0","0","3079","3669"],"Coordinates":[0.50287066868462094,0.33484927046682411,0.23148496356522555],"Categories":["Malassezia caprae","Malassezia caprae","Malassezia","","Malasseziales"],"Properties":[5,2,2]}}