{"4270":{"Path":["0","0","4270","4270"],"Coordinates":[0.41855073037098267,0.705296151577352,0.21438713839613904],"Categories":["Metschnikowia caudata","Metschnikowia caudata","Metschnikowia","Metschnikowiaceae","Saccharomycetales"],"Properties":[4,5,1]}}