{"3488":{"Path":["0","2609","3488","3488"],"Coordinates":[0.52195062953547433,0.77507230147386252,0.33298792397586369],"Categories":["Pseudozyma shanxiensis","Pseudozyma shanxiensis","Pseudozyma","Ustilaginaceae","Ustilaginales"],"Properties":[5,6,2]},"3489":{"Path":["0","2609","3488","3488"],"Coordinates":[0.5239254472845587,0.7813355974923839,0.33056486437233029],"Categories":["Pseudozyma shanxiensis","Pseudozyma shanxiensis","Pseudozyma","Ustilaginaceae","Ustilaginales"],"Properties":[5,6,2]}}