{"2058":{"Path":["0","0","2058","2058"],"Coordinates":[0.43710851368285997,0.26423976665837851,0.526966512110993],"Categories":["Saitoella complicata","Saitoella complicata","Saitoella","Protomycetaceae","Taphrinales"],"Properties":[4,2,4]}}