{"4238":{"Path":["0","0","974","4238"],"Coordinates":[0.43049735956192364,0.49220767573437113,0.45862668284093372],"Categories":["Scheffersomyces illinoinensis","Scheffersomyces illinoinensis","","",""],"Properties":[4,3,4]}}