{"1571":{"Path":["0","0","1571","1571"],"Coordinates":[0.51919990977897867,0.62674051429007949,0.59785151647175661],"Categories":["Wickerhamomyces mucosus","Wickerhamomyces mucosus","Wickerhamomyces","","Saccharomycetales"],"Properties":[5,5,5]}}