{"3971":{"Path":["0","0","3971","3971"],"Coordinates":[0.85758359791503525,0.77490058880826829,0.60344698389143425],"Categories":["Ogataea populialbae","Ogataea populialbae","Ogataea","Saccharomycetaceae","Saccharomycetales"],"Properties":[8,6,5]}}