{"3449":{"Path":["0","0","3451","3449"],"Coordinates":[0.16512195108767327,0.34683819175755981,0.38431608166174358],"Categories":["Candida ubatubensis","Candida ubatubensis","Candida","","Saccharomycetales"],"Properties":[1,2,3]},"3450":{"Path":["0","0","3451","3449"],"Coordinates":[0.16511515103638311,0.34683377891952361,0.38430190068284031],"Categories":["Candida ubatubensis","Candida ubatubensis","Candida","","Saccharomycetales"],"Properties":[1,2,3]}}