{"2924":{"Path":["0","0","2924","2924"],"Coordinates":[0.34288030805789477,0.29863516864239686,0.59817128702072109],"Categories":["Candida ortonii","Candida ortonii","Candida","","Saccharomycetales"],"Properties":[3,2,5]},"3252":{"Path":["0","0","2924","3252"],"Coordinates":[0.65003406917476736,0.14445473194877823,0.55023364609567826],"Categories":["Ogataea falcaomoraisii","Ogataea falcaomoraisii","Ogataea","Saccharomycetaceae","Saccharomycetales"],"Properties":[6,1,4]}}