{"2609":{"Path":["0","2609","2609","2609"],"Coordinates":[0.4571406202444051,0.58224746048778542,0.44372722388181585],"Categories":["Pseudozyma abaconensis","Pseudozyma abaconensis","Pseudozyma","Ustilaginaceae","Ustilaginales"],"Properties":[4,4,3]}}