{"1432":{"Path":["0","0","1435","1432"],"Coordinates":[0.45093960872834965,0.23458772823134319,0.31639394453355418],"Categories":["Candida naeodendra","Candida naeodendra","Candida","","Saccharomycetales"],"Properties":[4,1,2]}}