{"82":{"Path":["0","0","82","82"],"Coordinates":[0.72118524558377051,0.41159665636649179,0.47096148206778143],"Categories":["Candida stellata","Candida stellata","Candida","","Saccharomycetales"],"Properties":[7,3,4]},"86":{"Path":["0","0","82","86"],"Coordinates":[0.83593018022606835,0.71749042772598748,0.39619721984971318],"Categories":["Candida stellata","Candida stellata","Candida","","Saccharomycetales"],"Properties":[8,5,3]}}