{"2293":{"Path":["0","0","2293","2293"],"Coordinates":[0.59282089749725575,0.46030110886727382,0.51703073126426025],"Categories":["Malassezia obtusa","Malassezia obtusa","Malassezia","","Malasseziales"],"Properties":[5,3,4]}}