{"2559":{"Path":["0","0","2559","2559"],"Coordinates":[0.35112675464037751,0.5187393189573567,0.50751214452535365],"Categories":["Hannaella coprosmaensis","Hannaella coprosmaensis","Hannaella","","Tremellales"],"Properties":[3,4,4]}}