{"3452":{"Path":["0","2609","3452","3452"],"Coordinates":[0.58154134071811447,0.517670938482487,0.59050521601518924],"Categories":["Pseudozyma parantarctica","Pseudozyma parantarctica","Pseudozyma","Ustilaginaceae","Ustilaginales"],"Properties":[5,4,5]}}