{"6":{"Path":["6","6","6","6"],"Coordinates":[-0.3166393225492371,0.31386497152297482,0.037170464776224967],"Categories":["Dekkera bruxellensis","Dekkera bruxellensis","Dekkera","Saccharomycetaceae","Saccharomycetales"],"Properties":[-3,2,0]},"13":{"Path":["6","13","13","13"],"Coordinates":[-0.37983189685470342,0.23428042384255321,0.11227845046456388],"Categories":["Dekkera anomala","Dekkera anomala","Dekkera","Saccharomycetaceae","Saccharomycetales"],"Properties":[-3,1,1]},"47":{"Path":["6","47","47","47"],"Coordinates":[-0.25650302096342387,0.28662282687910379,-0.055034968017633946],"Categories":["Candida glabrata","Candida glabrata","Candida","","Saccharomycetales"],"Properties":[-2,2,0]}}