{"3346":{"Path":["0","0","3346","3346"],"Coordinates":[0.28866263965399891,0.69266054567770619,0.26309898541529908],"Categories":["Candida derodonti","Candida derodonti","Candida","","Saccharomycetales"],"Properties":[2,5,2]}}