{"3644":{"Path":["0","0","3644","3644"],"Coordinates":[0.5205478291919774,0.28804928605252705,0.49951235496354868],"Categories":["Candida gatunensis","Candida gatunensis","Candida","","Saccharomycetales"],"Properties":[5,2,4]}}