{"3277":{"Path":["0","0","3277","3277"],"Coordinates":[0.60002120456281494,0.424162340100432,0.45730863062583327],"Categories":["Candida anneliseae","Candida anneliseae","Candida","","Saccharomycetales"],"Properties":[6,3,4]}}