{"3486":{"Path":["0","0","3486","3486"],"Coordinates":[0.78380878571628854,0.33972010734935776,0.69316191689250417],"Categories":["Dipodascus tetrasporeus","Dipodascus tetrasporeus","Dipodascus","Dipodascaceae","Saccharomycetales"],"Properties":[7,2,6]}}