{"1051":{"Path":["0","0","1051","1051"],"Coordinates":[0.57366295219518515,0.55040673114468985,0.7216508096625841],"Categories":["Sterigmatomyces halophilus","Sterigmatomyces halophilus","Sterigmatomyces","Agaricostilbaceae","Agaricostilbales"],"Properties":[5,4,6]}}