{"372":{"Path":["4","27","27","372"],"Coordinates":[-0.5354282525270615,0.66491939324682536,-0.061224650278251608],"Categories":["Zygosaccharomyces bisporus","Zygosaccharomyces bisporus","Zygosaccharomyces","Saccharomycetaceae","Saccharomycetales"],"Properties":[-5,5,0]},"2417":{"Path":["4","27","27","372"],"Coordinates":[-0.52991088645438766,0.66782030294840611,-0.060750396126407917],"Categories":["Ogataea salicorniae","Ogataea salicorniae","Ogataea","Saccharomycetaceae","Saccharomycetales"],"Properties":[-5,5,0]}}