{"4128":{"Path":["0","0","4129","4129"],"Coordinates":[0.665547877815747,0.13325667170312719,0.63408068312541832],"Categories":["Candida loeiensis","Candida loeiensis","Candida","","Saccharomycetales"],"Properties":[6,1,5]},"4129":{"Path":["0","0","4129","4129"],"Coordinates":[0.66479218915217131,0.13302600257430947,0.63343356871651824],"Categories":["Candida loeiensis","Candida loeiensis","Candida","","Saccharomycetales"],"Properties":[6,1,5]}}