{"1700":{"Path":["0","0","37","1700"],"Coordinates":[0.487635878586687,0.47034946440091269,0.36250494587248039],"Categories":["Dioszegia crocea","Dioszegia crocea","Dioszegia","Tremellaceae","Tremellales"],"Properties":[4,3,3]}}