{"3449":{"Path":["0","0","3451","3449"],"Coordinates":[0.61650015044836737,0.77094756987883073,0.39566999810802156],"Categories":["Candida ubatubensis","Candida ubatubensis","Candida","","Saccharomycetales"],"Properties":[6,6,3]},"3450":{"Path":["0","0","3451","3449"],"Coordinates":[0.61653391481455,0.77098944705652772,0.39568385202908718],"Categories":["Candida ubatubensis","Candida ubatubensis","Candida","","Saccharomycetales"],"Properties":[6,6,3]}}