{"2069":{"Path":["0","0","2069","2069"],"Coordinates":[0.45283837564732482,0.62003716337587111,-0.18507436259665708],"Categories":["Candida vaccinii","Candida vaccinii","Candida","","Saccharomycetales"],"Properties":[4,4,-1]}}