{"2676":{"Path":["0","0","2676","2676"],"Coordinates":[0.2432533517823775,0.39788087023185909,0.54448209777832057],"Categories":["Rhodotorula eucalyptica","Rhodotorula eucalyptica","Rhodotorula","","Sporidiobolales"],"Properties":[2,3,4]}}