{"3794":{"Path":["0","0","3794","3794"],"Coordinates":[0.66282372208643192,0.15743482060151259,0.47715249443494928],"Categories":["Hannaella zeae","Hannaella zeae","Hannaella","","Tremellales"],"Properties":[6,1,4]}}