{"4112":{"Path":["0","0","4112","4112"],"Coordinates":[0.47286427613395016,0.56702218893891,0.20885442289638184],"Categories":["Wickerhamomyces ochangensis","Wickerhamomyces ochangensis","Wickerhamomyces","","Saccharomycetales"],"Properties":[4,4,1]}}