{"2963":{"Path":["0","0","2963","2963"],"Coordinates":[0.74880931506747739,0.49195439168939814,0.57781094513296172],"Categories":["Tetrapisispora fleetii","Tetrapisispora fleetii","Tetrapisispora","Saccharomycetaceae","Saccharomycetales"],"Properties":[7,3,5]}}