{"49":{"Path":["4","49","49","49"],"Coordinates":[-0.43265918491168154,0.62349850229651427,-0.0766125308369676],"Categories":["Candida glabrata","Candida glabrata","Candida","","Saccharomycetales"],"Properties":[-4,4,0]}}