{"1025":{"Path":["0","0","1025","1025"],"Coordinates":[0.36166932342721281,0.45179299317807753,0.43202230493343252],"Categories":["Tetrapisispora phaffii","Tetrapisispora phaffii","Tetrapisispora","Saccharomycetaceae","Saccharomycetales"],"Properties":[3,3,3]}}