{"0":{"Path":["0","0","0","0"],"Coordinates":[-0.32822036937721366,0.38385444398866647,0.018245979192615044],"Categories":["Rhodotorula glutinis","Rhodotorula glutinis","Rhodotorula","","Sporidiobolales"],"Properties":[-3,3,0]},"1":{"Path":["1","1","1","1"],"Coordinates":[-0.3478680013593175,0.13948494857073907,-0.22172514255399028],"Categories":["Rhodotorula glutinis","Rhodotorula glutinis","Rhodotorula","","Sporidiobolales"],"Properties":[-3,1,-1]},"2":{"Path":["2","2","2","2"],"Coordinates":[-0.3299792077933148,0.42448369791748974,0.048504421794087982],"Categories":["Rhodotorula glutinis","Rhodotorula glutinis","Rhodotorula","","Sporidiobolales"],"Properties":[-3,3,0]},"3":{"Path":["3","3","3","3"],"Coordinates":[-0.36208619985506646,0.26557594492113556,-0.25684910138938005],"Categories":["Candida lactis-condensi","Candida lactis-condensi","Candida","","Saccharomycetales"],"Properties":[-3,2,-2]},"4":{"Path":["4","4","4","4"],"Coordinates":[-0.48307211704402209,0.68496463483366954,0.028318637441826069],"Categories":["Dekkera bruxellensis","Dekkera bruxellensis","Dekkera","Saccharomycetaceae","Saccharomycetales"],"Properties":[-4,5,0]},"5":{"Path":["5","5","5","5"],"Coordinates":[-0.61370898952637432,0.35245512209681312,-0.087075711303322867],"Categories":["Dekkera bruxellensis","Dekkera bruxellensis","Dekkera","Saccharomycetaceae","Saccharomycetales"],"Properties":[-6,2,0]},"6":{"Path":["6","6","6","6"],"Coordinates":[-0.3166393225492371,0.31386497152297482,0.037170464776224967],"Categories":["Dekkera bruxellensis","Dekkera bruxellensis","Dekkera","Saccharomycetaceae","Saccharomycetales"],"Properties":[-3,2,0]},"7":{"Path":["7","7","7","7"],"Coordinates":[-0.52279178999295384,0.5300988168448294,-0.16745541258346214],"Categories":["Dekkera bruxellensis","Dekkera bruxellensis","Dekkera","Saccharomycetaceae","Saccharomycetales"],"Properties":[-5,4,-1]},"8":{"Path":["8","8","8","8"],"Coordinates":[-0.59683924151053136,0.44699301132402658,0.031638132029525985],"Categories":["Dekkera bruxellensis","Dekkera bruxellensis","Dekkera","Saccharomycetaceae","Saccharomycetales"],"Properties":[-5,3,0]},"9":{"Path":["9","9","9","9"],"Coordinates":[-0.39544383792155091,0.46476370914954518,-0.21586203208043156],"Categories":["Dekkera bruxellensis","Dekkera bruxellensis","Dekkera","Saccharomycetaceae","Saccharomycetales"],"Properties":[-3,3,-1]}}