{"3906":{"Path":["0","0","3906","3906"],"Coordinates":[0.66618478142500315,0.96115001646195575,0.53744393561163],"Categories":["Jaminaea angkorensis","Jaminaea angkorensis","Jaminaea","","Microstromatales"],"Properties":[6,7,4]}}