{"879":{"Path":["0","0","879","879"],"Coordinates":[0.41562768774365894,0.56795447990502257,0.4782868659505064],"Categories":["Kazachstania spencerorum","Kazachstania spencerorum","Kazachstania","Saccharomycetaceae","Saccharomycetales"],"Properties":[4,4,4]}}