{"74":{"Path":["5","5","74","74"],"Coordinates":[-0.58643818773486445,0.32308710048707151,-0.076749681195723521],"Categories":["Cryptococcus aerius","Cryptococcus aerius","Cryptococcus","Tremellaceae","Tremellales"],"Properties":[-5,2,0]}}