{"482":{"Path":["0","0","483","482"],"Coordinates":[0.79980942469590943,0.33923288576730742,0.65603268365033485],"Categories":["Trigonopsis variabilis","Trigonopsis variabilis","Trigonopsis","","Saccharomycetales"],"Properties":[7,2,5]},"483":{"Path":["0","0","483","483"],"Coordinates":[0.79501222946589911,0.34767781064335235,0.63639857663320787],"Categories":["Trigonopsis variabilis","Trigonopsis variabilis","Trigonopsis","","Saccharomycetales"],"Properties":[7,2,5]}}