{"4082":{"Path":["0","0","0","4082"],"Coordinates":[0.76889314462688585,0.44479938969346211,0.39741977819632385],"Categories":["Rhodotorula taiwanensis","Rhodotorula taiwanensis","Rhodotorula","","Sporidiobolales"],"Properties":[7,3,3]},"4083":{"Path":["0","0","0","4082"],"Coordinates":[0.770766425261083,0.44496392579180932,0.39673878808041413],"Categories":["Rhodotorula taiwanensis","Rhodotorula taiwanensis","Rhodotorula","","Sporidiobolales"],"Properties":[7,3,3]}}