{"4030":{"Path":["0","0","4030","4030"],"Coordinates":[0.44635059906667,0.62760663881416079,0.53172617015312906],"Categories":["Candida palmyrensis","Candida palmyrensis","Candida","","Saccharomycetales"],"Properties":[4,5,4]}}