{"3446":{"Path":["0","0","3446","3446"],"Coordinates":[0.58567991575137146,0.75863694196807541,0.55646405505755825],"Categories":["Candida heliconiae","Candida heliconiae","Candida","","Saccharomycetales"],"Properties":[5,6,5]}}