{"3003":{"Path":["0","0","3003","3003"],"Coordinates":[0.36499597704137554,0.42694087187781554,0.6056277291777693],"Categories":["Metschnikowia dekortorum","Metschnikowia dekortorum","Metschnikowia","Metschnikowiaceae","Saccharomycetales"],"Properties":[3,3,5]}}