{"931":{"Path":["0","0","582","931"],"Coordinates":[0.44012807566341189,0.65543928849447175,0.35410407594317939],"Categories":["Candida friedrichii","Candida friedrichii","Candida","","Saccharomycetales"],"Properties":[4,5,3]},"932":{"Path":["0","0","582","931"],"Coordinates":[0.44012003630254387,0.65543919457665767,0.35409093589568],"Categories":["Candida friedrichii","Candida friedrichii","Candida","","Saccharomycetales"],"Properties":[4,5,3]}}