{"2024":{"Path":["0","0","2024","2024"],"Coordinates":[0.50287077134661051,0.52481011943736411,0.38504186457703654],"Categories":["Bensingtonia subrosea","Bensingtonia subrosea","Bensingtonia","Agaricostilbaceae","Agaricostilbales"],"Properties":[5,4,3]}}