{"1615":{"Path":["0","1615","1615","1615"],"Coordinates":[0.36447797878859539,0.24092890401265116,0.57016250108761368],"Categories":["Farysizyma acheniorum","Farysizyma acheniorum","Farysizyma","","Ustilaginales"],"Properties":[3,1,5]}}