{"915":{"Path":["0","915","915","915"],"Coordinates":[0.34249845006914953,0.64723511900830166,0.38794876148188562],"Categories":["Zygoascus meyerae","Zygoascus meyerae","Zygoascus","","Saccharomycetales"],"Properties":[3,5,3]}}