{"3499":{"Path":["0","2609","3499","3499"],"Coordinates":[0.397541057146573,0.36094820388703913,0.5912924782146205],"Categories":["Pseudozyma graminicola","Pseudozyma graminicola","Pseudozyma","Ustilaginaceae","Ustilaginales"],"Properties":[3,2,5]}}