{"3925":{"Path":["0","0","3924","3925"],"Coordinates":[0.574889328403042,0.29104961861020012,0.37450942917076246],"Categories":["Candida jalapaonensis","Candida jalapaonensis","Candida","","Saccharomycetales"],"Properties":[5,2,3]}}