{"2994":{"Path":["0","2134","2134","2994"],"Coordinates":[0.67349787229404912,0.42223413705124252,0.555652227478024],"Categories":["Botryozyma mucatilis","Botryozyma mucatilis","Botryozyma","","Saccharomycetales"],"Properties":[6,3,5]}}