{"1503":{"Path":["0","0","1503","1503"],"Coordinates":[0.21268706555153169,0.62092565518903187,0.63450796125989539],"Categories":["Candida insectorum","Candida insectorum","Candida","","Saccharomycetales"],"Properties":[2,4,5]}}