{"2742":{"Path":["0","0","2741","2742"],"Coordinates":[0.67409104317440049,0.62691259177116843,0.094887027451959],"Categories":["Kodamaea kakaduensis","Kodamaea kakaduensis","Kodamaea","Saccharomycetaceae","Saccharomycetales"],"Properties":[6,5,0]}}