{"3860":{"Path":["0","0","3859","3860"],"Coordinates":[0.44826184236175848,0.42749680018212755,0.5854743340983144],"Categories":["Cryptococcus metallitolerans","Cryptococcus metallitolerans","Cryptococcus","Tremellaceae","Tremellales"],"Properties":[4,3,5]}}