{"3821":{"Path":["0","0","3821","3821"],"Coordinates":[0.8894850093278307,0.20879706308040275,0.048527444995836173],"Categories":["Mrakiella cryoconiti","Mrakiella cryoconiti","Mrakiella","","Cystofilobasidiales"],"Properties":[8,1,0]}}