{"172":{"Path":["0","0","172","172"],"Coordinates":[0.89288204913171654,0.065252043624771633,0.27046309003502172],"Categories":["Cryptococcus flavus","Cryptococcus flavus","Cryptococcus","Tremellaceae","Tremellales"],"Properties":[8,0,2]}}