{"3276":{"Path":["0","0","3276","3276"],"Coordinates":[0.39726445186850856,0.39604219244664612,0.26156301306437063],"Categories":["Candida maxii","Candida maxii","Candida","","Saccharomycetales"],"Properties":[3,3,2]}}