{"3939":{"Path":["0","0","3939","3939"],"Coordinates":[0.13533667330188137,0.68934207213269849,0.476164477922952],"Categories":["Candida awuaii","Candida awuaii","Candida","","Saccharomycetales"],"Properties":[1,5,4]}}