{"3355":{"Path":["0","0","3355","3355"],"Coordinates":[0.53926601305544219,0.49442147514966256,0.56867425615531353],"Categories":["Geotrichum cucujoidarum","Geotrichum cucujoidarum","Geotrichum","Dipodascaceae","Saccharomycetales"],"Properties":[5,3,5]}}