{"186":{"Path":["3","46","186","186"],"Coordinates":[-0.32146259549510997,0.22391138352143983,-0.17768732058090275],"Categories":["Kazachstania exigua","Kazachstania exigua","Kazachstania","Saccharomycetaceae","Saccharomycetales"],"Properties":[-3,1,-1]},"218":{"Path":["3","46","186","218"],"Coordinates":[-0.31698904903961417,0.22345267550885017,-0.18673856756709584],"Categories":["Naumovozyma dairenensis","Naumovozyma dairenensis","Naumovozyma","Saccharomycetaceae","Saccharomycetales"],"Properties":[-3,1,-1]}}