{"4019":{"Path":["4019","4019","4019","4019"],"Coordinates":[0.4470898313748487,0.60020793006762574,0.7404990298658557],"Categories":["Prototheca stagnorum","Prototheca stagnorum","Prototheca","",""],"Properties":[4,4,6]},"4020":{"Path":["4019","4019","4019","4019"],"Coordinates":[0.44709255531877395,0.60015178566750738,0.740463194533748],"Categories":["Prototheca stagnorum","Prototheca stagnorum","Prototheca","",""],"Properties":[4,4,6]}}