{"854":{"Path":["0","0","854","854"],"Coordinates":[0.65857955062490825,0.69411252981568017,0.63230875794580887],"Categories":["Candida apicola","Candida apicola","Candida","","Saccharomycetales"],"Properties":[6,5,5]}}