{"1":{"Path":["1","1","1","1"],"Coordinates":[-0.3478680013593175,0.13948494857073907,-0.22172514255399028],"Categories":["Rhodotorula glutinis","Rhodotorula glutinis","Rhodotorula","","Sporidiobolales"],"Properties":[-3,1,-1]},"84":{"Path":["1","1","84","84"],"Coordinates":[-0.32179314443828844,0.15717751004766295,-0.22437568109528411],"Categories":["Candida stellata","Candida stellata","Candida","","Saccharomycetales"],"Properties":[-3,1,-2]},"123":{"Path":["1","1","123","123"],"Coordinates":[-0.381325694013521,0.12072921615428899,-0.22437379266438329],"Categories":["Barnettozyma californica","Barnettozyma californica","Barnettozyma","","Saccharomycetales"],"Properties":[-3,0,-2]}}