{"2537":{"Path":["0","0","37","2537"],"Coordinates":[0.67085083732387663,0.45703118346985283,0.33690557604604515],"Categories":["Trichosporon sporotrichoides","Trichosporon sporotrichoides","Trichosporon","Trichosporonaceae","Tremellales"],"Properties":[6,3,3]}}