{"2927":{"Path":["0","0","2927","2927"],"Coordinates":[0.34145821653473363,0.48551379108007414,0.55842580705285516],"Categories":["Candida ambrosiae","Candida ambrosiae","Candida","","Saccharomycetales"],"Properties":[3,3,5]}}