{"2855":{"Path":["0","0","2855","2855"],"Coordinates":[0.51598161430185985,0.76794322940958371,0.20753583015419472],"Categories":["Candida ghanaensis","Candida ghanaensis","Candida","","Saccharomycetales"],"Properties":[5,6,1]}}