{"1143":{"Path":["0","0","1143","1143"],"Coordinates":[0.66156215596605239,0.16573920513051471,0.27344740665519091],"Categories":["Candida allociferrii","Candida allociferrii","Candida","","Saccharomycetales"],"Properties":[6,1,2]}}