{"2922":{"Path":["0","0","2922","2922"],"Coordinates":[0.35791532356185873,0.42749563903910565,0.24317246793300035],"Categories":["Candida galis","Candida galis","Candida","","Saccharomycetales"],"Properties":[3,3,2]}}