{"3598":{"Path":["0","0","3598","3598"],"Coordinates":[0.57267025071917466,0.49315881103068532,0.74793914049947507],"Categories":["Metschnikowia orientalis","Metschnikowia orientalis","Metschnikowia","Metschnikowiaceae","Saccharomycetales"],"Properties":[5,3,6]}}