{"4118":{"Path":["0","0","4118","4118"],"Coordinates":[0.81098363487307146,0.45688124819023035,0.73305668041422223],"Categories":["Candida oceani","Candida oceani","Candida","","Saccharomycetales"],"Properties":[8,3,6]}}