{"3724":{"Path":["0","0","3724","3724"],"Coordinates":[0.4009907497360265,0.57424954013812279,0.58312061850694374],"Categories":["Candida dajiaensis","Candida dajiaensis","Candida","","Saccharomycetales"],"Properties":[4,4,5]}}