{"4158":{"Path":["0","0","4158","4158"],"Coordinates":[0.42103305323353174,0.67649852211374351,0.17260833686197935],"Categories":["Derxomyces amylogenes","Derxomyces amylogenes","Derxomyces","","Tremellales"],"Properties":[4,5,1]}}