{"4073":{"Path":["4073","4073","4073","4073"],"Coordinates":[0.012344581709977156,0.70342823441837654,0.28543256927976107],"Categories":["Malassezia cuniculi","Malassezia cuniculi","Malassezia","","Malasseziales"],"Properties":[0,5,2]}}