{"107":{"Path":["0","0","107","107"],"Coordinates":[0.68177988706662884,0.342790359618356,0.43388141968451716],"Categories":["Candida inconspicua","Candida inconspicua","Candida","","Saccharomycetales"],"Properties":[6,2,3]},"1781":{"Path":["0","0","107","1781"],"Coordinates":[0.4950400126934727,0.511898998307867,0.28108622207145556],"Categories":["Pichia cactophila","Pichia cactophila","Pichia","Saccharomycetaceae","Saccharomycetales"],"Properties":[4,4,2]}}