{"784":{"Path":["0","0","785","785"],"Coordinates":[0.73972654393606452,0.90189574363997116,0.77698781118344806],"Categories":["Saccharomycopsis capsularis","Saccharomycopsis capsularis","Saccharomycopsis","Saccharomycopsidaceae","Saccharomycetales"],"Properties":[7,7,6]},"785":{"Path":["0","0","785","785"],"Coordinates":[0.7397294795607865,0.90188817373041308,0.77697206798754226],"Categories":["Saccharomycopsis capsularis","Saccharomycopsis capsularis","Saccharomycopsis","Saccharomycopsidaceae","Saccharomycetales"],"Properties":[7,7,6]}}