{"2678":{"Path":["0","0","2678","2678"],"Coordinates":[0.50151990023174231,0.40152367437396475,0.25352143868772103],"Categories":["Danielozyma ontarioensis","Danielozyma ontarioensis","Danielozyma","",""],"Properties":[5,3,2]},"2679":{"Path":["0","0","2678","2678"],"Coordinates":[0.50153238636165187,0.40151107604045022,0.25351424982629606],"Categories":["Danielozyma ontarioensis","Danielozyma ontarioensis","Danielozyma","",""],"Properties":[5,3,2]}}