{"3032":{"Path":["0","0","3032","3032"],"Coordinates":[0.710009914565455,0.42699504226808915,0.71672842544937576],"Categories":["Udeniomyces pannonicus","Udeniomyces pannonicus","Udeniomyces","","Cystofilobasidiales"],"Properties":[7,3,6]}}