{"3550":{"Path":["0","0","3550","3550"],"Coordinates":[0.60396084413440931,0.574278136230332,0.3371299388580633],"Categories":["Candida chauliodes","Candida chauliodes","Candida","","Saccharomycetales"],"Properties":[6,4,3]}}