{"2955":{"Path":["0","0","2955","2955"],"Coordinates":[0.40227174577466085,0.56164910624734665,0.40741335799045375],"Categories":["Sporobolomyces yunnanensis","Sporobolomyces yunnanensis","Sporobolomyces","","Sporidiobolales"],"Properties":[4,4,3]}}