{"74":{"Path":["0","0","74","74"],"Coordinates":[0.51684311711800757,0.43072768590818156,0.57020763591680257],"Categories":["Cryptococcus aerius","Cryptococcus aerius","Cryptococcus","Tremellaceae","Tremellales"],"Properties":[5,3,5]},"75":{"Path":["0","0","74","74"],"Coordinates":[0.51686593084421506,0.4307205455024673,0.5702065417675],"Categories":["Cryptococcus aerius","Cryptococcus aerius","Cryptococcus","Tremellaceae","Tremellales"],"Properties":[5,3,5]},"76":{"Path":["0","0","74","74"],"Coordinates":[0.516838699078934,0.43072784631497057,0.57020893180346688],"Categories":["Cryptococcus aerius","Cryptococcus aerius","Cryptococcus","Tremellaceae","Tremellales"],"Properties":[5,3,5]},"77":{"Path":["0","0","74","74"],"Coordinates":[0.51685876284502819,0.430723061531975,0.57020664415987754],"Categories":["Cryptococcus aerius","Cryptococcus aerius","Cryptococcus","Tremellaceae","Tremellales"],"Properties":[5,3,5]},"936":{"Path":["0","0","74","74"],"Coordinates":[0.51683717300117282,0.43072813040503805,0.57020917657054415],"Categories":["Cryptococcus aerius","Cryptococcus aerius","Cryptococcus","Tremellaceae","Tremellales"],"Properties":[5,3,5]},"937":{"Path":["0","0","74","74"],"Coordinates":[0.51685575763501768,0.43072380027147772,0.57020696645073632],"Categories":["Cryptococcus aerius","Cryptococcus aerius","Cryptococcus","Tremellaceae","Tremellales"],"Properties":[5,3,5]}}