{"1072":{"Path":["0","0","1072","1072"],"Coordinates":[0.80541361616063423,0.219883399813942,0.43329474047408656],"Categories":["Metschnikowia zobellii","Metschnikowia zobellii","Metschnikowia","Metschnikowiaceae","Saccharomycetales"],"Properties":[8,1,3]}}