{"2871":{"Path":["0","0","2871","2871"],"Coordinates":[0.51817377468537307,0.52214734960426179,0.42761406293103216],"Categories":["Holtermanniella nyarrowii","Holtermanniella nyarrowii","Holtermanniella","",""],"Properties":[5,4,3]},"3116":{"Path":["0","0","2871","3116"],"Coordinates":[0.44137490220387365,0.60363133386000178,0.26747474595805293],"Categories":["Holtermanniella wattica","Holtermanniella wattica","Holtermanniella","",""],"Properties":[4,4,2]}}