{"55":{"Path":["0","55","55","55"],"Coordinates":[0.69613864574017226,0.40246037157088882,0.418473774331522],"Categories":["Candida glabrata","Candida glabrata","Candida","","Saccharomycetales"],"Properties":[6,3,3]}}