{"121":{"Path":["3","36","121","121"],"Coordinates":[-0.23410880689113833,0.20237806987318902,-0.18849708093258566],"Categories":["Pichia punctispora","Pichia punctispora","Pichia","Saccharomycetaceae","Saccharomycetales"],"Properties":[-2,1,-1]}}