{"1772":{"Path":["0","0","1184","1772"],"Coordinates":[0.57308646744668512,0.34874613238275709,0.4748158144908739],"Categories":["Candida pseudointermedia","Candida pseudointermedia","Candida","","Saccharomycetales"],"Properties":[5,2,4]},"1773":{"Path":["0","0","1184","1772"],"Coordinates":[0.57102146217547456,0.34868577281877922,0.47699115583257395],"Categories":["Candida pseudointermedia","Candida pseudointermedia","Candida","","Saccharomycetales"],"Properties":[5,2,4]}}