{"2137":{"Path":["0","0","2137","2137"],"Coordinates":[0.59635888863687736,0.41549254526290247,0.44890056158677316],"Categories":["Sympodiomycopsis paphiopedili","Sympodiomycopsis paphiopedili","Sympodiomycopsis","Microstromataceae","Microstromatales"],"Properties":[5,3,4]}}