{"3092":{"Path":["0","0","3092","3092"],"Coordinates":[0.73585158969371478,0.18668659129778034,0.4014142451631077],"Categories":["Candida suzukii","Candida suzukii","Candida","","Saccharomycetales"],"Properties":[7,1,3]},"3093":{"Path":["0","0","3092","3092"],"Coordinates":[0.7420342626808889,0.19086144219025295,0.39810044704267439],"Categories":["Candida suzukii","Candida suzukii","Candida","","Saccharomycetales"],"Properties":[7,1,3]}}