{"3524":{"Path":["0","0","3524","3524"],"Coordinates":[0.34777056788715111,0.62663207477519989,0.52184738721246549],"Categories":["Candida scorzettiae","Candida scorzettiae","Candida","","Saccharomycetales"],"Properties":[3,5,4]}}