{"3550":{"Path":["0","0","3550","3550"],"Coordinates":[0.411496399627782,0.53762924149264235,0.65900484115355518],"Categories":["Candida chauliodes","Candida chauliodes","Candida","","Saccharomycetales"],"Properties":[4,4,5]}}