{"2178":{"Path":["0","0","2178","2178"],"Coordinates":[0.795982349700844,0.58216162412865491,0.2714583902174813],"Categories":["Sugiyamaella smithiae","Sugiyamaella smithiae","Sugiyamaella","Trichomonascaceae","Saccharomycetales"],"Properties":[7,4,2]}}