{"3277":{"Path":["0","0","3277","3277"],"Coordinates":[0.57245608103568557,0.28412542531006851,0.777406972484155],"Categories":["Candida anneliseae","Candida anneliseae","Candida","","Saccharomycetales"],"Properties":[5,2,6]}}