{"1492":{"Path":["0","0","357","1492"],"Coordinates":[0.6480679767488301,0.70340015392981592,0.20805609890415713],"Categories":["Hyphopichia heimii","Hyphopichia heimii","Hyphopichia","Saccharomycetaceae","Saccharomycetales"],"Properties":[6,5,1]},"1493":{"Path":["0","0","357","1492"],"Coordinates":[0.648121111164466,0.70336946132071343,0.20804429029211158],"Categories":["Hyphopichia heimii","Hyphopichia heimii","Hyphopichia","Saccharomycetaceae","Saccharomycetales"],"Properties":[6,5,1]}}