{"1964":{"Path":["0","0","1965","1964"],"Coordinates":[0.44822498517881504,0.66337170786905231,0.47502744272591579],"Categories":["Wickerhamomyces hampshirensis","Wickerhamomyces hampshirensis","Wickerhamomyces","","Saccharomycetales"],"Properties":[4,5,4]}}