{"2566":{"Path":["0","0","2098","2566"],"Coordinates":[0.426711229954797,0.3044146004217449,0.7053332552089423],"Categories":["Derxomyces huiaensis","Derxomyces huiaensis","Derxomyces","","Tremellales"],"Properties":[4,2,6]}}