{"669":{"Path":["1","34","117","669"],"Coordinates":[-0.26082192699967915,0.20308220995012324,-0.19086282382943393],"Categories":["Kazachstania transvaalensis","Kazachstania transvaalensis","Kazachstania","Saccharomycetaceae","Saccharomycetales"],"Properties":[-2,1,-1]},"4229":{"Path":["1","34","117","669"],"Coordinates":[-0.25999009719400029,0.20238610659105033,-0.18811510202902468],"Categories":["Diddensiella caesifluorescens","Diddensiella caesifluorescens","Diddensiella","Trichomonascaceae","Saccharomycetales"],"Properties":[-2,1,-1]}}