{"2610":{"Path":["0","2609","2610","2610"],"Coordinates":[0.62372928199387734,0.36205150619056253,0.70371087187428838],"Categories":["Pseudozyma abaconensis","Pseudozyma abaconensis","Pseudozyma","Ustilaginaceae","Ustilaginales"],"Properties":[6,2,6]}}