{"666":{"Path":["0","0","666","666"],"Coordinates":[0.71434461678553518,0.80164067996957011,0.37993572775445544],"Categories":["Kazachstania transvaalensis","Kazachstania transvaalensis","Kazachstania","Saccharomycetaceae","Saccharomycetales"],"Properties":[7,6,3]}}