{"1557":{"Path":["0","0","1557","1557"],"Coordinates":[0.37218078173030245,0.51596015878173707,0.29290297486028877],"Categories":["Kazachstania martiniae","Kazachstania martiniae","Kazachstania","Saccharomycetaceae","Saccharomycetales"],"Properties":[3,4,2]}}