{"4223":{"Path":["0","0","707","4223"],"Coordinates":[0.26692425985771251,0.31847741025954229,0.50228063074763785],"Categories":["Tortispora ganteri","Tortispora ganteri","Tortispora","Trigonopsidaceae","Saccharomycetales"],"Properties":[2,2,4]}}