{"1315":{"Path":["0","0","1315","1315"],"Coordinates":[0.90628805485414843,0.36305603357784205,0.22629819587470065],"Categories":["Ogataea nonfermentans","Ogataea nonfermentans","Ogataea","Saccharomycetaceae","Saccharomycetales"],"Properties":[9,2,2]}}