{"40":{"Path":["0","0","3434","40"],"Coordinates":[0.57504297235330548,0.3841452817739382,0.46354532722136732],"Categories":["Kuraishia molischiana","Kuraishia molischiana","Kuraishia","Saccharomycetaceae","Saccharomycetales"],"Properties":[5,3,4]}}