{"2824":{"Path":["0","0","2825","2824"],"Coordinates":[0.5483401577006497,0.72209818327692865,0.88143336437822606],"Categories":["Barnettozyma hawaiiensis","Barnettozyma hawaiiensis","Barnettozyma","","Saccharomycetales"],"Properties":[5,5,7]}}