{"1781":{"Path":["0","0","107","1781"],"Coordinates":[0.58203027271697449,0.3629883429277781,0.28071222814948088],"Categories":["Pichia cactophila","Pichia cactophila","Pichia","Saccharomycetaceae","Saccharomycetales"],"Properties":[5,2,2]},"1782":{"Path":["0","0","107","1781"],"Coordinates":[0.582195510127465,0.36288100097078352,0.28016332420074086],"Categories":["Pichia cactophila","Pichia cactophila","Pichia","Saccharomycetaceae","Saccharomycetales"],"Properties":[5,2,2]}}