{"2017":{"Path":["0","0","120","2017"],"Coordinates":[0.66768025602740488,0.668623811154518,0.38283394085047118],"Categories":["Pichia cephalocereana","Pichia cephalocereana","Pichia","Saccharomycetaceae","Saccharomycetales"],"Properties":[6,5,3]}}