{"2116":{"Path":["0","0","2116","2116"],"Coordinates":[0.45995779240590967,0.66281006184077507,0.43307315779659644],"Categories":["Rhodotorula yarrowii","Rhodotorula yarrowii","Rhodotorula","","Sporidiobolales"],"Properties":[4,5,3]}}