{"4106":{"Path":["0","0","4106","4106"],"Coordinates":[0.76381761925700442,0.60236312296380323,0.52931384816946714],"Categories":["Candida bullrunensis","Candida bullrunensis","Candida","","Saccharomycetales"],"Properties":[7,4,4]},"4107":{"Path":["0","0","4106","4106"],"Coordinates":[0.76384721565231317,0.6024187118678237,0.52929199635696722],"Categories":["Candida bullrunensis","Candida bullrunensis","Candida","","Saccharomycetales"],"Properties":[7,4,4]}}