{"3415":{"Path":["0","2609","3415","3415"],"Coordinates":[0.481946369874627,0.75262580472626273,0.44207414256874172],"Categories":["Pseudozyma siamensis","Pseudozyma siamensis","Pseudozyma","Ustilaginaceae","Ustilaginales"],"Properties":[4,6,3]}}