{"3698":{"Path":["0","0","1741","3698"],"Coordinates":[0.601587053133182,0.3539807056931884,0.56244855164460272],"Categories":["Candida azymoides","Candida azymoides","Candida","","Saccharomycetales"],"Properties":[6,2,5]}}