{"4268":{"Path":["0","0","601","4268"],"Coordinates":[0.58542299478584514,0.32608907281978516,0.39540711680305818],"Categories":["Cryptococcus vaughanmartiniae","Cryptococcus vaughanmartiniae","Cryptococcus","Tremellaceae","Tremellales"],"Properties":[5,2,3]}}