{"2807":{"Path":["0","0","2806","2807"],"Coordinates":[0.5285991120294139,0.33363177690895462,0.29492703130046266],"Categories":["Nakazawaea wyomingensis","Nakazawaea wyomingensis","Nakazawaea","Saccharomycetaceae","Saccharomycetales"],"Properties":[5,2,2]}}