{"3728":{"Path":["0","0","3728","3728"],"Coordinates":[0.29346383852909391,0.49207158027947845,0.31113605762963853],"Categories":["Cryptococcus hepingensis","Cryptococcus hepingensis","Cryptococcus","Tremellaceae","Tremellales"],"Properties":[2,3,2]},"3729":{"Path":["0","0","3728","3728"],"Coordinates":[0.29342042641199073,0.49203995147019014,0.31112188213769137],"Categories":["Cryptococcus hepingensis","Cryptococcus hepingensis","Cryptococcus","Tremellaceae","Tremellales"],"Properties":[2,3,2]}}