{"3275":{"Path":["0","0","3275","3275"],"Coordinates":[0.52524983266622249,0.51425364077174673,0.21673853354835437],"Categories":["Candida bribrorum","Candida bribrorum","Candida","","Saccharomycetales"],"Properties":[5,4,1]}}