{"28":{"Path":["1","28","28","28"],"Coordinates":[-0.30805597423922809,0.18223059973673167,-0.30576067219686087],"Categories":["Filobasidiella neoformans","Filobasidiella neoformans","Filobasidiella","","Tremellales"],"Properties":[-3,1,-2]},"591":{"Path":["1","28","28","591"],"Coordinates":[-0.30798250233844476,0.17389080272167856,-0.31117385641252626],"Categories":["Candida parapsilosis","Candida parapsilosis","Candida","","Saccharomycetales"],"Properties":[-3,1,-2]}}