{"27":{"Path":["0","0","27","27"],"Coordinates":[0.3185721751998859,0.49766374957455617,0.31416557373731657],"Categories":["Wickerhamomyces subpelliculosus","Wickerhamomyces subpelliculosus","Wickerhamomyces","","Saccharomycetales"],"Properties":[3,3,2]},"1318":{"Path":["0","0","27","27"],"Coordinates":[0.31638729228509366,0.49809439234846947,0.3123619382763308],"Categories":["Wickerhamomyces subpelliculosus","Wickerhamomyces subpelliculosus","Wickerhamomyces","","Saccharomycetales"],"Properties":[3,3,2]},"1319":{"Path":["0","0","27","27"],"Coordinates":[0.31526103299018421,0.49831637935236167,0.31143220371559571],"Categories":["Wickerhamomyces subpelliculosus","Wickerhamomyces subpelliculosus","Wickerhamomyces","","Saccharomycetales"],"Properties":[3,3,2]}}