{"480":{"Path":["0","480","480","480"],"Coordinates":[0.46523894719212994,0.39277899667945732,0.55450878935786851],"Categories":["Candida pararugosa","Candida pararugosa","Candida","","Saccharomycetales"],"Properties":[4,3,4]}}