{"3480":{"Path":["0","0","3480","3480"],"Coordinates":[0.41670457785069381,0.34676093360628435,0.51468147201031234],"Categories":["Metschnikowia kamakouana","Metschnikowia kamakouana","Metschnikowia","Metschnikowiaceae","Saccharomycetales"],"Properties":[4,2,4]}}