{"3641":{"Path":["0","0","3642","3642"],"Coordinates":[0.83419524127691924,0.64791671425398445,0.72627156370143842],"Categories":["Candida stri","Candida stri","Candida","","Saccharomycetales"],"Properties":[8,5,6]},"3642":{"Path":["0","0","3642","3642"],"Coordinates":[0.83271880716895774,0.65001826511947958,0.72472120042506349],"Categories":["Candida stri","Candida stri","Candida","","Saccharomycetales"],"Properties":[8,5,6]}}