{"712":{"Path":["6","6","206","712"],"Coordinates":[-0.31400598198973828,0.3322744811114417,0.066272573097321819],"Categories":["Kregervanrija fluxuum","Kregervanrija fluxuum","Kregervanrija","Saccharomycetaceae","Saccharomycetales"],"Properties":[-3,2,0]},"1420":{"Path":["6","6","206","712"],"Coordinates":[-0.31514331195430961,0.33029723583584575,0.067884023328875664],"Categories":["Candida odintsovae","Candida odintsovae","Candida","","Saccharomycetales"],"Properties":[-3,2,0]}}