{"1984":{"Path":["0","0","1984","1984"],"Coordinates":[0.503571574677027,0.695599342167855,0.68165737227617418],"Categories":["Mastigobasidium intermedium","Mastigobasidium intermedium","Mastigobasidium","Leucosporidiaceae","Leucosporidiales"],"Properties":[5,5,6]}}