{"3126":{"Path":["0","0","3126","3126"],"Coordinates":[0.68999857127010344,0.46377427617728895,0.42444621014547723],"Categories":["Rhodotorula lamellibrachii","Rhodotorula lamellibrachii","Rhodotorula","","Sporidiobolales"],"Properties":[6,3,3]}}