{"2667":{"Path":["0","0","2666","2667"],"Coordinates":[0.53492035513045877,0.56769068878582585,0.53673376489223978],"Categories":["Kodamaea nitidulidarum","Kodamaea nitidulidarum","Kodamaea","Saccharomycetaceae","Saccharomycetales"],"Properties":[5,4,4]}}