{"2132":{"Path":["0","0","2132","2132"],"Coordinates":[0.24039383163506115,0.60452493469286939,0.69763505659552738],"Categories":["Bensingtonia ingoldii","Bensingtonia ingoldii","Bensingtonia","Agaricostilbaceae","Agaricostilbales"],"Properties":[2,4,6]}}