{"3826":{"Path":["0","0","143","3826"],"Coordinates":[0.60049161903586834,0.76415401313448272,0.43230354202642918],"Categories":["Hanseniaspora thailandica","Hanseniaspora thailandica","Hanseniaspora","Saccharomycodaceae","Saccharomycetales"],"Properties":[6,6,3]},"3827":{"Path":["0","0","143","3826"],"Coordinates":[0.60049893657103448,0.76416272215826531,0.43229370267598166],"Categories":["Hanseniaspora thailandica","Hanseniaspora thailandica","Hanseniaspora","Saccharomycodaceae","Saccharomycetales"],"Properties":[6,6,3]}}