{"2448":{"Path":["0","0","2448","2448"],"Coordinates":[0.183327426047308,0.8461582928131296,0.70661020607301417],"Categories":["Barnettozyma populi","Barnettozyma populi","Barnettozyma","","Saccharomycetales"],"Properties":[1,6,6]}}