{"1275":{"Path":["0","0","1275","1275"],"Coordinates":[0.5241111616886347,0.42811338292028323,0.61284847471627979],"Categories":["Kazachstania barnettii","Kazachstania barnettii","Kazachstania","Saccharomycetaceae","Saccharomycetales"],"Properties":[5,3,5]}}