{"3514":{"Path":["0","0","3514","3514"],"Coordinates":[0.1324138914024976,0.71147892980359351,0.67598372865711842],"Categories":["Kazachstania aquatica","Kazachstania aquatica","Kazachstania","Saccharomycetaceae","Saccharomycetales"],"Properties":[1,5,6]},"3515":{"Path":["0","0","3514","3514"],"Coordinates":[0.13240829422254882,0.71148647977087587,0.67599482966385838],"Categories":["Kazachstania aquatica","Kazachstania aquatica","Kazachstania","Saccharomycetaceae","Saccharomycetales"],"Properties":[1,5,6]}}