{"3816":{"Path":["0","0","2620","3816"],"Coordinates":[0.55635481361251393,0.55180804195707578,0.59251614315187606],"Categories":["Metschnikowia cubensis","Metschnikowia cubensis","Metschnikowia","Metschnikowiaceae","Saccharomycetales"],"Properties":[5,4,5]}}