{"4260":{"Path":["0","0","4260","4260"],"Coordinates":[0.754151531884603,0.7659981509621735,0.23702336830071086],"Categories":["Yarrowia bubula","Yarrowia bubula","Yarrowia","","Saccharomycetales"],"Properties":[7,6,2]}}