{"45":{"Path":["8","45","45","45"],"Coordinates":[-0.58735531293267373,0.3509311871480561,0.0710751114851733],"Categories":["Candida glabrata","Candida glabrata","Candida","","Saccharomycetales"],"Properties":[-5,2,0]},"182":{"Path":["8","45","182","182"],"Coordinates":[-0.62199914036650983,0.37820393649869505,0.060377675576717381],"Categories":["Kazachstania exigua","Kazachstania exigua","Kazachstania","Saccharomycetaceae","Saccharomycetales"],"Properties":[-6,3,0]},"202":{"Path":["8","45","202","202"],"Coordinates":[-0.57068945084409506,0.35765555235867191,0.042121341499594595],"Categories":["Kazachstania unispora","Kazachstania unispora","Kazachstania","Saccharomycetaceae","Saccharomycetales"],"Properties":[-5,2,0]}}