{"3244":{"Path":["0","0","37","3244"],"Coordinates":[0.36892085771789707,0.340195436180471,0.351254266542621],"Categories":["Kockovaella barringtoniae","Kockovaella barringtoniae","Kockovaella","Cuniculitremaceae","Tremellales"],"Properties":[3,2,3]}}