{"3254":{"Path":["0","0","3254","3254"],"Coordinates":[0.695492858085898,0.2975142511152758,0.25568953061677435],"Categories":["Candida bokatorum","Candida bokatorum","Candida","","Saccharomycetales"],"Properties":[6,2,2]}}