{"1812":{"Path":["0","0","1812","1812"],"Coordinates":[0.79442748093902815,0.62360036466187774,0.73836888943234968],"Categories":["Candida methanosorbosa","Candida methanosorbosa","Candida","","Saccharomycetales"],"Properties":[7,4,6]}}