{"3605":{"Path":["0","0","3523","3605"],"Coordinates":[0.5917413510990257,0.52547591305621744,0.5154766992365919],"Categories":["Blastobotrys muscicola","Blastobotrys muscicola","Blastobotrys","Trichomonascaceae","Saccharomycetales"],"Properties":[5,4,4]}}