{"1772":{"Path":["0","0","1184","1772"],"Coordinates":[0.27400397585363395,0.53667485348222321,0.31887922971157279],"Categories":["Candida pseudointermedia","Candida pseudointermedia","Candida","","Saccharomycetales"],"Properties":[2,4,2]},"1773":{"Path":["0","0","1184","1772"],"Coordinates":[0.27450051706293949,0.53908263949725077,0.31715992365001805],"Categories":["Candida pseudointermedia","Candida pseudointermedia","Candida","","Saccharomycetales"],"Properties":[2,4,2]}}