{"2067":{"Path":["0","0","2068","2067"],"Coordinates":[0.095056304255756785,0.55468408853488194,0.7107112450205082],"Categories":["Candida vaccinii","Candida vaccinii","Candida","","Saccharomycetales"],"Properties":[0,4,6]}}