{"4222":{"Path":["0","4222","4222","4222"],"Coordinates":[0.15015122940471939,0.52258528752872624,0.71121700274589239],"Categories":["Tortispora ganteri","Tortispora ganteri","Tortispora","Trigonopsidaceae","Saccharomycetales"],"Properties":[1,4,6]}}