{"2172":{"Path":["0","0","2172","2172"],"Coordinates":[0.28232328127718886,0.67340476678144212,0.31113155226270034],"Categories":["Fellomyces horovitziae","Fellomyces horovitziae","Fellomyces","Cuniculitremaceae","Tremellales"],"Properties":[2,5,2]}}