{"3854":{"Path":["0","0","3854","3854"],"Coordinates":[0.21677425400705855,0.38745138987711925,0.36327002880372372],"Categories":["Candida sanitii","Candida sanitii","Candida","","Saccharomycetales"],"Properties":[2,3,3]}}