{"657":{"Path":["0","0","657","657"],"Coordinates":[0.36243028642419906,0.5563033657887726,0.52231446535538961],"Categories":["Nakaseomyces delphensis","Nakaseomyces delphensis","Nakaseomyces","Saccharomycetaceae","Saccharomycetales"],"Properties":[3,4,4]}}