{"41":{"Path":["2","41","41","41"],"Coordinates":[-0.31973217819568311,0.34498056911386749,0.09973701997653045],"Categories":["Kuraishia molischiana","Kuraishia molischiana","Kuraishia","Saccharomycetaceae","Saccharomycetales"],"Properties":[-3,2,0]},"57":{"Path":["2","41","57","57"],"Coordinates":[-0.30870738108391022,0.36905020529568083,0.0753333172947537],"Categories":["Candida glabrata","Candida glabrata","Candida","","Saccharomycetales"],"Properties":[-3,2,0]},"77":{"Path":["2","41","77","77"],"Coordinates":[-0.31266888307443857,0.3794202479706234,0.097731784559752316],"Categories":["Cryptococcus aerius","Cryptococcus aerius","Cryptococcus","Tremellaceae","Tremellales"],"Properties":[-3,3,0]},"80":{"Path":["2","41","80","80"],"Coordinates":[-0.29749421654103714,0.34379632090921231,0.077396316895842893],"Categories":["Candida gropengiesseri","Candida gropengiesseri","Candida","","Saccharomycetales"],"Properties":[-2,2,0]},"133":{"Path":["2","41","133","133"],"Coordinates":[-0.31600044093559715,0.30450977626037484,0.095765652156043324],"Categories":["Cyberlindnera saturnus","Cyberlindnera suaveolens","Cyberlindnera","","Saccharomycetales"],"Properties":[-3,2,0]},"190":{"Path":["2","41","190","190"],"Coordinates":[-0.29876284842394074,0.3538773373000032,0.077507993505106024],"Categories":["Kazachstania exigua","Kazachstania exigua","Kazachstania","Saccharomycetaceae","Saccharomycetales"],"Properties":[-2,2,0]}}