{"1014":{"Path":["0","0","870","1014"],"Coordinates":[0.506464507796078,0.33370257723158819,0.32290310098042191],"Categories":["Candida quercitrusa","Candida quercitrusa","Candida","","Saccharomycetales"],"Properties":[5,2,2]}}