{"605":{"Path":["0","0","605","605"],"Coordinates":[0.15955606550144796,0.46772436629116765,0.62841279177225173],"Categories":["Kuraishia capsulata","Kuraishia capsulata","Kuraishia","Saccharomycetaceae","Saccharomycetales"],"Properties":[1,3,5]}}