{"804":{"Path":["0","0","804","804"],"Coordinates":[0.4108768385163038,0.37858191713554634,0.46073787539276362],"Categories":["Lodderomyces elongisporus","Lodderomyces elongisporus","Lodderomyces","Saccharomycetaceae","Saccharomycetales"],"Properties":[4,3,4]}}