{"3940":{"Path":["0","0","3940","3940"],"Coordinates":[0.036343098725383549,0.54419895102242033,0.26009866325039571],"Categories":["Yarrowia divulgata","Yarrowia divulgata","Yarrowia","","Saccharomycetales"],"Properties":[0,4,2]}}