{"15":{"Path":["7","15","15","15"],"Coordinates":[-0.58798538900660713,0.4302257538643634,-0.12500754022581059],"Categories":["Dekkera anomala","Dekkera anomala","Dekkera","Saccharomycetaceae","Saccharomycetales"],"Properties":[-5,3,-1]}}