{"4072":{"Path":["0","0","4072","4072"],"Coordinates":[0.53267405469220619,0.66278069306054954,0.59859662743175845],"Categories":["Metschnikowia kamienskii","Metschnikowia kamienskii","Metschnikowia","Metschnikowiaceae","Saccharomycetales"],"Properties":[5,5,5]}}