{"2053":{"Path":["0","0","2053","2053"],"Coordinates":[0.47455615167052428,0.28847451471581043,0.37934373936891685],"Categories":["Candida ovalis","Candida ovalis","Candida","","Saccharomycetales"],"Properties":[4,2,3]},"2054":{"Path":["0","0","2053","2054"],"Coordinates":[0.46130784497476052,0.27897343255647911,0.39258049907424569],"Categories":["Candida ovalis","Candida ovalis","Candida","","Saccharomycetales"],"Properties":[4,2,3]}}