{"2692":{"Path":["0","0","2692","2692"],"Coordinates":[0.74068440222952114,0.27619496843842323,0.56238352803205516],"Categories":["Saccharomycopsis lassenensis","Saccharomycopsis lassenensis","Saccharomycopsis","Saccharomycopsidaceae","Saccharomycetales"],"Properties":[7,2,5]}}