{"797":{"Path":["0","797","797","797"],"Coordinates":[0.64102766144770829,0.65191752850184626,0.29941247743204685],"Categories":["Saccharomycopsis selenospora","Saccharomycopsis selenospora","Saccharomycopsis","Saccharomycopsidaceae","Saccharomycetales"],"Properties":[6,5,2]}}