{"4247":{"Path":["0","0","4247","4247"],"Coordinates":[0.353236981636156,0.66583436950917418,0.8195087948417239],"Categories":["Wickerhamomyces mori","Wickerhamomyces mori","","",""],"Properties":[3,5,7]}}