{"12":{"Path":["0","0","12","12"],"Coordinates":[0.61443435942234093,0.51713174427997111,0.67908464294497572],"Categories":["Dekkera anomala","Dekkera anomala","Dekkera","Saccharomycetaceae","Saccharomycetales"],"Properties":[6,4,6]},"13":{"Path":["0","0","12","12"],"Coordinates":[0.614443140409237,0.51716314958843279,0.67908105986399059],"Categories":["Dekkera anomala","Dekkera anomala","Dekkera","Saccharomycetaceae","Saccharomycetales"],"Properties":[6,4,6]},"14":{"Path":["0","0","12","12"],"Coordinates":[0.614437125564828,0.51714169272877319,0.67908349942229485],"Categories":["Dekkera anomala","Dekkera anomala","Dekkera","Saccharomycetaceae","Saccharomycetales"],"Properties":[6,4,6]},"15":{"Path":["0","0","12","12"],"Coordinates":[0.62033243786950776,0.51590681210035,0.68265006190658084],"Categories":["Dekkera anomala","Dekkera anomala","Dekkera","Saccharomycetaceae","Saccharomycetales"],"Properties":[6,4,6]}}