{"3060":{"Path":["0","0","2094","3060"],"Coordinates":[0.40414368152970287,0.63931745938650386,0.50681185396568873],"Categories":["Derxomyces schimicola","Derxomyces schimicola","Derxomyces","","Tremellales"],"Properties":[4,5,4]}}