{"3266":{"Path":["0","0","3266","3266"],"Coordinates":[0.41424479104014822,0.69766635984454928,0.41237650961573596],"Categories":["Candida chickasaworum","Candida chickasaworum","Candida","","Saccharomycetales"],"Properties":[4,5,3]}}