{"40":{"Path":["0","0","3434","40"],"Coordinates":[0.57504297235330548,0.3841452817739382,0.46354532722136732],"Categories":["Kuraishia molischiana","Kuraishia molischiana","Kuraishia","Saccharomycetaceae","Saccharomycetales"],"Properties":[5,3,4]},"41":{"Path":["0","0","3434","41"],"Coordinates":[0.56662225345103268,0.39025044497169231,0.46596829148810032],"Categories":["Kuraishia molischiana","Kuraishia molischiana","Kuraishia","Saccharomycetaceae","Saccharomycetales"],"Properties":[5,3,4]},"3433":{"Path":["0","0","3434","3433"],"Coordinates":[0.59420257799202025,0.35963331717278324,0.44708594831054066],"Categories":["Kuraishia molischiana","Kuraishia molischiana","Kuraishia","Saccharomycetaceae","Saccharomycetales"],"Properties":[5,2,4]},"3434":{"Path":["0","0","3434","3434"],"Coordinates":[0.57742355484968444,0.36430116156805226,0.44418848232220748],"Categories":["Kuraishia molischiana","Kuraishia molischiana","Kuraishia","Saccharomycetaceae","Saccharomycetales"],"Properties":[5,2,3]}}