{"26":{"Path":["7","26","26","26"],"Coordinates":[-0.52521892845013418,0.53704156646527124,-0.066314283449508835],"Categories":["Pichia membranifaciens","Pichia membranifaciens","Pichia","Saccharomycetaceae","Saccharomycetales"],"Properties":[-5,4,0]},"734":{"Path":["7","26","26","734"],"Coordinates":[-0.52957713417871011,0.54346785142681686,-0.056224691695394895],"Categories":["Rhodotorula marina","Rhodotorula marina","Rhodotorula","","Sporidiobolales"],"Properties":[-5,4,0]}}