{"306":{"Path":["1","34","65","306"],"Coordinates":[-0.26827564608509036,0.2252909174730498,-0.2558056211812027],"Categories":["Cryptococcus heveanensis","Cryptococcus heveanensis","Cryptococcus","Tremellaceae","Tremellales"],"Properties":[-2,1,-2]},"3083":{"Path":["1","34","65","306"],"Coordinates":[-0.26632409536059687,0.22489266988313839,-0.25810138009395678],"Categories":["Wickerhamomyces patagonicus","Komagataella pseudopastoris","Komagataella","Saccharomycetaceae","Saccharomycetales"],"Properties":[-2,1,-2]}}