{"3512":{"Path":["0","0","170","3512"],"Coordinates":[0.40815256302439068,0.46554435417034695,0.37142128155245846],"Categories":["Cryptococcus paraflavus","Cryptococcus paraflavus","Cryptococcus","Tremellaceae","Tremellales"],"Properties":[4,3,3]}}