{"2541":{"Path":["0","2541","2541","2541"],"Coordinates":[0.29398415544272294,0.49514562953382529,0.50606507016142988],"Categories":["Reniforma strues","Reniforma strues","Reniforma","","Microbotryales"],"Properties":[2,3,4]}}