{"3074":{"Path":["0","0","143","3074"],"Coordinates":[0.44861258386930519,0.56212949662567335,0.68291058662663484],"Categories":["Pichia dianae","Pichia dianae","Pichia","Saccharomycetaceae","Saccharomycetales"],"Properties":[4,4,6]}}