{"3829":{"Path":["0","0","3829","3829"],"Coordinates":[0.43417733094390648,0.28878278751852215,0.48100688362257854],"Categories":["Candida blackwellae","Candida blackwellae","Candida","","Saccharomycetales"],"Properties":[4,2,4]}}