{"713":{"Path":["0","0","713","713"],"Coordinates":[0.49207246597112025,0.51867996683920647,0.69485459266719918],"Categories":["Kregervanrija fluxuum","Kregervanrija fluxuum","Kregervanrija","Saccharomycetaceae","Saccharomycetales"],"Properties":[4,4,6]}}