{"1458":{"Path":["0","0","1458","1458"],"Coordinates":[0.52472476893286479,0.97901363699560418,0.76320819320753963],"Categories":["Ogataea pignaliae","Ogataea pignaliae","Ogataea","Saccharomycetaceae","Saccharomycetales"],"Properties":[5,7,6]}}