{"25":{"Path":["2","25","25","25"],"Coordinates":[-0.260185043847539,0.365450772361562,0.0095119925392026013],"Categories":["Pichia membranifaciens","Pichia membranifaciens","Pichia","Saccharomycetaceae","Saccharomycetales"],"Properties":[-2,2,0]},"644":{"Path":["2","25","25","644"],"Coordinates":[-0.26779685879352794,0.36811813615310168,-0.002793148785973228],"Categories":["Schizoblastosporion starkeyi-henricii","Schizoblastosporion starkeyi-henricii","Schizoblastosporion","","Saccharomycetales"],"Properties":[-2,2,0]}}