{"3018":{"Path":["0","0","732","3018"],"Coordinates":[0.61265585699664127,0.59381565987412654,0.36525231988906759],"Categories":["Sporobolomyces vermiculatus","Sporobolomyces vermiculatus","Sporobolomyces","","Sporidiobolales"],"Properties":[6,4,3]},"3019":{"Path":["0","0","732","3018"],"Coordinates":[0.61265853620117228,0.59385551444443341,0.36521805496813603],"Categories":["Sporobolomyces vermiculatus","Sporobolomyces vermiculatus","Sporobolomyces","","Sporidiobolales"],"Properties":[6,4,3]}}