{"3903":{"Path":["0","0","3903","3903"],"Coordinates":[0.67969584112147985,0.43930209577950147,0.47829486073779082],"Categories":["Candida tumulicola","Candida tumulicola","Candida","","Saccharomycetales"],"Properties":[6,3,4]}}