{"3647":{"Path":["0","0","2401","3647"],"Coordinates":[0.59216871842911956,0.54477769025407852,0.58504916745661173],"Categories":["Bandoniozyma glucofermentans","Bandoniozyma glucofermentans","Bandoniozyma","","Tremellales"],"Properties":[5,4,5]}}