{"1801":{"Path":["0","0","1801","1801"],"Coordinates":[0.033804916555152505,0.88597801891696348,0.52746749423037453],"Categories":["Phaffomyces thermotolerans","Phaffomyces thermotolerans","Phaffomyces","Phaffomycetaceae","Saccharomycetales"],"Properties":[0,7,4]}}