{"4098":{"Path":["0","0","1722","4098"],"Coordinates":[0.64877101358573674,0.55849039518101107,0.61340462536835261],"Categories":["Candida sphagnicola","Candida sphagnicola","Candida","","Saccharomycetales"],"Properties":[6,4,5]}}