{"2721":{"Path":["0","2721","2721","2721"],"Coordinates":[0.0943054326157282,0.61410032074191268,0.55510919352365606],"Categories":["Candida eppingiae","Candida eppingiae","Candida","","Saccharomycetales"],"Properties":[0,4,4]}}