{"3654":{"Path":["0","0","3654","3654"],"Coordinates":[0.43939085579998521,0.56473855713248877,0.37195742677100863],"Categories":["Candida phangngaensis","Candida phangngaensis","Candida","","Saccharomycetales"],"Properties":[4,4,3]},"3655":{"Path":["0","0","3654","3654"],"Coordinates":[0.44345852369254368,0.56536559812697562,0.37528677938881116],"Categories":["Candida phangngaensis","Candida phangngaensis","Candida","","Saccharomycetales"],"Properties":[4,4,3]}}