{"3392":{"Path":["0","3392","3392","3392"],"Coordinates":[0.282415289564535,0.47726239080641614,-0.34226221487119568],"Categories":["Candida ficicola","Candida ficicola","Candida","","Saccharomycetales"],"Properties":[2,3,-3]}}