{"4106":{"Path":["0","0","4106","4106"],"Coordinates":[0.39704739297013469,0.65915041251060669,0.41531447627751505],"Categories":["Candida bullrunensis","Candida bullrunensis","Candida","","Saccharomycetales"],"Properties":[3,5,3]}}