{"2706":{"Path":["0","0","2706","2706"],"Coordinates":[0.59997286133364225,0.46131190300920705,0.46032568736382568],"Categories":["Zygosaccharomyces lentus","Zygosaccharomyces lentus","Zygosaccharomyces","Saccharomycetaceae","Saccharomycetales"],"Properties":[5,3,4]}}