{"4149":{"Path":["0","0","4149","4149"],"Coordinates":[0.79903188025114891,0.32557163494501773,0.60601379010325873],"Categories":["Candida namnaoensis","Candida namnaoensis","Candida","","Saccharomycetales"],"Properties":[7,2,5]},"4150":{"Path":["0","0","4149","4149"],"Coordinates":[0.80004996738467338,0.32342076639944278,0.607840607852299],"Categories":["Candida namnaoensis","Candida namnaoensis","Candida","","Saccharomycetales"],"Properties":[8,2,5]}}