{"4004":{"Path":["0","0","4004","4004"],"Coordinates":[0.001329977308247307,0.3068314912181746,0.82385817591131671],"Categories":["Rhodotorula silvestris","Rhodotorula silvestris","Rhodotorula","","Sporidiobolales"],"Properties":[0,2,7]},"4005":{"Path":["0","0","4004","4005"],"Coordinates":[0.0014150713680796032,0.29310280405447547,0.82659969150716217],"Categories":["Rhodotorula silvestris","Rhodotorula silvestris","Rhodotorula","","Sporidiobolales"],"Properties":[0,2,7]}}