{"4005":{"Path":["0","0","4004","4005"],"Coordinates":[0.0014150713680796032,0.29310280405447547,0.82659969150716217],"Categories":["Rhodotorula silvestris","Rhodotorula silvestris","Rhodotorula","","Sporidiobolales"],"Properties":[0,2,7]}}