{"3616":{"Path":["0","0","3616","3616"],"Coordinates":[0.63744083163676268,0.64143809767392179,0.51236336328295362],"Categories":["Candida marilandica","Candida marilandica","Candida","","Saccharomycetales"],"Properties":[6,5,4]}}