{"976":{"Path":["0","0","976","976"],"Coordinates":[0.66710176156238421,0.46414863347683077,0.48272335794137905],"Categories":["Candida vartiovaarae","Candida vartiovaarae","Candida","","Saccharomycetales"],"Properties":[6,3,4]}}