{"3060":{"Path":["0","0","2094","3060"],"Coordinates":[0.52875093022434116,0.3325361010232693,0.563877628878519],"Categories":["Derxomyces schimicola","Derxomyces schimicola","Derxomyces","","Tremellales"],"Properties":[5,2,5]}}