{"3972":{"Path":["0","0","3972","3972"],"Coordinates":[0.3577431234683448,0.30256988564528825,0.47796782697301393],"Categories":["Candida northwykensis","Candida northwykensis","Candida","","Saccharomycetales"],"Properties":[3,2,4]}}