{"4120":{"Path":["0","0","4120","4120"],"Coordinates":[0.59070483621954317,0.35418695230637737,0.58018808756967422],"Categories":["Candida citri","Candida citri","Candida","","Saccharomycetales"],"Properties":[5,2,5]},"4122":{"Path":["0","0","4120","4120"],"Coordinates":[0.59066129754010244,0.35416400679741322,0.58021384773455265],"Categories":["Candida citri","Candida citri","Candida","","Saccharomycetales"],"Properties":[5,2,5]}}