{"1006":{"Path":["0","0","1006","1006"],"Coordinates":[0.22473274725308368,0.58834492460767962,0.63258866452905127],"Categories":["Candida castellii","Candida castellii","Candida","","Saccharomycetales"],"Properties":[2,4,5]}}