{"1483":{"Path":["0","0","1483","1483"],"Coordinates":[0.51212117578895766,0.8006833695523955,0.32497731544953978],"Categories":["Saturnispora ahearnii","Saturnispora ahearnii","Saturnispora","Saccharomycetaceae","Saccharomycetales"],"Properties":[5,6,2]}}