{"3924":{"Path":["0","0","3924","3924"],"Coordinates":[0.57636476421410066,0.29977729961441391,0.39692877675972205],"Categories":["Candida jalapaonensis","Candida jalapaonensis","Candida","","Saccharomycetales"],"Properties":[5,2,3]},"3925":{"Path":["0","0","3924","3925"],"Coordinates":[0.574889328403042,0.29104961861020012,0.37450942917076246],"Categories":["Candida jalapaonensis","Candida jalapaonensis","Candida","","Saccharomycetales"],"Properties":[5,2,3]}}