{"861":{"Path":["0","0","429","861"],"Coordinates":[0.47251051126286447,0.7856450125685267,0.38399385584089446],"Categories":["Torulaspora franciscae","Torulaspora franciscae","Torulaspora","Saccharomycetaceae","Saccharomycetales"],"Properties":[4,6,3]}}