{"1523":{"Path":["0","0","1524","1524"],"Coordinates":[0.18120458036572038,0.5346052505859854,0.872789196413561],"Categories":["Saccharomycopsis malanga","Saccharomycopsis malanga","Saccharomycopsis","Saccharomycopsidaceae","Saccharomycetales"],"Properties":[1,4,7]},"1524":{"Path":["0","0","1524","1524"],"Coordinates":[0.636875477579195,0.62408023803668489,0.73078129919200774],"Categories":["Saccharomycopsis malanga","Saccharomycopsis malanga","Saccharomycopsis","Saccharomycopsidaceae","Saccharomycetales"],"Properties":[6,4,6]}}