{"192":{"Path":["7","10","192","192"],"Coordinates":[-0.35795047041548228,0.5022235631575892,-0.15410800062098762],"Categories":["Kazachstania unispora","Kazachstania unispora","Kazachstania","Saccharomycetaceae","Saccharomycetales"],"Properties":[-3,4,-1]},"365":{"Path":["7","10","192","365"],"Coordinates":[-0.36412030516498756,0.49253244400653678,-0.15811294978548154],"Categories":["Zygosaccharomyces bailii","Zygosaccharomyces bailii","Zygosaccharomyces","Saccharomycetaceae","Saccharomycetales"],"Properties":[-3,3,-1]}}