{"742":{"Path":["0","0","577","742"],"Coordinates":[0.38517128188047145,0.2535664902562052,0.20318027890698481],"Categories":["Candida boidinii","Candida boidinii","Candida","","Saccharomycetales"],"Properties":[3,2,1]}}