{"2705":{"Path":["0","0","2706","2705"],"Coordinates":[0.60064982836381131,0.46750116834569261,0.46683584752990304],"Categories":["Zygosaccharomyces lentus","Zygosaccharomyces lentus","Zygosaccharomyces","Saccharomycetaceae","Saccharomycetales"],"Properties":[6,3,4]},"2706":{"Path":["0","0","2706","2706"],"Coordinates":[0.59997286133364225,0.46131190300920705,0.46032568736382568],"Categories":["Zygosaccharomyces lentus","Zygosaccharomyces lentus","Zygosaccharomyces","Saccharomycetaceae","Saccharomycetales"],"Properties":[5,3,4]}}