{"2547":{"Path":["0","0","2547","2547"],"Coordinates":[0.32627659077907351,0.44234038667092263,0.38556938183774142],"Categories":["Fellomyces mexicanus","Fellomyces mexicanus","Fellomyces","Cuniculitremaceae","Tremellales"],"Properties":[3,3,3]},"2548":{"Path":["0","0","2547","2547"],"Coordinates":[0.32628987947533111,0.44234173720299724,0.38552367887406841],"Categories":["Fellomyces mexicanus","Fellomyces mexicanus","Fellomyces","Cuniculitremaceae","Tremellales"],"Properties":[3,3,3]}}