{"33":{"Path":["8","33","33","33"],"Coordinates":[-0.66017416786306515,0.51712001206204083,-0.031418462994583451],"Categories":["Filobasidiella neoformans","Filobasidiella neoformans","Filobasidiella","","Tremellales"],"Properties":[-6,4,0]},"1045":{"Path":["8","33","33","33"],"Coordinates":[-0.662155991419688,0.513856832538379,-0.033222060162990522],"Categories":["Lachancea cidri","Lachancea cidri","Lachancea","Saccharomycetaceae","Saccharomycetales"],"Properties":[-6,4,0]},"1058":{"Path":["8","33","33","33"],"Coordinates":[-0.65957209885262025,0.51283201948458834,-0.035570215647923911],"Categories":["Scheffersomyces insectosa","Scheffersomyces lignosus","Scheffersomyces","Debaryomycetaceae","Saccharomycetales"],"Properties":[-6,4,0]}}