{"2815":{"Path":["0","0","2815","2815"],"Coordinates":[0.63519981760724087,0.30925977014712669,0.54863016242735718],"Categories":["Occultifur externus","Occultifur externus","Occultifur","Cystobasidiaceae",""],"Properties":[6,2,4]}}