{"3027":{"Path":["0","0","3027","3027"],"Coordinates":[0.32125908151345822,0.8056337318914,0.65191420765602381],"Categories":["Fibulobasidium murrhardtense","Fibulobasidium murrhardtense","Fibulobasidium","Sirobasidiaceae","Tremellales"],"Properties":[3,6,5]}}