{"2854":{"Path":["0","0","2854","2854"],"Coordinates":[0.31659144397252359,0.32998097954040806,0.309286950093697],"Categories":["Kazachstania naganishii","Kazachstania naganishii","Kazachstania","Saccharomycetaceae","Saccharomycetales"],"Properties":[3,2,2]}}