{"89":{"Path":["2","21","89","89"],"Coordinates":[-0.36422012807877774,0.30690851009561637,0.12265135322263185],"Categories":["Candida sake","Candida sake","Candida","","Saccharomycetales"],"Properties":[-3,2,1]},"811":{"Path":["2","21","89","811"],"Coordinates":[-0.37140053003106172,0.29594974473208885,0.13212225436412212],"Categories":["Kregervanrija delftensis","Kregervanrija delftensis","Kregervanrija","Saccharomycetaceae","Saccharomycetales"],"Properties":[-3,2,1]}}