{"3319":{"Path":["0","0","3319","3319"],"Coordinates":[0.42372155464426692,0.55831113406146016,0.50030432282587989],"Categories":["Candida atbi","Candida atbi","Candida","","Saccharomycetales"],"Properties":[4,4,4]}}