{"1979":{"Path":["0","794","1979","1979"],"Coordinates":[0.68207461998496788,0.55734210174555932,0.17185825434695889],"Categories":["Saccharomycopsis schoenii","Saccharomycopsis schoenii","Saccharomycopsis","Saccharomycopsidaceae","Saccharomycetales"],"Properties":[6,4,1]}}