{"2575":{"Path":["0","0","2575","2575"],"Coordinates":[0.48645596536598729,0.4461394858411431,0.571454882806303],"Categories":["Cryptococcus pseudolongus","Cryptococcus pseudolongus","Cryptococcus","Tremellaceae","Tremellales"],"Properties":[4,3,5]}}