{"2445":{"Path":["0","0","2445","2445"],"Coordinates":[0.35205541078354197,0.37541652107131507,0.41936037600954551],"Categories":["Cuniculitrema polymorpha","Cuniculitrema polymorpha","Cuniculitrema","Cuniculitremaceae","Tremellales"],"Properties":[3,3,3]}}