{"1362":{"Path":["0","1358","1358","1362"],"Coordinates":[0.45826885979912679,0.36720895764214206,0.36493869305968263],"Categories":["Phaffia rhodozyma","Phaffia rhodozyma","Phaffia","Cystofilobasidiaceae","Cystofilobasidiales"],"Properties":[4,2,3]}}