{"2924":{"Path":["0","0","2924","2924"],"Coordinates":[0.44760805895514566,0.47854150859431049,0.55450086364962237],"Categories":["Candida ortonii","Candida ortonii","Candida","","Saccharomycetales"],"Properties":[4,3,4]},"3252":{"Path":["0","0","2924","3252"],"Coordinates":[0.25569326134558429,0.527956181860015,0.37850584489963196],"Categories":["Ogataea falcaomoraisii","Ogataea falcaomoraisii","Ogataea","Saccharomycetaceae","Saccharomycetales"],"Properties":[2,4,3]}}