{"225":{"Path":["0","0","219","225"],"Coordinates":[0.469823038066565,0.67295301659127338,0.53891322415834952],"Categories":["Torulaspora microellipsoides","Torulaspora microellipsoides","Torulaspora","Saccharomycetaceae","Saccharomycetales"],"Properties":[4,5,4]},"226":{"Path":["0","0","219","225"],"Coordinates":[0.46978672401675864,0.672971874519453,0.53888887377436667],"Categories":["Torulaspora microellipsoides","Torulaspora microellipsoides","Torulaspora","Saccharomycetaceae","Saccharomycetales"],"Properties":[4,5,4]}}