{"4155":{"Path":["0","0","4155","4155"],"Coordinates":[0.38487552617019621,0.22421697120867648,0.85790133114483957],"Categories":["Wickerhamomyces scolytoplatypi","Wickerhamomyces scolytoplatypi","Wickerhamomyces","","Saccharomycetales"],"Properties":[3,1,7]},"4190":{"Path":["0","0","4155","4155"],"Coordinates":[0.38488675684948165,0.22422858755727934,0.85790739033562313],"Categories":["Wickerhamomyces scolytoplatypi","Komagataella populi","Komagataella","Saccharomycetaceae","Saccharomycetales"],"Properties":[3,1,7]}}