{"2619":{"Path":["0","0","2619","2619"],"Coordinates":[0.18262514291844958,0.75887026918697909,0.38400060553627186],"Categories":["Tausonia pamirica","Tausonia pamirica","Tausonia","","Tremellales"],"Properties":[1,6,3]}}