{"2850":{"Path":["0","0","2051","2850"],"Coordinates":[0.49898294735960341,0.60466746890747114,0.42077971903546707],"Categories":["Candida powellii","Candida powellii","Candida","","Saccharomycetales"],"Properties":[4,4,3]}}