{"3129":{"Path":["0","0","3132","3130"],"Coordinates":[0.77498271731734614,0.37886099115548755,0.6511992552469319],"Categories":["Blastobotrys indianaensis","Blastobotrys indianaensis","Blastobotrys","Trichomonascaceae","Saccharomycetales"],"Properties":[7,3,5]},"3130":{"Path":["0","0","3132","3130"],"Coordinates":[0.77386454456295262,0.38034900003875272,0.6504674634358677],"Categories":["Blastobotrys indianaensis","Blastobotrys indianaensis","Blastobotrys","Trichomonascaceae","Saccharomycetales"],"Properties":[7,3,5]}}