{"1317":{"Path":["0","0","411","1317"],"Coordinates":[0.53567030500591772,0.56962730735651157,0.6032307994735564],"Categories":["Ogataea glucozyma","Ogataea glucozyma","Ogataea","Saccharomycetaceae","Saccharomycetales"],"Properties":[5,4,5]}}