{"929":{"Path":["0","0","929","929"],"Coordinates":[0.14551575156012658,0.51466813154974145,0.32395058195492626],"Categories":["Saccharomycopsis vini","Saccharomycopsis vini","Saccharomycopsis","Saccharomycopsidaceae","Saccharomycetales"],"Properties":[1,4,2]}}