{"2805":{"Path":["0","0","2805","2805"],"Coordinates":[0.41137567961908011,0.38253509436887012,0.62926536741406558],"Categories":["Candida piceae","Candida piceae","Candida","","Saccharomycetales"],"Properties":[4,3,5]}}