{"2394":{"Path":["0","0","2394","2394"],"Coordinates":[0.24180339905727308,0.3079462065048566,0.61301332264824027],"Categories":["Candida succiphila","Candida succiphila","Candida","","Saccharomycetales"],"Properties":[2,2,5]}}