{"3886":{"Path":["0","0","3885","3886"],"Coordinates":[0.52627009792007351,0.60870395417546652,0.6762801595931589],"Categories":["Ambrosiozyma pseudovanderkliftii","Ambrosiozyma pseudovanderkliftii","Ambrosiozyma","","Saccharomycetales"],"Properties":[5,4,6]}}