{"1917":{"Path":["0","0","1917","1917"],"Coordinates":[0.33885430504443947,0.48635976160768762,0.44108153154025054],"Categories":["Sporobolomyces kluyveri-nielii","Sporobolomyces kluyveri-nielii","Sporobolomyces","","Sporidiobolales"],"Properties":[3,3,3]}}