{"798":{"Path":["0","797","797","798"],"Coordinates":[0.5459953059833007,0.24052883856316129,0.26988760194550127],"Categories":["Saccharomycopsis selenospora","Saccharomycopsis selenospora","Saccharomycopsis","Saccharomycopsidaceae","Saccharomycetales"],"Properties":[5,1,2]}}