{"3548":{"Path":["0","0","3548","3548"],"Coordinates":[0.53668098370202011,0.22156228145412202,0.44937312511455751],"Categories":["Candida ascalaphidarum","Candida ascalaphidarum","Candida","","Saccharomycetales"],"Properties":[5,1,4]}}