{"3361":{"Path":["0","0","3361","3361"],"Coordinates":[0.49854530101529965,0.82920425707197609,0.17824007683635046],"Categories":["Candida bohiensis","Candida bohiensis","Candida","","Saccharomycetales"],"Properties":[4,6,1]}}