{"78":{"Path":["0","0","78","78"],"Coordinates":[0.673485246429529,0.44878678183304838,0.41115081246012364],"Categories":["Candida gropengiesseri","Candida gropengiesseri","Candida","","Saccharomycetales"],"Properties":[6,3,3]}}