{"2517":{"Path":["0","0","2517","2517"],"Coordinates":[0.4491097340868247,0.20206215843302802,0.51798268734605613],"Categories":["Eremothecium sinecaudum","Eremothecium sinecaudum","Eremothecium","Eremotheciaceae","Saccharomycetales"],"Properties":[4,1,4]},"3187":{"Path":["0","0","2517","2517"],"Coordinates":[0.44147202214758929,0.20020614798178762,0.51667635416408619],"Categories":["Eremothecium sinecaudum","Blastobotrys attinorum","Blastobotrys","Trichomonascaceae","Saccharomycetales"],"Properties":[4,1,4]}}