{"3392":{"Path":["0","3392","3392","3392"],"Coordinates":[1.107263781372551,0.92661247086629872,-0.32411526047287847],"Categories":["Candida ficicola","Candida ficicola","Candida","","Saccharomycetales"],"Properties":[1,7,-2]}}