{"3677":{"Path":["0","0","3677","3677"],"Coordinates":[0.52473899629830889,0.51334382962896175,0.37331899660386858],"Categories":["Rhodotorula psychrophila","Rhodotorula psychrophila","Rhodotorula","","Sporidiobolales"],"Properties":[5,4,3]}}