{"3987":{"Path":["0","0","3987","3987"],"Coordinates":[0.58217067983504023,0.48787854985999979,0.89896474403021365],"Categories":["Torulaspora quercuum","Torulaspora quercuum","Torulaspora","Saccharomycetaceae","Saccharomycetales"],"Properties":[5,3,8]}}