{"1961":{"Path":["0","0","1961","1961"],"Coordinates":[0.28883188241332824,0.63798012943778926,0.28596389842291209],"Categories":["Cystofilobasidium ferigula","Cystofilobasidium ferigula","Cystofilobasidium","Cystofilobasidiaceae","Cystofilobasidiales"],"Properties":[2,5,2]},"1962":{"Path":["0","0","1961","1961"],"Coordinates":[0.28987535556630506,0.63917921687210411,0.28475008084852738],"Categories":["Cystofilobasidium ferigula","Cystofilobasidium ferigula","Cystofilobasidium","Cystofilobasidiaceae","Cystofilobasidiales"],"Properties":[2,5,2]}}