{"151":{"Path":["0","0","151","151"],"Coordinates":[0.42887942783063632,0.49335109925039355,0.55299250192483218],"Categories":["Rhodotorula aurantiaca","Rhodotorula aurantiaca","Rhodotorula","","Sporidiobolales"],"Properties":[4,3,4]}}