{"1945":{"Path":["0","0","1946","1945"],"Coordinates":[0.47256105540706134,0.57815609459079309,0.39154622214129725],"Categories":["Candida tsuchiyae","Candida tsuchiyae","Candida","","Saccharomycetales"],"Properties":[4,4,3]},"1946":{"Path":["0","0","1946","1946"],"Coordinates":[0.63695432240750738,0.44235512026847656,0.592753747396913],"Categories":["Candida tsuchiyae","Candida tsuchiyae","Candida","","Saccharomycetales"],"Properties":[6,3,5]}}