{"805":{"Path":["0","0","805","805"],"Coordinates":[0.11390067839108604,0.47889199210823452,0.61973688603436938],"Categories":["Eremothecium coryli","Eremothecium coryli","Eremothecium","Eremotheciaceae","Saccharomycetales"],"Properties":[1,3,5]}}