{"2825":{"Path":["0","0","2825","2825"],"Coordinates":[0.57813557198824173,0.19279687153694702,0.50586222076177212],"Categories":["Barnettozyma hawaiiensis","Barnettozyma hawaiiensis","Barnettozyma","","Saccharomycetales"],"Properties":[5,1,4]}}