{"3498":{"Path":["0","0","3498","3498"],"Coordinates":[0.72975330102743319,0.66130291414803821,0.522751256115412],"Categories":["Candida riodocensis","Candida riodocensis","Candida","","Saccharomycetales"],"Properties":[7,5,4]}}