{"2771":{"Path":["0","0","2771","2771"],"Coordinates":[0.82838146212443942,0.72662814706581991,0.558760815855129],"Categories":["Cyberlindnera maclurae","Cyberlindnera maclurae","Cyberlindnera","","Saccharomycetales"],"Properties":[8,5,5]}}