{"2753":{"Path":["0","0","2753","2753"],"Coordinates":[0.64117576875137838,0.5033591213419164,0.60590744635865745],"Categories":["Kockovaella sacchari","Kockovaella sacchari","Kockovaella","Cuniculitremaceae","Tremellales"],"Properties":[6,4,5]}}