{"4015":{"Path":["0","0","4015","4015"],"Coordinates":[0.29929386826025595,0.61087446284797631,0.7088525332229666],"Categories":["Kloeckera taiwanica","Kloeckera taiwanica","Kloeckera","Saccharomycodaceae","Saccharomycetales"],"Properties":[2,4,6]}}