{"3108":{"Path":["0","0","3107","3108"],"Coordinates":[0.65192430864513251,0.575995317115125,0.26558990333211374],"Categories":["Candida cretensis","Candida cretensis","Candida","","Saccharomycetales"],"Properties":[6,4,2]},"3109":{"Path":["0","0","3107","3108"],"Coordinates":[0.65194442970183131,0.57599753533393261,0.26559527883180789],"Categories":["Candida cretensis","Candida cretensis","Candida","","Saccharomycetales"],"Properties":[6,4,2]}}