{"2068":{"Path":["0","0","2068","2068"],"Coordinates":[0.89989552078091739,0.52621499395784188,0.30510427514095445],"Categories":["Candida vaccinii","Candida vaccinii","Candida","","Saccharomycetales"],"Properties":[8,4,2]}}