{"2305":{"Path":["2305","2305","2305","2305"],"Coordinates":[0.58784152054394945,0.9966543790411212,0.64812193497340487],"Categories":["Malassezia obtusa","Malassezia obtusa","Malassezia","","Malasseziales"],"Properties":[5,7,5]},"2306":{"Path":["2305","2305","2305","2305"],"Coordinates":[0.58783188863256763,0.99664913839856362,0.64813166003749367],"Categories":["Malassezia obtusa","Malassezia obtusa","Malassezia","","Malasseziales"],"Properties":[5,7,5]}}