{"2580":{"Path":["0","0","2580","2580"],"Coordinates":[0.931273498409634,0.44683869217085176,0.55529504811510366],"Categories":["Fellomyces thailandicus","Fellomyces thailandicus","Fellomyces","Cuniculitremaceae","Tremellales"],"Properties":[9,3,4]}}