{"2933":{"Path":["0","0","2933","2933"],"Coordinates":[0.049133125839758124,0.14325698264907139,0.8972407488696954],"Categories":["Candida prunicola","Candida prunicola","Candida","","Saccharomycetales"],"Properties":[0,1,8]}}