{"2517":{"Path":["0","0","2517","2517"],"Coordinates":[0.4491097340868247,0.20206215843302802,0.51798268734605613],"Categories":["Eremothecium sinecaudum","Eremothecium sinecaudum","Eremothecium","Eremotheciaceae","Saccharomycetales"],"Properties":[4,1,4]}}