{"1295":{"Path":["1295","1295","1295","1295"],"Coordinates":[0.35258343394757319,-0.083563476407406287,0.97473910564794919],"Categories":["Candida suecica","Candida suecica","Candida","","Saccharomycetales"],"Properties":[3,0,8]}}