{"507":{"Path":["0","0","507","507"],"Coordinates":[0.779894088349296,0.65453077114854308,0.40887937465785212],"Categories":["Wickerhamomyces silvicola","Wickerhamomyces silvicola","Wickerhamomyces","","Saccharomycetales"],"Properties":[7,5,3]}}