{"1334":{"Path":["0","0","1334","1334"],"Coordinates":[0.44744276736235916,0.46926530019906265,0.78910279566332064],"Categories":["Saturnispora zaruensis","Saturnispora zaruensis","Saturnispora","Saccharomycetaceae","Saccharomycetales"],"Properties":[4,3,7]},"1335":{"Path":["0","0","1334","1335"],"Coordinates":[0.43766133549220648,0.46718248465168488,0.78919548559087871],"Categories":["Saturnispora zaruensis","Saturnispora zaruensis","Saturnispora","Saccharomycetaceae","Saccharomycetales"],"Properties":[4,3,7]}}