{"3870":{"Path":["0","0","3870","3870"],"Coordinates":[0.4138686295615393,0.604253007249162,0.22139317605760239],"Categories":["Asterotremella nantouana","Asterotremella nantouana","Asterotremella","Trichosporonaceae","Tremellales"],"Properties":[4,4,1]}}