{"2788":{"Path":["0","0","2787","2788"],"Coordinates":[0.31335747292742605,0.3889020284742688,0.55854473845381458],"Categories":["Cryptococcus oeirensis","Cryptococcus oeirensis","Cryptococcus","Tremellaceae","Tremellales"],"Properties":[3,3,5]},"2789":{"Path":["0","0","2787","2788"],"Coordinates":[0.31334139098250829,0.38889044680740703,0.55854506035859364],"Categories":["Cryptococcus oeirensis","Cryptococcus oeirensis","Cryptococcus","Tremellaceae","Tremellales"],"Properties":[3,3,5]}}