{"3913":{"Path":["0","0","3913","3913"],"Coordinates":[0.50288258321458523,0.552928889562976,0.761489562196057],"Categories":["Kuraishia ogatae","Kuraishia ogatae","Kuraishia","Saccharomycetaceae","Saccharomycetales"],"Properties":[5,4,6]}}