{"2902":{"Path":["0","0","2902","2902"],"Coordinates":[0.69870438340092178,0.75570639746862933,0.54953526065458214],"Categories":["Saccharomyces mikatae","Saccharomyces mikatae","Saccharomyces","Saccharomycetaceae","Saccharomycetales"],"Properties":[6,6,4]}}