{"1309":{"Path":["0","0","1309","1309"],"Coordinates":[0.45318130732437339,0.47558524487543652,0.48060188748290245],"Categories":["Barnettozyma californica","Barnettozyma californica","Barnettozyma","","Saccharomycetales"],"Properties":[4,3,4]}}