{"2280":{"Path":["0","0","2280","2280"],"Coordinates":[0.34244338558896892,0.47839215169146382,0.32145331518535669],"Categories":["Agaricostilbum hyphaenes","Agaricostilbum hyphaenes","Agaricostilbum","Agaricostilbaceae","Agaricostilbales"],"Properties":[3,3,2]}}