{"1540":{"Path":["0","0","1540","1540"],"Coordinates":[0.32706562660728189,0.24423897241330733,0.62072432696385815],"Categories":["Candida silvatica","Candida silvatica","Candida","","Saccharomycetales"],"Properties":[3,1,5]}}