{"532":{"Path":["0","0","532","532"],"Coordinates":[0.36077004206910712,0.59152409229918179,0.42409989938293308],"Categories":["Kazachstania pintolopesii","Kazachstania pintolopesii","Kazachstania","Saccharomycetaceae","Saccharomycetales"],"Properties":[3,4,3]},"817":{"Path":["0","0","532","817"],"Coordinates":[0.67951897984095289,0.693542056018607,0.507641786203818],"Categories":["Kazachstania heterogenica","Kazachstania heterogenica","Kazachstania","Saccharomycetaceae","Saccharomycetales"],"Properties":[6,5,4]}}