{"950":{"Path":["0","416","950","950"],"Coordinates":[0.6028990502658077,0.64461526390383672,0.77687104633504778],"Categories":["Zygotorulaspora mrakii","Zygotorulaspora mrakii","Zygotorulaspora","Saccharomycetaceae","Saccharomycetales"],"Properties":[6,5,6]}}