{"2668":{"Path":["0","0","2666","2669"],"Coordinates":[0.51645784977351428,0.28930186066231844,0.72460507616466219],"Categories":["Candida restingae","Candida restingae","Candida","","Saccharomycetales"],"Properties":[5,2,6]},"2669":{"Path":["0","0","2666","2669"],"Coordinates":[0.51645254002481666,0.28933428595373678,0.72456739299960671],"Categories":["Candida restingae","Candida restingae","Candida","","Saccharomycetales"],"Properties":[5,2,6]}}