{"3525":{"Path":["0","0","3525","3525"],"Coordinates":[0.29467984556949345,0.86048847400178186,0.31217679317933111],"Categories":["Cryptococcus dejecticola","Cryptococcus dejecticola","Cryptococcus","Tremellaceae","Tremellales"],"Properties":[2,6,2]},"3526":{"Path":["0","0","3525","3525"],"Coordinates":[0.29387121585952486,0.861860280672233,0.30963430139939119],"Categories":["Cryptococcus dejecticola","Cryptococcus dejecticola","Cryptococcus","Tremellaceae","Tremellales"],"Properties":[2,6,2]}}