{"2882":{"Path":["0","0","2882","2882"],"Coordinates":[0.36722318843368135,0.37755339592613718,0.50943820964617059],"Categories":["Metschnikowia drosophilae","Metschnikowia drosophilae","Metschnikowia","Metschnikowiaceae","Saccharomycetales"],"Properties":[3,3,4]}}