{"1811":{"Path":["0","0","1260","1811"],"Coordinates":[0.4112892952613344,0.43625823344268738,0.59638334487403033],"Categories":["Cyberlindnera mississippiensis","Cyberlindnera mississippiensis","Cyberlindnera","","Saccharomycetales"],"Properties":[4,3,5]}}