{"3512":{"Path":["0","0","170","3512"],"Coordinates":[0.74957074304916926,0.74025174052743137,0.55988036390856666],"Categories":["Cryptococcus paraflavus","Cryptococcus paraflavus","Cryptococcus","Tremellaceae","Tremellales"],"Properties":[7,5,5]}}