{"2411":{"Path":["0","0","2411","2411"],"Coordinates":[0.5710346549445029,0.8250745728590716,0.744945536591748],"Categories":["Cyberlindnera misumaiensis","Cyberlindnera misumaiensis","Cyberlindnera","","Saccharomycetales"],"Properties":[5,6,6]}}