{"3449":{"Path":["0","0","3451","3449"],"Coordinates":[0.61650015044836737,0.77094756987883073,0.39566999810802156],"Categories":["Candida ubatubensis","Candida ubatubensis","Candida","","Saccharomycetales"],"Properties":[6,6,3]},"3451":{"Path":["0","0","3451","3451"],"Coordinates":[0.49480906496646909,0.63960618580393236,0.31848205569150217],"Categories":["Candida ubatubensis","Candida ubatubensis","Candida","","Saccharomycetales"],"Properties":[4,5,2]}}