{"3585":{"Path":["0","0","3585","3585"],"Coordinates":[0.44155673060729833,0.45923715083738237,0.41930494208193941],"Categories":["Candida aglyptini","Candida aglyptini","Candida","","Saccharomycetales"],"Properties":[4,3,3]}}