{"599":{"Path":["0","55","55","599"],"Coordinates":[0.52756805249249639,0.65768406274618108,0.61278225740892089],"Categories":["Debaryomyces marama","Debaryomyces marama","Debaryomyces","Saccharomycetaceae","Saccharomycetales"],"Properties":[5,5,5]}}