{"1141":{"Path":["0","0","1141","1141"],"Coordinates":[0.44208810723103759,0.1077233055091367,0.39278817441857355],"Categories":["Candida torresii","Candida torresii","Candida","","Saccharomycetales"],"Properties":[4,0,3]},"1142":{"Path":["0","0","1141","1141"],"Coordinates":[0.44152678281690172,0.10750996522608206,0.39247253292107],"Categories":["Candida torresii","Candida torresii","Candida","","Saccharomycetales"],"Properties":[4,0,3]}}