{"54":{"Path":["0","0","58","54"],"Coordinates":[0.34301034844266015,0.9228860780756597,0.12771310960972582],"Categories":["Candida glabrata","Candida glabrata","Candida","","Saccharomycetales"],"Properties":[3,7,1]}}