{"3828":{"Path":["0","0","3828","3828"],"Coordinates":[0.098214641427376279,0.24398986305871892,0.32081344014808771],"Categories":["Kloeckera hatyaiensis","Kloeckera hatyaiensis","Kloeckera","Saccharomycodaceae","Saccharomycetales"],"Properties":[0,1,2]}}