{"853":{"Path":["0","0","854","854"],"Coordinates":[0.65749141848807324,0.69526420107618025,0.63351580866215673],"Categories":["Candida apicola","Candida apicola","Candida","","Saccharomycetales"],"Properties":[6,5,5]},"854":{"Path":["0","0","854","854"],"Coordinates":[0.65857955062490825,0.69411252981568017,0.63230875794580887],"Categories":["Candida apicola","Candida apicola","Candida","","Saccharomycetales"],"Properties":[6,5,5]}}