{"3375":{"Path":["0","0","3375","3375"],"Coordinates":[0.32430694893382878,0.51186116269185633,0.67950700357739235],"Categories":["Cryptococcus foliicola","Cryptococcus foliicola","Cryptococcus","Tremellaceae","Tremellales"],"Properties":[3,4,6]}}