{"3466":{"Path":["0","0","3466","3466"],"Coordinates":[0.70261382811795825,0.41353148095589787,0.53654570807041091],"Categories":["Dioszegia catarinonii","Dioszegia catarinonii","Dioszegia","Tremellaceae","Tremellales"],"Properties":[7,3,4]},"3530":{"Path":["0","0","3466","3530"],"Coordinates":[0.29274651117448081,0.47117647058220236,0.54514355289165772],"Categories":["Dioszegia athyri","Dioszegia athyri","Dioszegia","Tremellaceae","Tremellales"],"Properties":[2,3,4]}}