{"1532":{"Path":["0","0","1532","1532"],"Coordinates":[0.49176528188797169,0.67907809509490036,0.27025534586576178],"Categories":["Rhodotorula philyla","Rhodotorula philyla","Rhodotorula","","Sporidiobolales"],"Properties":[4,5,2]}}