{"3889":{"Path":["0","0","3889","3889"],"Coordinates":[0.63742714705694725,0.40579996608027735,0.21078378002207937],"Categories":["Ambrosiozyma vanderkliftii","Ambrosiozyma vanderkliftii","Ambrosiozyma","","Saccharomycetales"],"Properties":[6,3,1]}}