{"1825":{"Path":["0","0","702","1825"],"Coordinates":[0.62715211997939391,0.37427173925216395,0.46597199984831755],"Categories":["Candida fermenticarens","Candida fermenticarens","Candida","","Saccharomycetales"],"Properties":[6,2,4]}}