{"2200":{"Path":["0","0","1363","2200"],"Coordinates":[0.31294419916827115,0.38443446450151542,0.661598070678659],"Categories":["Lipomyces doorenjongii","Lipomyces doorenjongii","Lipomyces","Lipomycetaceae","Saccharomycetales"],"Properties":[3,3,5]}}