{"581":{"Path":["0","581","581","581"],"Coordinates":[0.3668077753388217,0.28078260604253424,0.26226372487548383],"Categories":["Brettanomyces nanus","Brettanomyces nanus","Brettanomyces","Pichiaceae","Saccharomycetales"],"Properties":[3,2,2]}}