{"4248":{"Path":["0","0","4249","4249"],"Coordinates":[0.43072730415421523,0.29946952015416445,0.74364736083664174],"Categories":["Candida verbasci","Candida verbasci","Candida","","Saccharomycetales"],"Properties":[4,2,6]},"4249":{"Path":["0","0","4249","4249"],"Coordinates":[0.43072589094981517,0.29948074110321149,0.74363594917956133],"Categories":["Candida verbasci","Candida verbasci","Candida","","Saccharomycetales"],"Properties":[4,2,6]}}