{"3680":{"Path":["0","0","3682","3680"],"Coordinates":[0.35880115118498423,0.72875887857624777,0.74251707904791375],"Categories":["Cryptococcus arboriformis","Cryptococcus arboriformis","Cryptococcus","Tremellaceae","Tremellales"],"Properties":[3,5,6]}}