{"3361":{"Path":["0","0","3361","3361"],"Coordinates":[0.57465270520612033,0.73423036746206183,0.23529133593244697],"Categories":["Candida bohiensis","Candida bohiensis","Candida","","Saccharomycetales"],"Properties":[5,5,2]}}