{"2766":{"Path":["0","0","2766","2766"],"Coordinates":[0.91573997616570557,0.39713914729377481,0.66265423118337841],"Categories":["Kazachstania turicensis","Kazachstania turicensis","Kazachstania","Saccharomycetaceae","Saccharomycetales"],"Properties":[9,3,5]}}