{"3517":{"Path":["0","0","3517","3517"],"Coordinates":[0.42045374593324247,0.26791342157435988,0.22881459715698369],"Categories":["Kregervanrija pseudodelftensis","Kregervanrija pseudodelftensis","Kregervanrija","Saccharomycetaceae","Saccharomycetales"],"Properties":[4,2,2]}}