{"2500":{"Path":["0","0","1513","2500"],"Coordinates":[0.64950222067970054,0.669635888666048,0.54204348968653826],"Categories":["Scheffersomyces coipomoensis","Scheffersomyces coipomoensis","Scheffersomyces","Debaryomycetaceae","Saccharomycetales"],"Properties":[6,5,4]}}