{"3765":{"Path":["0","0","3764","3765"],"Coordinates":[0.64492338756677658,0.82021348748656209,0.389165507077067],"Categories":["Kazachstania hellenica","Kazachstania hellenica","Kazachstania","Saccharomycetaceae","Saccharomycetales"],"Properties":[6,6,3]}}