{"4166":{"Path":["0","0","4166","4166"],"Coordinates":[0.33076063285605356,0.43463676952944541,0.64773739896325211],"Categories":["Candida taoyuanica","Candida taoyuanica","Candida","","Saccharomycetales"],"Properties":[3,3,5]}}