{"3100":{"Path":["0","0","37","3100"],"Coordinates":[0.35042798282864024,0.51243954295205252,0.79540318362076057],"Categories":["Hannaella surugaensis","Hannaella surugaensis","Hannaella","","Tremellales"],"Properties":[3,4,7]}}