{"649":{"Path":["5","5","188","649"],"Coordinates":[-0.59037258116543256,0.31785128680693758,-0.10019247870821749],"Categories":["Vanderwaltozyma polyspora","Vanderwaltozyma polyspora","Vanderwaltozyma","Saccharomycetaceae","Saccharomycetales"],"Properties":[-5,2,0]},"4140":{"Path":["5","5","188","649"],"Coordinates":[-0.588005838907428,0.31564997983237914,-0.09670717314423409],"Categories":["Blastobotrys robertii","Pichia koratensis","Pichia","Saccharomycetaceae","Saccharomycetales"],"Properties":[-5,2,0]}}