{"1801":{"Path":["0","0","1801","1801"],"Coordinates":[0.21393009660564685,0.13134122850854554,0.33517172838132631],"Categories":["Phaffomyces thermotolerans","Phaffomyces thermotolerans","Phaffomyces","Phaffomycetaceae","Saccharomycetales"],"Properties":[2,1,3]}}