{"3527":{"Path":["0","0","3527","3527"],"Coordinates":[0.7339683697087187,0.42200864948659644,0.60794032057613756],"Categories":["Cryptococcus bestiolae","Cryptococcus bestiolae","Cryptococcus","Tremellaceae","Tremellales"],"Properties":[7,3,5]}}