{"3292":{"Path":["0","0","3292","3292"],"Coordinates":[0.64169235019355686,0.44665755525926926,0.56848044296099309],"Categories":["Candida elateridarum","Candida elateridarum","Candida","","Saccharomycetales"],"Properties":[6,3,5]}}