{"4086":{"Path":["0","0","4089","4086"],"Coordinates":[0.69814494693886087,0.30229616585431329,0.71264936526739642],"Categories":["Spencermartinsiella europaea","Spencermartinsiella europaea","Spencermartinsiella","Trichomonascaceae","Saccharomycetales"],"Properties":[6,2,6]},"4089":{"Path":["0","0","4089","4089"],"Coordinates":[0.59497262297575482,0.54829157192365052,0.50227762793793207],"Categories":["Spencermartinsiella europaea","Spencermartinsiella europaea","Spencermartinsiella","Trichomonascaceae","Saccharomycetales"],"Properties":[5,4,4]}}