{"2245":{"Path":["0","0","2245","2245"],"Coordinates":[0.49903422751737697,0.22227101637542457,0.34998094331139318],"Categories":["Kazachstania kunashirensis","Kazachstania kunashirensis","Kazachstania","Saccharomycetaceae","Saccharomycetales"],"Properties":[4,1,3]},"2248":{"Path":["0","0","2245","2248"],"Coordinates":[0.53764244460572985,0.4459989406329346,0.435465254080215],"Categories":["Kazachstania kunashirensis","Kazachstania kunashirensis","Kazachstania","Saccharomycetaceae","Saccharomycetales"],"Properties":[5,3,3]}}