{"23":{"Path":["3","23","23","23"],"Coordinates":[-0.30116492663875044,0.2190366878244375,-0.18934064718446372],"Categories":["Pichia membranifaciens","Pichia membranifaciens","Pichia","Saccharomycetaceae","Saccharomycetales"],"Properties":[-3,1,-1]},"252":{"Path":["3","23","23","252"],"Coordinates":[-0.29711096356846323,0.20975580559896892,-0.18221128066413853],"Categories":["Hanseniaspora guilliermondii","Hanseniaspora guilliermondii","Hanseniaspora","Saccharomycodaceae","Saccharomycetales"],"Properties":[-2,1,-1]},"816":{"Path":["3","23","23","816"],"Coordinates":[-0.30819067781370635,0.23074506821511784,-0.18206445813994338],"Categories":["Candida apis","Candida apis","Candida","","Saccharomycetales"],"Properties":[-3,1,-1]}}