{"91":{"Path":["2","25","91","91"],"Coordinates":[-0.2835283145967204,0.3901214660789572,-0.0038889719081453434],"Categories":["Cryptococcus diffluens","Cryptococcus diffluens","Cryptococcus","Tremellaceae","Tremellales"],"Properties":[-2,3,0]},"275":{"Path":["2","25","91","275"],"Coordinates":[-0.27389612887369486,0.39916669614478273,-0.013780196120171961],"Categories":["Sporidiobolus salmonicolor","Sporidiobolus salmonicolor","Sporidiobolus","Sporidiobolaceae","Sporidiobolales"],"Properties":[-2,3,0]}}