{"3538":{"Path":["0","0","3538","3538"],"Coordinates":[0.68097835896736481,0.14274708484786627,0.46708392387711506],"Categories":["Dioszegia butyracea","Dioszegia butyracea","Dioszegia","Tremellaceae","Tremellales"],"Properties":[6,1,4]}}