{"3363":{"Path":["0","0","3364","3364"],"Coordinates":[0.47917819821297031,0.60357507368195185,0.46525514946478991],"Categories":["Candida alai","Candida alai","Candida","","Saccharomycetales"],"Properties":[4,4,4]},"3364":{"Path":["0","0","3364","3364"],"Coordinates":[0.47855318490444892,0.603055402068721,0.46583764472728512],"Categories":["Candida alai","Candida alai","Candida","","Saccharomycetales"],"Properties":[4,4,4]}}