{"1719":{"Path":["0","0","3491","1719"],"Coordinates":[0.32491801997012543,0.52089456283687086,0.57201913098977686],"Categories":["Udeniomyces pyricola","Udeniomyces pyricola","Udeniomyces","","Cystofilobasidiales"],"Properties":[3,4,5]},"3491":{"Path":["0","0","3491","3491"],"Coordinates":[0.29118676465142435,0.77252263268768784,0.46542197046048184],"Categories":["Udeniomyces pseudopyricola","Udeniomyces pseudopyricola","Udeniomyces","","Cystofilobasidiales"],"Properties":[2,6,4]}}