{"1723":{"Path":["0","0","1723","1723"],"Coordinates":[0.77818690317080574,0.06501277300776917,0.28169571258373421],"Categories":["Candida sonorensis","Candida sonorensis","Candida","","Saccharomycetales"],"Properties":[7,0,2]}}