{"857":{"Path":["0","0","857","857"],"Coordinates":[0.56991577018757333,0.46998780162895343,0.77912035559106685],"Categories":["Wickerhamomyces pijperi","Wickerhamomyces pijperi","Wickerhamomyces","","Saccharomycetales"],"Properties":[5,3,7]}}