{"1466":{"Path":["0","0","1466","1466"],"Coordinates":[0.34338644647874594,0.44652535681598926,0.69372322319021174],"Categories":["Ogataea philodendra","Ogataea philodendra","Ogataea","Saccharomycetaceae","Saccharomycetales"],"Properties":[3,3,6]},"1467":{"Path":["0","0","1466","1467"],"Coordinates":[0.33520792229389645,0.44551723234225166,0.6811894517225614],"Categories":["Ogataea philodendra","Ogataea philodendra","Ogataea","Saccharomycetaceae","Saccharomycetales"],"Properties":[3,3,6]}}