{"115":{"Path":["0","0","115","115"],"Coordinates":[0.37690668655653664,0.40736795285089555,0.4874885250465586],"Categories":["Pichia fermentans","Pichia fermentans","Pichia","Saccharomycetaceae","Saccharomycetales"],"Properties":[3,3,4]}}