{"3255":{"Path":["0","0","3256","3256"],"Coordinates":[0.69187251256609927,0.5525350465328428,0.32318990895181587],"Categories":["Candida kunorum","Candida kunorum","Candida","","Saccharomycetales"],"Properties":[6,4,2]},"3256":{"Path":["0","0","3256","3256"],"Coordinates":[0.69183872962771886,0.55253419508362778,0.32315306273579958],"Categories":["Candida kunorum","Candida kunorum","Candida","","Saccharomycetales"],"Properties":[6,4,2]}}