{"2398":{"Path":["0","0","2398","2398"],"Coordinates":[0.4123194864387032,0.23655853656385822,0.2838205865798743],"Categories":["Candida paludigena","Candida paludigena","Candida","","Saccharomycetales"],"Properties":[4,1,2]}}