{"1691":{"Path":["0","0","1691","1691"],"Coordinates":[0.3465619511317875,0.70460249875927172,0.40089236760292379],"Categories":["Pichia scutulata","Pichia scutulata","Pichia","Saccharomycetaceae","Saccharomycetales"],"Properties":[3,5,3]}}