{"3819":{"Path":["0","0","2620","3819"],"Coordinates":[0.62648878032876643,0.519793306222164,0.63581008225572777],"Categories":["Metschnikowia cubensis","Metschnikowia cubensis","Metschnikowia","Metschnikowiaceae","Saccharomycetales"],"Properties":[6,4,5]}}