{"1996":{"Path":["0","0","1996","1996"],"Coordinates":[0.49592391231960209,0.20893819095137847,0.46619709272643639],"Categories":["Udeniomyces megalosporus","Udeniomyces megalosporus","Udeniomyces","","Cystofilobasidiales"],"Properties":[4,1,4]}}