{"1335":{"Path":["0","0","1334","1335"],"Coordinates":[0.27978380273399117,0.74431054092560067,0.25460300874871189],"Categories":["Saturnispora zaruensis","Saturnispora zaruensis","Saturnispora","Saccharomycetaceae","Saccharomycetales"],"Properties":[2,5,2]}}