{"1527":{"Path":["0","0","1527","1527"],"Coordinates":[0.56474964659166549,0.24564421248469873,0.52731698962236007],"Categories":["Candida silvicultrix","Candida silvicultrix","Candida","","Saccharomycetales"],"Properties":[5,1,4]},"3658":{"Path":["0","0","1527","3658"],"Coordinates":[0.50112323580898466,0.24033714385480318,0.65970632512565064],"Categories":["Wickerhamomyces edaphicus","Wickerhamomyces edaphicus","Wickerhamomyces","","Saccharomycetales"],"Properties":[5,1,5]}}