{"3602":{"Path":["0","0","3602","3602"],"Coordinates":[0.5536344267724761,0.59671729508753812,0.45384598670449927],"Categories":["Blastobotrys malaysiensis","Blastobotrys malaysiensis","Blastobotrys","Trichomonascaceae","Saccharomycetales"],"Properties":[5,4,4]},"3607":{"Path":["0","0","3602","3607"],"Coordinates":[0.71282105929846,0.3153615103888584,0.63090100450808928],"Categories":["Blastobotrys illinoisensis","Blastobotrys illinoisensis","Blastobotrys","Trichomonascaceae","Saccharomycetales"],"Properties":[7,2,5]}}