{"1291":{"Path":["0","0","1291","1291"],"Coordinates":[0.33770281923215334,0.47033451895238682,0.33970547437618215],"Categories":["Candida chilensis","Candida chilensis","Candida","","Saccharomycetales"],"Properties":[3,3,3]}}