{"3721":{"Path":["0","0","3721","3721"],"Coordinates":[0.51886039796604444,0.42384958201717143,0.47233214757579278],"Categories":["Candida yuanshanica","Candida yuanshanica","Candida","","Saccharomycetales"],"Properties":[5,3,4]}}