{"610":{"Path":["0","0","610","610"],"Coordinates":[0.618343619083573,0.32388118930687892,0.54200161509244671],"Categories":["Candida nitratophila","Candida nitratophila","Candida","","Saccharomycetales"],"Properties":[6,2,4]}}