{"3427":{"Path":["0","0","37","3427"],"Coordinates":[0.528304487415078,0.38111110707443097,0.65622852423006217],"Categories":["Trichosporon cavernicola","Trichosporon cavernicola","Trichosporon","Trichosporonaceae","Tremellales"],"Properties":[5,3,5]}}