{"4145":{"Path":["0","0","4145","4145"],"Coordinates":[0.066316056391547654,0.25500861440771783,0.38899159774172454],"Categories":["Candida chumphonensis","Candida chumphonensis","Candida","","Saccharomycetales"],"Properties":[0,2,3]}}