{"3436":{"Path":["0","0","3436","3436"],"Coordinates":[0.39104837337286846,0.55949047783371031,0.41555220039692947],"Categories":["Candida hispaniensis","Candida hispaniensis","Candida","","Saccharomycetales"],"Properties":[3,4,3]}}