{"2053":{"Path":["0","0","2053","2053"],"Coordinates":[0.47455615167052428,0.28847451471581043,0.37934373936891685],"Categories":["Candida ovalis","Candida ovalis","Candida","","Saccharomycetales"],"Properties":[4,2,3]}}