{"3352":{"Path":["0","0","3353","3353"],"Coordinates":[0.40582910284062712,0.30958032160215582,0.35814150540529222],"Categories":["Geotrichum cucujoidarum","Geotrichum cucujoidarum","Geotrichum","Dipodascaceae","Saccharomycetales"],"Properties":[4,2,3]},"3353":{"Path":["0","0","3353","3353"],"Coordinates":[0.40589124576017804,0.30958841036200313,0.3581757642870016],"Categories":["Geotrichum cucujoidarum","Geotrichum cucujoidarum","Geotrichum","Dipodascaceae","Saccharomycetales"],"Properties":[4,2,3]}}