{"3263":{"Path":["0","0","3263","3263"],"Coordinates":[0.60182226009139839,0.46876445572209174,0.24655673296183575],"Categories":["Candida yuchorum","Candida yuchorum","Candida","","Saccharomycetales"],"Properties":[6,3,2]}}