{"1785":{"Path":["0","0","1785","1785"],"Coordinates":[0.761559083729883,0.51256019741362147,0.21943209039137307],"Categories":["Starmera amethionina","Starmera amethionina","Starmera","Phaffomycetaceae","Saccharomycetales"],"Properties":[7,4,1]},"2648":{"Path":["0","0","1785","2648"],"Coordinates":[0.56481229879791617,0.87749575748388386,0.2157148566447149],"Categories":["Wickerhamiella lipophila","Wickerhamiella lipophila","Wickerhamiella","","Saccharomycetales"],"Properties":[5,7,1]}}