{"735":{"Path":["0","0","735","735"],"Coordinates":[0.6423750742929506,0.38050963671998189,0.502714047672044],"Categories":["Cryptococcus peneaus","Cryptococcus peneaus","Cryptococcus","Tremellaceae","Tremellales"],"Properties":[6,3,4]}}