{"4243":{"Path":["0","0","4243","4243"],"Coordinates":[0.26713917151375616,0.50856854181020184,0.416149929182288],"Categories":["Starmerella caucasica","Starmerella caucasica","Starmerella","Saccharomycetaceae","Saccharomycetales"],"Properties":[2,4,3]}}