{"3009":{"Path":["0","0","3160","3009"],"Coordinates":[0.5682657986440206,0.45304496349251583,0.58221964114255953],"Categories":["Metschnikowia kunwiensis","Metschnikowia kunwiensis","Metschnikowia","Metschnikowiaceae","Saccharomycetales"],"Properties":[5,3,5]}}