{"528":{"Path":["0","0","528","528"],"Coordinates":[0.39094890516186881,0.51783144803980885,0.56742302591304516],"Categories":["Candida versatilis","Candida versatilis","Candida","","Saccharomycetales"],"Properties":[3,4,5]},"529":{"Path":["0","0","528","529"],"Coordinates":[0.20631226475085082,0.7330770438286891,0.55902746475194176],"Categories":["Candida versatilis","Candida versatilis","Candida","","Saccharomycetales"],"Properties":[2,5,5]}}