{"1014":{"Path":["0","0","870","1014"],"Coordinates":[0.39011894191961305,0.57583269027877293,0.62707980625440385],"Categories":["Candida quercitrusa","Candida quercitrusa","Candida","","Saccharomycetales"],"Properties":[3,4,5]}}