{"12":{"Path":["4","12","12","12"],"Coordinates":[-0.50981610788188558,0.73984294489238167,-0.054468259286953681],"Categories":["Dekkera anomala","Dekkera anomala","Dekkera","Saccharomycetaceae","Saccharomycetales"],"Properties":[-5,5,0]},"1188":{"Path":["4","12","12","12"],"Coordinates":[-0.50966831642445432,0.74168351595063187,-0.052024446222708569],"Categories":["Kodamaea ohmeri","Kodamaea ohmeri","Kodamaea","Saccharomycetaceae","Saccharomycetales"],"Properties":[-5,5,0]}}