{"3561":{"Path":["0","0","3561","3561"],"Coordinates":[0.29119799394592966,0.68084746982470512,0.65475264318879711],"Categories":["Yarrowia yakushimensis","Yarrowia yakushimensis","Yarrowia","","Saccharomycetales"],"Properties":[2,5,5]}}