{"980":{"Path":["0","0","980","980"],"Coordinates":[1.0018292670915989,0.45232682048549766,0.42113760327805366],"Categories":["Ogataea wickerhamii","Ogataea wickerhamii","Ogataea","Saccharomycetaceae","Saccharomycetales"],"Properties":[0,3,3]}}