{"1463":{"Path":["0","0","1463","1463"],"Coordinates":[0.44473297672394146,0.34749644008144487,0.45352661659846361],"Categories":["Bullera dendrophila","Bullera dendrophila","Bullera","Tremellaceae","Tremellales"],"Properties":[4,2,4]}}