{"55":{"Path":["0","55","55","55"],"Coordinates":[0.51602845983599288,0.65174899164426991,0.61356502962178383],"Categories":["Candida glabrata","Candida glabrata","Candida","","Saccharomycetales"],"Properties":[5,5,5]}}