{"3728":{"Path":["0","0","3728","3728"],"Coordinates":[0.29050308682952258,0.43848624853950458,0.15435944674079558],"Categories":["Cryptococcus hepingensis","Cryptococcus hepingensis","Cryptococcus","Tremellaceae","Tremellales"],"Properties":[2,3,1]},"3729":{"Path":["0","0","3728","3728"],"Coordinates":[0.2905104580523582,0.4384887386739732,0.15434556069267144],"Categories":["Cryptococcus hepingensis","Cryptococcus hepingensis","Cryptococcus","Tremellaceae","Tremellales"],"Properties":[2,3,1]}}