{"3660":{"Path":["0","0","3660","3660"],"Coordinates":[0.51872562023936508,0.46695997287023511,0.52666003707895237],"Categories":["Metschnikowia cerradonensis","Metschnikowia cerradonensis","Metschnikowia","Metschnikowiaceae","Saccharomycetales"],"Properties":[5,3,4]}}