{"1006":{"Path":["0","0","1006","1006"],"Coordinates":[0.39065483509676985,0.52312472226129492,0.531782012836286],"Categories":["Candida castellii","Candida castellii","Candida","","Saccharomycetales"],"Properties":[3,4,4]}}