{"2547":{"Path":["0","0","2547","2547"],"Coordinates":[0.15972048379247117,0.49038369421485423,0.24521229301472874],"Categories":["Fellomyces mexicanus","Fellomyces mexicanus","Fellomyces","Cuniculitremaceae","Tremellales"],"Properties":[1,3,2]}}