{"555":{"Path":["0","0","555","555"],"Coordinates":[0.11021614133322688,0.35614690977392716,0.4197229376971871],"Categories":["Candida blankii","Candida blankii","Candida","","Saccharomycetales"],"Properties":[1,2,3]},"558":{"Path":["0","0","555","558"],"Coordinates":[0.14220529540463162,0.055471432054885771,0.45203766355957836],"Categories":["Candida blankii","Candida blankii","Candida","","Saccharomycetales"],"Properties":[1,0,4]}}