{"3154":{"Path":["0","0","3154","3154"],"Coordinates":[0.23933579848883588,0.48116508190000551,0.40282676601991863],"Categories":["Leucosporidium golubevii","Leucosporidium golubevii","Leucosporidium","Sporidiobolaceae","Sporidiobolales"],"Properties":[2,3,3]}}