{"2495":{"Path":["0","0","2496","2495"],"Coordinates":[0.58013061113297681,0.36890178321548894,0.69880078879580565],"Categories":["Candida sophiae-reginae","Candida sophiae-reginae","Candida","","Saccharomycetales"],"Properties":[5,2,6]},"2496":{"Path":["0","0","2496","2496"],"Coordinates":[0.58207193640688781,0.37625753682739488,0.6923104771714067],"Categories":["Candida sophiae-reginae","Candida sophiae-reginae","Candida","","Saccharomycetales"],"Properties":[5,3,6]}}