{"356":{"Path":["0","0","356","356"],"Coordinates":[0.8446463210579398,0.47118088871606006,0.8239879035738169],"Categories":["Candida tenuis","Candida tenuis","Candida","","Saccharomycetales"],"Properties":[8,3,7]}}