{"3478":{"Path":["0","0","2620","3479"],"Coordinates":[0.3724495413702853,0.48559850114659592,0.60719559068060491],"Categories":["Metschnikowia hamakuensis","Metschnikowia hamakuensis","Metschnikowia","Metschnikowiaceae","Saccharomycetales"],"Properties":[3,3,5]},"3479":{"Path":["0","0","2620","3479"],"Coordinates":[0.37246355680263443,0.48560256451107314,0.60719385107452983],"Categories":["Metschnikowia hamakuensis","Metschnikowia hamakuensis","Metschnikowia","Metschnikowiaceae","Saccharomycetales"],"Properties":[3,3,5]}}