{"2858":{"Path":["0","0","2858","2858"],"Coordinates":[1.1395206621727443,0.6106417398668762,0.8681196790513116],"Categories":["Danielozyma litseae","Danielozyma litseae","Danielozyma","",""],"Properties":[1,4,7]}}