{"3006":{"Path":["0","0","3006","3006"],"Coordinates":[0.72427098117375588,0.10567563485142789,0.479094273820918],"Categories":["Metschnikowia arizonensis","Metschnikowia arizonensis","Metschnikowia","Metschnikowiaceae","Saccharomycetales"],"Properties":[7,0,4]}}