{"2616":{"Path":["0","0","2616","2616"],"Coordinates":[0.27290386190727972,0.47134405765632936,0.58662836260611817],"Categories":["Kazachstania yakushimaensis","Kazachstania yakushimaensis","Kazachstania","Saccharomycetaceae","Saccharomycetales"],"Properties":[2,3,5]}}