{"4120":{"Path":["0","0","4120","4120"],"Coordinates":[0.49204969998046655,0.71487167742903612,0.56473024234876879],"Categories":["Candida citri","Candida citri","Candida","","Saccharomycetales"],"Properties":[4,5,5]},"4122":{"Path":["0","0","4120","4120"],"Coordinates":[0.49205886837143453,0.71488477859998345,0.56473317784548671],"Categories":["Candida citri","Candida citri","Candida","","Saccharomycetales"],"Properties":[4,5,5]}}