{"2426":{"Path":["0","0","2426","2426"],"Coordinates":[0.32057018292916512,0.37670018025993868,0.6144129458522275],"Categories":["Sporobolomyces foliicola","Sporobolomyces foliicola","Sporobolomyces","","Sporidiobolales"],"Properties":[3,3,5]},"2428":{"Path":["0","0","2426","2428"],"Coordinates":[0.6239855656608545,0.532699666219416,0.4799618943153216],"Categories":["Sporobolomyces foliicola","Sporobolomyces foliicola","Sporobolomyces","","Sporidiobolales"],"Properties":[6,4,4]}}