{"28":{"Path":["0","0","37","37"],"Coordinates":[0.42037744416029138,0.4861096297931784,0.48437940355353609],"Categories":["Filobasidiella neoformans","Filobasidiella neoformans","Filobasidiella","","Tremellales"],"Properties":[4,3,4]},"29":{"Path":["0","0","37","37"],"Coordinates":[0.41821063947722259,0.49638618587301003,0.48179760366572488],"Categories":["Filobasidiella neoformans","Filobasidiella neoformans","Filobasidiella","","Tremellales"],"Properties":[4,3,4]},"30":{"Path":["0","0","37","37"],"Coordinates":[0.417982046420391,0.49755061280227303,0.481494036456157],"Categories":["Filobasidiella neoformans","Filobasidiella neoformans","Filobasidiella","","Tremellales"],"Properties":[4,3,4]},"31":{"Path":["0","0","37","37"],"Coordinates":[0.41843503984411079,0.49526166416527145,0.48208839612404064],"Categories":["Filobasidiella neoformans","Filobasidiella neoformans","Filobasidiella","","Tremellales"],"Properties":[4,3,4]},"32":{"Path":["0","0","37","37"],"Coordinates":[0.41173494729662,0.52699380773748628,0.47412238080037689],"Categories":["Filobasidiella neoformans","Filobasidiella neoformans","Filobasidiella","","Tremellales"],"Properties":[4,4,4]},"33":{"Path":["0","0","37","37"],"Coordinates":[0.41536713671923364,0.50997520985248213,0.47836944739321235],"Categories":["Filobasidiella neoformans","Filobasidiella neoformans","Filobasidiella","","Tremellales"],"Properties":[4,4,4]},"34":{"Path":["0","0","37","37"],"Coordinates":[0.41621652295760614,0.50622986269975689,0.47927151329707862],"Categories":["Filobasidiella neoformans","Filobasidiella neoformans","Filobasidiella","","Tremellales"],"Properties":[4,4,4]},"35":{"Path":["0","0","37","37"],"Coordinates":[0.39221616386078978,0.6217088156731797,0.45003259304288806],"Categories":["Filobasidiella neoformans","Filobasidiella neoformans","Filobasidiella","","Tremellales"],"Properties":[3,4,4]},"36":{"Path":["0","0","37","37"],"Coordinates":[0.41399984720290389,0.51628908715072763,0.47680665877834272],"Categories":["Filobasidiella neoformans","Filobasidiella neoformans","Filobasidiella","","Tremellales"],"Properties":[4,4,4]},"37":{"Path":["0","0","37","37"],"Coordinates":[0.41785131702819828,0.49817431104572718,0.48133683696454022],"Categories":["Filobasidiella neoformans","Filobasidiella neoformans","Filobasidiella","","Tremellales"],"Properties":[4,3,4]},"38":{"Path":["0","0","37","37"],"Coordinates":[0.44272134867027657,0.37858671514582987,0.51160579175284981],"Categories":["Filobasidiella neoformans","Filobasidiella neoformans","Filobasidiella","","Tremellales"],"Properties":[4,3,4]},"39":{"Path":["0","0","37","37"],"Coordinates":[0.42144728468411369,0.48067191968244977,0.48579549899012364],"Categories":["Filobasidiella neoformans","Filobasidiella neoformans","Filobasidiella","","Tremellales"],"Properties":[4,3,4]},"1789":{"Path":["0","0","37","37"],"Coordinates":[0.42175398148662813,0.47973708931326603,0.48595896625019785],"Categories":["Filobasidiella neoformans","Filobasidiella bacillispora","Filobasidiella","","Tremellales"],"Properties":[4,3,4]},"1790":{"Path":["0","0","37","37"],"Coordinates":[0.41467530954920412,0.51342947481019452,0.47747785431113321],"Categories":["Filobasidiella neoformans","Filobasidiella bacillispora","Filobasidiella","","Tremellales"],"Properties":[4,4,4]},"1791":{"Path":["0","0","37","37"],"Coordinates":[0.42198213280019869,0.47843152384691895,0.48631766747379235],"Categories":["Filobasidiella neoformans","Filobasidiella bacillispora","Filobasidiella","","Tremellales"],"Properties":[4,3,4]},"2808":{"Path":["0","0","37","37"],"Coordinates":[0.4250652115253975,0.464118174877522,0.48987121538537493],"Categories":["Filobasidiella neoformans","Filobasidiella neoformans","Filobasidiella","","Tremellales"],"Properties":[4,3,4]},"2809":{"Path":["0","0","37","37"],"Coordinates":[0.41839429196152961,0.49558116088439141,0.48199079051771543],"Categories":["Filobasidiella neoformans","Filobasidiella neoformans","Filobasidiella","","Tremellales"],"Properties":[4,3,4]},"2810":{"Path":["0","0","37","37"],"Coordinates":[0.41931676556177055,0.49117287356184969,0.4831028608422423],"Categories":["Filobasidiella neoformans","Filobasidiella neoformans","Filobasidiella","","Tremellales"],"Properties":[4,3,4]},"2811":{"Path":["0","0","37","37"],"Coordinates":[0.420151560262603,0.48720396981644915,0.48410130734636186],"Categories":["Filobasidiella neoformans","Filobasidiella neoformans","Filobasidiella","","Tremellales"],"Properties":[4,3,4]},"2812":{"Path":["0","0","37","37"],"Coordinates":[0.42122311498016596,0.48207222424211388,0.48539738912944808],"Categories":["Filobasidiella neoformans","Filobasidiella neoformans","Filobasidiella","","Tremellales"],"Properties":[4,3,4]},"2813":{"Path":["0","0","37","37"],"Coordinates":[0.41974417269357339,0.48923343566310989,0.48357807159948851],"Categories":["Filobasidiella neoformans","Filobasidiella neoformans","Filobasidiella","","Tremellales"],"Properties":[4,3,4]},"2814":{"Path":["0","0","37","37"],"Coordinates":[0.4756055232692572,0.22522103943757804,0.54977972893791593],"Categories":["Filobasidiella neoformans","Filobasidiella neoformans","Filobasidiella","","Tremellales"],"Properties":[4,1,4]}}