{"1500":{"Path":["0","0","1501","1501"],"Coordinates":[0.602655047708891,0.25457443866736745,0.64792911479041593],"Categories":["Saccharomycopsis synnaedendra","Saccharomycopsis synnaedendra","Saccharomycopsis","Saccharomycopsidaceae","Saccharomycetales"],"Properties":[6,2,5]},"1501":{"Path":["0","0","1501","1501"],"Coordinates":[0.60114634031634862,0.2528465624741934,0.64348634022211393],"Categories":["Saccharomycopsis synnaedendra","Saccharomycopsis synnaedendra","Saccharomycopsis","Saccharomycopsidaceae","Saccharomycetales"],"Properties":[6,2,5]}}