{"60":{"Path":["0","31","60","60"],"Coordinates":[-0.44372073949770813,0.45643600089024206,0.060775419939650591],"Categories":["Cryptococcus laurentii","Cryptococcus laurentii","Cryptococcus","Tremellaceae","Tremellales"],"Properties":[-4,3,0]},"451":{"Path":["0","31","60","451"],"Coordinates":[-0.45053770824244438,0.4611578824540859,0.048368895501478992],"Categories":["Debaryomyces hansenii","Debaryomyces fabryi","Debaryomyces","Saccharomycetaceae","Saccharomycetales"],"Properties":[-4,3,0]},"697":{"Path":["0","31","60","697"],"Coordinates":[-0.43476087619350068,0.45134700838558767,0.073780321165299714],"Categories":["Cystobasidium laryngis","Cystobasidium laryngis","Cystobasidium","Platygloeaceae","Platygloeales"],"Properties":[-4,3,0]}}