{"48":{"Path":["2","48","48","48"],"Coordinates":[-0.25654652400042405,0.4657004708865794,0.11708160177250283],"Categories":["Candida glabrata","Candida glabrata","Candida","","Saccharomycetales"],"Properties":[-2,3,1]},"276":{"Path":["2","48","48","276"],"Coordinates":[-0.25279823615356817,0.46570380218296514,0.10553952313301365],"Categories":["Sporidiobolus salmonicolor","Sporidiobolus salmonicolor","Sporidiobolus","Sporidiobolaceae","Sporidiobolales"],"Properties":[-2,3,0]},"489":{"Path":["2","48","48","489"],"Coordinates":[-0.25473892112201857,0.4681003021369789,0.10607927658664036],"Categories":["Torulaspora delbrueckii","Torulaspora delbrueckii","Torulaspora","Saccharomycetaceae","Saccharomycetales"],"Properties":[-2,3,0]}}