{"3154":{"Path":["0","0","3154","3154"],"Coordinates":[0.35678033549080151,0.24780985635079303,0.60264097708900655],"Categories":["Leucosporidium golubevii","Leucosporidium golubevii","Leucosporidium","Sporidiobolaceae","Sporidiobolales"],"Properties":[3,1,5]}}