{"4244":{"Path":["0","0","4244","4244"],"Coordinates":[0.38618528790741,0.59277421594892821,0.32584143452332009],"Categories":["Candida ecuadorensis","Candida ecuadorensis","Candida","","Saccharomycetales"],"Properties":[3,4,2]},"4245":{"Path":["0","0","4244","4244"],"Coordinates":[0.386170450344384,0.59278366099613977,0.32584603417704683],"Categories":["Candida ecuadorensis","Candida ecuadorensis","Candida","","Saccharomycetales"],"Properties":[3,4,2]}}