{"1350":{"Path":["0","0","1350","1350"],"Coordinates":[0.519561164623869,0.38365650193280604,0.22293111168640248],"Categories":["Metschnikowia reukaufii","Metschnikowia reukaufii","Metschnikowia","Metschnikowiaceae","Saccharomycetales"],"Properties":[5,3,2]}}