{"2971":{"Path":["0","2971","2971","2971"],"Coordinates":[0.56552241976894646,0.53458168290652242,0.54047226196319387],"Categories":["Bensingtonia thailandica","Bensingtonia thailandica","Bensingtonia","Agaricostilbaceae","Agaricostilbales"],"Properties":[5,4,4]}}