{"1196":{"Path":["0","0","1196","1196"],"Coordinates":[0.027907886711084507,0.48739360697669593,0.74153851140433791],"Categories":["Candida berthetii","Candida berthetii","Candida","","Saccharomycetales"],"Properties":[0,3,6]}}