{"1979":{"Path":["0","794","1979","1979"],"Coordinates":[0.43761621807989448,0.44967608441091089,0.39334300362947067],"Categories":["Saccharomycopsis schoenii","Saccharomycopsis schoenii","Saccharomycopsis","Saccharomycopsidaceae","Saccharomycetales"],"Properties":[4,3,3]}}