{"3297":{"Path":["0","0","3301","3297"],"Coordinates":[0.61905684407736139,0.41445660569358411,0.57826769268992773],"Categories":["Candida tritomae","Candida tritomae","Candida","","Saccharomycetales"],"Properties":[6,3,5]},"3301":{"Path":["0","0","3301","3301"],"Coordinates":[0.34599703934139281,0.35532613463997131,0.46167324150206673],"Categories":["Candida pallodes","Candida pallodes","Candida","","Saccharomycetales"],"Properties":[3,2,4]}}