{"4035":{"Path":["0","0","4035","4035"],"Coordinates":[0.55082725098373864,0.29950358551331974,0.84920900829527179],"Categories":["Barnettozyma vustinii","Barnettozyma vustinii","Barnettozyma","","Saccharomycetales"],"Properties":[5,2,7]}}