{"29":{"Path":["1","29","29","29"],"Coordinates":[-0.35034934322777139,0.06183056804030701,-0.27931485378294596],"Categories":["Filobasidiella neoformans","Filobasidiella neoformans","Filobasidiella","","Tremellales"],"Properties":[-3,0,-2]},"75":{"Path":["1","29","75","75"],"Coordinates":[-0.33190676113383988,0.10328953967177784,-0.26525938706514957],"Categories":["Cryptococcus aerius","Cryptococcus aerius","Cryptococcus","Tremellaceae","Tremellales"],"Properties":[-3,0,-2]},"76":{"Path":["1","29","76","76"],"Coordinates":[-0.37415650909775311,0.099836707889624066,-0.28905791974336165],"Categories":["Cryptococcus aerius","Cryptococcus aerius","Cryptococcus","Tremellaceae","Tremellales"],"Properties":[-3,0,-2]},"87":{"Path":["1","29","87","87"],"Coordinates":[-0.36673691338915793,0.082593442137885609,-0.26077860492110794],"Categories":["Candida stellata","Candida stellata","Candida","","Saccharomycetales"],"Properties":[-3,0,-2]},"180":{"Path":["1","29","180","180"],"Coordinates":[-0.364295988738357,0.036240550991537064,-0.26849095407051393],"Categories":["Kazachstania exigua","Kazachstania exigua","Kazachstania","Saccharomycetaceae","Saccharomycetales"],"Properties":[-3,0,-2]},"199":{"Path":["1","29","199","199"],"Coordinates":[-0.31743260565933379,0.042289821110947111,-0.29966342878080615],"Categories":["Kazachstania unispora","Kazachstania unispora","Kazachstania","Saccharomycetaceae","Saccharomycetales"],"Properties":[-3,0,-2]}}