{"4227":{"Path":["0","0","4227","4227"],"Coordinates":[0.4814763865413404,0.77385281878378143,0.27856623828527088],"Categories":["Meredithblackwellia eburnea","Meredithblackwellia eburnea","Meredithblackwellia","Kriegeriaceae","Kriegeriales"],"Properties":[4,6,2]}}