{"4054":{"Path":["0","0","4054","4054"],"Coordinates":[0.93900218752356046,0.87973154936284537,0.50331752731509016],"Categories":["Sympodiomycopsis kandeliae","Sympodiomycopsis kandeliae","Sympodiomycopsis","Microstromataceae","Microstromatales"],"Properties":[9,7,4]}}