{"2690":{"Path":["0","0","2690","2690"],"Coordinates":[0.053532496500657265,0.60879187496464149,0.38787022317917547],"Categories":["Candida taylorii","Candida taylorii","Candida","","Saccharomycetales"],"Properties":[0,4,3]}}