{"3355":{"Path":["0","0","3355","3355"],"Coordinates":[0.23556198209789922,0.33115751953061173,0.092431542041319037],"Categories":["Geotrichum cucujoidarum","Geotrichum cucujoidarum","Geotrichum","Dipodascaceae","Saccharomycetales"],"Properties":[2,2,0]}}