{"2849":{"Path":["0","0","2051","2849"],"Coordinates":[0.59114185124511931,0.70955381878751234,0.48476736166208667],"Categories":["Candida powellii","Candida powellii","Candida","","Saccharomycetales"],"Properties":[5,5,4]}}