{"2289":{"Path":["0","0","2288","2289"],"Coordinates":[0.57733286466038813,0.46964733350190335,0.35888843264188536],"Categories":["Candida sojae","Candida sojae","Candida","","Saccharomycetales"],"Properties":[5,3,3]}}