{"3350":{"Path":["0","0","3351","3350"],"Coordinates":[0.77664893504655208,0.47508133456472629,0.54509201684898922],"Categories":["Geotrichum carabidarum","Geotrichum carabidarum","Geotrichum","Dipodascaceae","Saccharomycetales"],"Properties":[7,3,4]},"3351":{"Path":["0","0","3351","3351"],"Coordinates":[0.77145368672104264,0.47816394862232964,0.53984731615131742],"Categories":["Geotrichum carabidarum","Geotrichum carabidarum","Geotrichum","Dipodascaceae","Saccharomycetales"],"Properties":[7,3,4]}}