{"469":{"Path":["0","0","469","469"],"Coordinates":[0.41590477944589821,0.54645528279224975,0.93386292183561448],"Categories":["Candida pini","Candida pini","Candida","","Saccharomycetales"],"Properties":[4,4,8]}}