{"774":{"Path":["0","0","707","774"],"Coordinates":[0.772995963509434,0.50053933402475648,0.57445679540604877],"Categories":["Peterozyma toletana","Peterozyma toletana","Peterozyma","","Saccharomycetales"],"Properties":[7,4,5]}}