{"2067":{"Path":["0","0","2068","2067"],"Coordinates":[0.095056304255756785,0.55468408853488194,0.7107112450205082],"Categories":["Candida vaccinii","Candida vaccinii","Candida","","Saccharomycetales"],"Properties":[0,4,6]},"2068":{"Path":["0","0","2068","2068"],"Coordinates":[0.093252486738109056,0.53437888880897444,0.700060183737517],"Categories":["Candida vaccinii","Candida vaccinii","Candida","","Saccharomycetales"],"Properties":[0,4,6]}}