{"2858":{"Path":["0","0","2858","2858"],"Coordinates":[0.26409710224330352,0.88645251443879114,0.52037051278568613],"Categories":["Danielozyma litseae","Danielozyma litseae","Danielozyma","",""],"Properties":[2,7,4]}}