{"4222":{"Path":["0","4222","4222","4222"],"Coordinates":[0.2305294716615848,0.81182228304657555,0.47396803876801213],"Categories":["Tortispora ganteri","Tortispora ganteri","Tortispora","Trigonopsidaceae","Saccharomycetales"],"Properties":[2,6,4]}}