{"93":{"Path":["1","22","93","93"],"Coordinates":[-0.32893782985091885,0.22401222014768712,-0.12919357036614459],"Categories":["Cryptococcus diffluens","Cryptococcus diffluens","Cryptococcus","Tremellaceae","Tremellales"],"Properties":[-3,1,-1]},"376":{"Path":["1","22","93","376"],"Coordinates":[-0.33631020276805668,0.22664427987012045,-0.11696535267030807],"Categories":["Zygosaccharomyces bisporus","Zygosaccharomyces bisporus","Zygosaccharomyces","Saccharomycetaceae","Saccharomycetales"],"Properties":[-3,1,-1]},"395":{"Path":["1","22","93","395"],"Coordinates":[-0.32717050132466891,0.22874437470781461,-0.13663354073382511],"Categories":["Kluyveromyces marxianus","Kluyveromyces marxianus","Kluyveromyces","Saccharomycetaceae","Saccharomycetales"],"Properties":[-3,1,-1]}}