{"4249":{"Path":["0","0","4249","4249"],"Coordinates":[0.469090979736674,0.89392772201196558,0.586966476205579],"Categories":["Candida verbasci","Candida verbasci","Candida","","Saccharomycetales"],"Properties":[4,7,5]}}