{"3199":{"Path":["0","0","3003","3199"],"Coordinates":[0.26016002362568047,0.68538340559321564,0.80293637038527932],"Categories":["Metschnikowia dekortorum","Metschnikowia dekortorum","Metschnikowia","Metschnikowiaceae","Saccharomycetales"],"Properties":[2,5,7]},"3200":{"Path":["0","0","3003","3199"],"Coordinates":[0.26015517246360564,0.68539578771017862,0.80294517810805577],"Categories":["Metschnikowia dekortorum","Metschnikowia dekortorum","Metschnikowia","Metschnikowiaceae","Saccharomycetales"],"Properties":[2,5,7]}}