{"4066":{"Path":["0","0","4066","4066"],"Coordinates":[0.80122641791283322,0.6260978101184137,0.75624093570426543],"Categories":["Candida easanensis","Candida easanensis","Candida","","Saccharomycetales"],"Properties":[8,5,6]},"4067":{"Path":["0","0","4066","4066"],"Coordinates":[0.80165565830650576,0.626922414396094,0.75447012219921428],"Categories":["Candida easanensis","Candida easanensis","Candida","","Saccharomycetales"],"Properties":[8,5,6]}}