{"3771":{"Path":["0","0","3774","3774"],"Coordinates":[0.57214975160122838,0.74307041412693919,0.59414033564182345],"Categories":["Pichia garciniae","Pichia garciniae","Pichia","Saccharomycetaceae","Saccharomycetales"],"Properties":[5,5,5]},"3774":{"Path":["0","0","3774","3774"],"Coordinates":[0.57216146267448731,0.74316898856340108,0.59434782059138225],"Categories":["Pichia garciniae","Pichia garciniae","Pichia","Saccharomycetaceae","Saccharomycetales"],"Properties":[5,5,5]}}