{"644":{"Path":["2","25","25","644"],"Coordinates":[-0.26779685879352794,0.36811813615310168,-0.002793148785973228],"Categories":["Schizoblastosporion starkeyi-henricii","Schizoblastosporion starkeyi-henricii","Schizoblastosporion","","Saccharomycetales"],"Properties":[-2,2,0]},"2340":{"Path":["2","25","25","644"],"Coordinates":[-0.26585194741808071,0.36625262602723274,-0.00194436610588067],"Categories":["Sporobolomyces coprosmae","Sporobolomyces coprosmae","Sporobolomyces","","Sporidiobolales"],"Properties":[-2,2,0]}}