{"3641":{"Path":["0","0","3642","3642"],"Coordinates":[0.7307204912276436,0.2462231354411876,0.34492211104590154],"Categories":["Candida stri","Candida stri","Candida","","Saccharomycetales"],"Properties":[7,1,3]},"3642":{"Path":["0","0","3642","3642"],"Coordinates":[0.73161437461071432,0.24896578831155092,0.34574602107142494],"Categories":["Candida stri","Candida stri","Candida","","Saccharomycetales"],"Properties":[7,1,3]}}