{"2495":{"Path":["0","0","2496","2495"],"Coordinates":[0.58013061113297681,0.36890178321548894,0.69880078879580565],"Categories":["Candida sophiae-reginae","Candida sophiae-reginae","Candida","","Saccharomycetales"],"Properties":[5,2,6]}}