{"1879":{"Path":["0","0","1879","1879"],"Coordinates":[0.60103645247601467,0.83164379766806074,0.0556712273926785],"Categories":["Pichia deserticola","Pichia deserticola","Pichia","Saccharomycetaceae","Saccharomycetales"],"Properties":[6,6,0]}}