{"812":{"Path":["0","0","813","813"],"Coordinates":[0.075447148622469554,0.547507575138407,0.50685304948620868],"Categories":["Wickerhamomyces bovis","Wickerhamomyces bovis","Wickerhamomyces","","Saccharomycetales"],"Properties":[0,4,4]},"813":{"Path":["0","0","813","813"],"Coordinates":[0.075818288783864443,0.549199172335533,0.5057327606588794],"Categories":["Wickerhamomyces bovis","Wickerhamomyces bovis","Wickerhamomyces","","Saccharomycetales"],"Properties":[0,4,4]}}