{"1156":{"Path":["0","0","1156","1156"],"Coordinates":[0.52568541665723434,0.40508782338429877,0.50929843739879588],"Categories":["Rhodotorula foliorum","Rhodotorula foliorum","Rhodotorula","","Sporidiobolales"],"Properties":[5,3,4]}}