{"559":{"Path":["0","0","560","559"],"Coordinates":[0.32834404568094155,0.47736160119414373,0.35171876753482872],"Categories":["Wickerhamomyces chambardii","Wickerhamomyces chambardii","Wickerhamomyces","","Saccharomycetales"],"Properties":[3,3,3]},"560":{"Path":["0","0","560","560"],"Coordinates":[0.33362891693601315,0.47021711014858786,0.35314227851732632],"Categories":["Wickerhamomyces chambardii","Wickerhamomyces chambardii","Wickerhamomyces","","Saccharomycetales"],"Properties":[3,3,3]}}