{"4153":{"Path":["0","0","4153","4153"],"Coordinates":[0.74727344148591746,0.64955980019097,0.036056043247538264],"Categories":["Candida tocantinsensis","Candida tocantinsensis","Candida","","Saccharomycetales"],"Properties":[7,5,0]}}