{"549":{"Path":["0","0","549","549"],"Coordinates":[0.47265172141743023,0.61224107437551589,0.52669224746411469],"Categories":["Trichosporon debeurmannianum","Trichosporon debeurmannianum","Trichosporon","Trichosporonaceae","Tremellales"],"Properties":[4,4,4]}}