{"3858":{"Path":["0","0","3858","3858"],"Coordinates":[0.38939570687012665,0.5050731972772613,0.54233330372516764],"Categories":["Cryptococcus ibericus","Cryptococcus ibericus","Cryptococcus","Tremellaceae","Tremellales"],"Properties":[3,4,4]}}