{"718":{"Path":["0","0","718","718"],"Coordinates":[0.48464787493231154,0.5017373851784962,0.37368695169869259],"Categories":["Cryptococcus gastricus","Cryptococcus gastricus","Cryptococcus","Tremellaceae","Tremellales"],"Properties":[4,4,3]}}