{"2982":{"Path":["0","0","2983","2982"],"Coordinates":[0.53703909666632477,0.42164160872735718,0.93410062671446514],"Categories":["Sporobolomyces ogasawarensis","Sporobolomyces ogasawarensis","Sporobolomyces","","Sporidiobolales"],"Properties":[5,3,8]},"2983":{"Path":["0","0","2983","2983"],"Coordinates":[0.43366193215871263,0.57244259593816427,0.66615262319322666],"Categories":["Sporobolomyces ogasawarensis","Sporobolomyces ogasawarensis","Sporobolomyces","","Sporidiobolales"],"Properties":[4,4,5]}}