{"1101":{"Path":["0","0","1101","1101"],"Coordinates":[0.30433276962697448,0.56897195765456277,0.38478711574800795],"Categories":["Candida pyralidae","Candida pyralidae","Candida","","Saccharomycetales"],"Properties":[3,4,3]}}