{"930":{"Path":["0","0","930","930"],"Coordinates":[0.68887694721304882,0.25150246363943224,0.56442918262197583],"Categories":["Ambrosiozyma platypodis","Ambrosiozyma platypodis","Ambrosiozyma","","Saccharomycetales"],"Properties":[6,2,5]}}