{"2902":{"Path":["0","0","2902","2902"],"Coordinates":[0.733644790395943,0.38007089883714734,0.73611184807594476],"Categories":["Saccharomyces mikatae","Saccharomyces mikatae","Saccharomyces","Saccharomycetaceae","Saccharomycetales"],"Properties":[7,3,6]},"3096":{"Path":["0","0","2902","3096"],"Coordinates":[0.68943751965923927,0.37808533138785783,0.76237524341831731],"Categories":["Ogataea zsoltii","Ogataea zsoltii","Ogataea","Saccharomycetaceae","Saccharomycetales"],"Properties":[6,3,6]}}