{"910":{"Path":["0","0","910","910"],"Coordinates":[0.11439909985717578,0.54440478004930781,0.35828382348427479],"Categories":["Candida diversa","Candida diversa","Candida","","Saccharomycetales"],"Properties":[1,4,3]}}