{"3667":{"Path":["0","3667","3667","3667"],"Coordinates":[0.74462994971930441,0.6714561972867753,0.82998211675832523],"Categories":["Candida pseudorugosa","Candida pseudorugosa","Candida","","Saccharomycetales"],"Properties":[7,5,7]},"3668":{"Path":["0","3667","3667","3667"],"Coordinates":[0.74463888342024942,0.67146672932819029,0.82998900011476073],"Categories":["Candida pseudorugosa","Candida pseudorugosa","Candida","","Saccharomycetales"],"Properties":[7,5,7]}}