{"3276":{"Path":["0","0","3276","3276"],"Coordinates":[0.72952930892739021,0.47146195704412852,0.54054204043754861],"Categories":["Candida maxii","Candida maxii","Candida","","Saccharomycetales"],"Properties":[7,3,4]}}