{"2713":{"Path":["0","0","687","2713"],"Coordinates":[0.53058683554848307,0.266094898280544,0.65035110237710048],"Categories":["Candida vaughaniae","Candida vaughaniae","Candida","","Saccharomycetales"],"Properties":[5,2,5]},"2714":{"Path":["0","0","687","2713"],"Coordinates":[0.530586072768935,0.26607913929241162,0.65036027572025878],"Categories":["Candida vaughaniae","Candida vaughaniae","Candida","","Saccharomycetales"],"Properties":[5,2,5]}}