{"4052":{"Path":["0","0","4052","4052"],"Coordinates":[0.66939829559869968,0.50796991200350339,-0.16271576177030214],"Categories":["Candida rishirensis","Candida rishirensis","Candida","","Saccharomycetales"],"Properties":[6,4,-1]}}