{"3920":{"Path":["0","0","3920","3920"],"Coordinates":[0.52451222300146416,0.54024708147392175,0.53220143619582927],"Categories":["Candida sekii","Candida sekii","Candida","","Saccharomycetales"],"Properties":[5,4,4]}}