{"1296":{"Path":["0","0","1296","1296"],"Coordinates":[0.39907436011088721,0.10698793091386574,0.33807645606386227],"Categories":["Candida suecica","Candida suecica","Candida","","Saccharomycetales"],"Properties":[3,0,3]}}