{"40":{"Path":["0","0","3434","40"],"Coordinates":[0.42252870588733976,0.602086056910573,0.36799368227697282],"Categories":["Kuraishia molischiana","Kuraishia molischiana","Kuraishia","Saccharomycetaceae","Saccharomycetales"],"Properties":[4,4,3]}}