{"1811":{"Path":["0","0","1260","1811"],"Coordinates":[0.41604768662594882,0.76392078892484838,0.399716089536742],"Categories":["Cyberlindnera mississippiensis","Cyberlindnera mississippiensis","Cyberlindnera","","Saccharomycetales"],"Properties":[4,6,3]}}