{"198":{"Path":["9","9","198","198"],"Coordinates":[-0.40261025918950533,0.47226965374889368,-0.24497970535611832],"Categories":["Kazachstania unispora","Kazachstania unispora","Kazachstania","Saccharomycetaceae","Saccharomycetales"],"Properties":[-4,3,-2]},"360":{"Path":["9","9","198","360"],"Coordinates":[-0.39326835775360652,0.47842324087606136,-0.23729203389765616],"Categories":["Candida zeylanoides","Candida zeylanoides","Candida","","Saccharomycetales"],"Properties":[-3,3,-2]}}