{"2014":{"Path":["0","0","2014","2014"],"Coordinates":[0.49960546172521014,0.16648512893932191,0.15791769043017409],"Categories":["Pichia barkeri","Pichia barkeri","Pichia","Saccharomycetaceae","Saccharomycetales"],"Properties":[4,1,1]}}