{"3228":{"Path":["0","0","3228","3228"],"Coordinates":[0.60750151349287462,0.703351993045284,0.43240814196166788],"Categories":["Candida khmerensis","Candida khmerensis","Candida","","Saccharomycetales"],"Properties":[6,5,3]}}