{"2200":{"Path":["0","0","1363","2200"],"Coordinates":[0.53260390534697277,0.46355600669734282,0.49405962139148962],"Categories":["Lipomyces doorenjongii","Lipomyces doorenjongii","Lipomyces","Lipomycetaceae","Saccharomycetales"],"Properties":[5,3,4]}}