{"4193":{"Path":["0","0","2401","4193"],"Coordinates":[0.49995195315754931,0.59947450802611124,0.31373812257757427],"Categories":["Bandoniozyma fermentans","Bandoniozyma fermentans","Bandoniozyma","","Tremellales"],"Properties":[4,4,2]},"4194":{"Path":["0","0","2401","4193"],"Coordinates":[0.49859716702548446,0.6006529221863,0.31016378423272889],"Categories":["Bandoniozyma fermentans","Bandoniozyma fermentans","Bandoniozyma","","Tremellales"],"Properties":[4,4,2]}}