{"4079":{"Path":["0","0","4079","4079"],"Coordinates":[0.47653602736429113,0.81652993652587469,0.53260167789288315],"Categories":["Candida inulinophila","Candida inulinophila","Candida","","Saccharomycetales"],"Properties":[4,6,4]}}