{"526":{"Path":["0","0","525","526"],"Coordinates":[0.63237323775836929,0.602990289406562,0.6771911719679985],"Categories":["Candida etchellsii","Candida etchellsii","Candida","","Saccharomycetales"],"Properties":[6,4,6]},"527":{"Path":["0","0","525","526"],"Coordinates":[0.63238961115406811,0.6029570747935229,0.677190645065733],"Categories":["Candida etchellsii","Candida etchellsii","Candida","","Saccharomycetales"],"Properties":[6,4,6]}}