{"2696":{"Path":["0","0","2696","2696"],"Coordinates":[0.4748618379193727,0.54787714241207863,0.41180204259735415],"Categories":["Candida danieliae","Candida danieliae","Candida","","Saccharomycetales"],"Properties":[4,4,3]},"2697":{"Path":["0","0","2696","2696"],"Coordinates":[0.4748270139467165,0.54786202097326475,0.41178946182236403],"Categories":["Candida danieliae","Candida danieliae","Candida","","Saccharomycetales"],"Properties":[4,4,3]}}