{"1467":{"Path":["0","0","1466","1467"],"Coordinates":[0.77840438405785084,0.20645193964999187,0.489742802145367],"Categories":["Ogataea philodendra","Ogataea philodendra","Ogataea","Saccharomycetaceae","Saccharomycetales"],"Properties":[7,1,4]}}