{"2724":{"Path":["0","0","2724","2724"],"Coordinates":[0.42128729199609838,0.67223871453005812,0.40971266084844465],"Categories":["Rhodotorula bloemfonteinensis","Rhodotorula bloemfonteinensis","Rhodotorula","","Sporidiobolales"],"Properties":[4,5,3]}}