{"3250":{"Path":["0","0","3506","3250"],"Coordinates":[0.44880333399139949,0.75510330050116115,0.32493696057662019],"Categories":["Bullera taiwanensis","Bullera taiwanensis","Bullera","Tremellaceae","Tremellales"],"Properties":[4,6,2]},"3506":{"Path":["0","0","3506","3506"],"Coordinates":[0.47304413065069417,0.7241245316464282,0.34571615102616293],"Categories":["Cryptococcus silvicola","Cryptococcus silvicola","Cryptococcus","Tremellaceae","Tremellales"],"Properties":[4,5,3]}}