{"3144":{"Path":["0","0","3144","3144"],"Coordinates":[0.50723865976392457,0.5889927345516256,0.2349139905072791],"Categories":["Derxomyces anomala","Derxomyces anomala","Derxomyces","","Tremellales"],"Properties":[5,4,2]},"3145":{"Path":["0","0","3144","3144"],"Coordinates":[0.51114351938728175,0.58583045504569975,0.23458042763752673],"Categories":["Derxomyces anomala","Derxomyces anomala","Derxomyces","","Tremellales"],"Properties":[5,4,2]}}