{"929":{"Path":["0","0","929","929"],"Coordinates":[0.72705309847631816,0.84866556984078145,0.73685418076308262],"Categories":["Saccharomycopsis vini","Saccharomycopsis vini","Saccharomycopsis","Saccharomycopsidaceae","Saccharomycetales"],"Properties":[7,6,6]}}