{"3214":{"Path":["0","0","3211","3214"],"Coordinates":[0.46116609507113782,0.82787475841641056,0.47182405870266009],"Categories":["Rhodotorula oryzae","Rhodotorula oryzae","Rhodotorula","","Sporidiobolales"],"Properties":[4,6,4]}}