{"799":{"Path":["0","0","799","799"],"Coordinates":[0.19357751378650454,0.18524994209002546,0.749905126074708],"Categories":["Saccharomycopsis selenospora","Saccharomycopsis selenospora","Saccharomycopsis","Saccharomycopsidaceae","Saccharomycetales"],"Properties":[1,1,6]},"1283":{"Path":["0","0","799","1283"],"Coordinates":[0.38731334642180204,0.56391783583114907,0.61556009838024239],"Categories":["Candida glaebosa","Candida glaebosa","Candida","","Saccharomycetales"],"Properties":[3,4,5]}}