{"2609":{"Path":["0","2609","2609","2609"],"Coordinates":[0.62786739248092538,0.47893861512431557,0.80366460006644],"Categories":["Pseudozyma abaconensis","Pseudozyma abaconensis","Pseudozyma","Ustilaginaceae","Ustilaginales"],"Properties":[6,3,7]}}