{"370":{"Path":["0","0","365","370"],"Coordinates":[0.61312551557165351,0.535859152064488,0.63260077058450126],"Categories":["Zygosaccharomyces bailii","Zygosaccharomyces bailii","Zygosaccharomyces","Saccharomycetaceae","Saccharomycetales"],"Properties":[6,4,5]},"371":{"Path":["0","0","365","370"],"Coordinates":[0.61313162592054671,0.53585014310408074,0.63261265631462826],"Categories":["Zygosaccharomyces bailii","Zygosaccharomyces bailii","Zygosaccharomyces","Saccharomycetaceae","Saccharomycetales"],"Properties":[6,4,5]}}