{"155":{"Path":["4","40","155","155"],"Coordinates":[-0.36004275517733275,0.76830844340186777,0.043666730388581522],"Categories":["Cryptococcus aureus","Cryptococcus aureus","Cryptococcus","Tremellaceae","Tremellales"],"Properties":[-3,6,0]},"2383":{"Path":["4","40","155","155"],"Coordinates":[-0.35824183727610226,0.77157474913718316,0.039718891189531404],"Categories":["Candida dubliniensis","Candida dubliniensis","Candida","","Saccharomycetales"],"Properties":[-3,6,0]}}