{"3245":{"Path":["0","0","37","3245"],"Coordinates":[0.27197641686449453,0.54574230106690125,0.34620358185785277],"Categories":["Kockovaella barringtoniae","Kockovaella barringtoniae","Kockovaella","Cuniculitremaceae","Tremellales"],"Properties":[2,4,3]},"3246":{"Path":["0","0","37","3245"],"Coordinates":[0.27197688536283865,0.5457357331771282,0.34618704176542653],"Categories":["Kockovaella barringtoniae","Kockovaella barringtoniae","Kockovaella","Cuniculitremaceae","Tremellales"],"Properties":[2,4,3]}}