{"3611":{"Path":["0","0","3611","3611"],"Coordinates":[0.52104753683120464,0.56928666138788275,0.76527352082833766],"Categories":["Blastobotrys peoriensis","Blastobotrys peoriensis","Blastobotrys","Trichomonascaceae","Saccharomycetales"],"Properties":[5,4,6]}}