{"701":{"Path":["4","27","189","701"],"Coordinates":[-0.50486752584512073,0.63883905394090679,-0.032781201582128959],"Categories":["Metschnikowia pulcherrima","Metschnikowia pulcherrima","Metschnikowia","Metschnikowiaceae","Saccharomycetales"],"Properties":[-5,5,0]},"2282":{"Path":["4","27","189","701"],"Coordinates":[-0.507302277718265,0.63988613761156143,-0.02848345591775835],"Categories":["Agaricostilbum hyphaenes","Agaricostilbum hyphaenes","Agaricostilbum","Agaricostilbaceae","Agaricostilbales"],"Properties":[-5,5,0]}}