{"1015":{"Path":["0","0","1015","1015"],"Coordinates":[0.54213688104442037,0.73910292045036974,0.91851874220082863],"Categories":["Clavispora lusitaniae","Clavispora lusitaniae","Clavispora","Metschnikowiaceae","Saccharomycetales"],"Properties":[5,5,8]},"1016":{"Path":["0","0","1015","1015"],"Coordinates":[0.54216777937443439,0.73913553587033631,0.91851186679092267],"Categories":["Clavispora lusitaniae","Clavispora lusitaniae","Clavispora","Metschnikowiaceae","Saccharomycetales"],"Properties":[5,5,8]}}