{"2715":{"Path":["0","0","687","2715"],"Coordinates":[0.52256168519038648,0.36915101081572749,0.34905758262675646],"Categories":["Candida vaughaniae","Candida vaughaniae","Candida","","Saccharomycetales"],"Properties":[5,2,3]}}