{"1999":{"Path":["0","0","1999","1999"],"Coordinates":[0.460760753979355,0.56336364788119442,0.71144341849019777],"Categories":["Hannaella sinensis","Hannaella sinensis","Hannaella","","Tremellales"],"Properties":[4,4,6]},"2002":{"Path":["0","0","1999","2002"],"Coordinates":[0.41257151463070119,0.53879765727614337,0.36983181952152255],"Categories":["Hannaella sinensis","Hannaella sinensis","Hannaella","","Tremellales"],"Properties":[4,4,3]}}