{"303":{"Path":["0","0","303","303"],"Coordinates":[0.52902575043399425,0.49534533665585984,0.48011848752004505],"Categories":["Cryptococcus heveanensis","Cryptococcus heveanensis","Cryptococcus","Tremellaceae","Tremellales"],"Properties":[5,3,4]}}