{"2856":{"Path":["0","0","2856","2856"],"Coordinates":[0.81029314342628644,0.57672157982923966,0.426858539390222],"Categories":["Danielozyma litseae","Danielozyma litseae","Danielozyma","",""],"Properties":[8,4,3]}}