{"1296":{"Path":["0","0","1296","1296"],"Coordinates":[0.17067746365708136,0.725809967986061,0.40495298554657966],"Categories":["Candida suecica","Candida suecica","Candida","","Saccharomycetales"],"Properties":[1,5,3]}}