{"1755":{"Path":["0","0","1755","1755"],"Coordinates":[0.57685726872038445,0.38010645087109379,0.21221369043921076],"Categories":["Candida geochares","Candida geochares","Candida","","Saccharomycetales"],"Properties":[5,3,1]}}