{"2927":{"Path":["0","0","2927","2927"],"Coordinates":[0.34145821653473363,0.48551379108007414,0.55842580705285516],"Categories":["Candida ambrosiae","Candida ambrosiae","Candida","","Saccharomycetales"],"Properties":[3,3,5]},"2928":{"Path":["0","0","2927","2928"],"Coordinates":[0.3551183780916724,0.47841254940480271,0.56956009431822252],"Categories":["Candida ambrosiae","Candida ambrosiae","Candida","","Saccharomycetales"],"Properties":[3,3,5]}}