{"1066":{"Path":["0","0","1067","1067"],"Coordinates":[0.63884172712694143,0.60942328979655846,0.66514618362317435],"Categories":["Yamadazyma scolyti","Yamadazyma scolyti","Yamadazyma","Saccharomycetaceae","Saccharomycetales"],"Properties":[6,4,5]},"1067":{"Path":["0","0","1067","1067"],"Coordinates":[0.63883717932011708,0.60938195319758448,0.66513350709660968],"Categories":["Yamadazyma scolyti","Yamadazyma scolyti","Yamadazyma","Saccharomycetaceae","Saccharomycetales"],"Properties":[6,4,5]}}