{"782":{"Path":["0","0","782","782"],"Coordinates":[0.512379208742084,0.30792511212679347,0.4566042956867386],"Categories":["Kazachstania africana","Kazachstania africana","Kazachstania","Saccharomycetaceae","Saccharomycetales"],"Properties":[5,2,4]}}