{"2206":{"Path":["0","0","2206","2206"],"Coordinates":[0.419715311782134,0.51523160925708011,0.51838788952792481],"Categories":["Kockovaella thailandica","Kockovaella thailandica","Kockovaella","Cuniculitremaceae","Tremellales"],"Properties":[4,4,4]}}