{"3379":{"Path":["0","1615","3379","3379"],"Coordinates":[0.24604547279241551,0.32820877727931258,0.3920699261393924],"Categories":["Farysizyma taiwaniana","Farysizyma taiwaniana","Farysizyma","","Ustilaginales"],"Properties":[2,2,3]}}