{"3893":{"Path":["0","0","331","3893"],"Coordinates":[0.49135864239894994,0.44575281567571234,0.66960925775557256],"Categories":["Candida orthopsilosis","Candida orthopsilosis","Candida","","Saccharomycetales"],"Properties":[4,3,6]}}