{"2152":{"Path":["0","0","3963","2152"],"Coordinates":[0.54272496515502133,0.3697224904427871,0.43381879432127818],"Categories":["Sporobolomyces ruber","Sporobolomyces ruber","Sporobolomyces","","Sporidiobolales"],"Properties":[5,2,3]},"3963":{"Path":["0","0","3963","3963"],"Coordinates":[0.1668947381279913,0.37612914224012178,0.86526245474301722],"Categories":["Sporobolomyces pyrrosiae","Sporobolomyces pyrrosiae","Sporobolomyces","","Sporidiobolales"],"Properties":[1,3,7]}}