{"3568":{"Path":["0","0","3568","3568"],"Coordinates":[0.47471704213403221,0.68307109670140953,0.80555747058806626],"Categories":["Metschnikowia aberdeeniae","Metschnikowia aberdeeniae","Metschnikowia","Metschnikowiaceae","Saccharomycetales"],"Properties":[4,5,7]}}