{"325":{"Path":["0","0","318","325"],"Coordinates":[0.24720501492125679,0.62106554164531347,0.5311318301618505],"Categories":["Cryptococcus humicola","Cryptococcus humicola","Cryptococcus","Tremellaceae","Tremellales"],"Properties":[2,4,4]}}