{"3995":{"Path":["0","0","3993","3996"],"Coordinates":[0.63736359007813936,0.539997596928085,0.40915105869992813],"Categories":["Mingxiaea hainanensis","Mingxiaea hainanensis","Mingxiaea","","Tremellales"],"Properties":[6,4,3]},"3996":{"Path":["0","0","3993","3996"],"Coordinates":[0.63735220583483576,0.53998937844144168,0.40915995484729251],"Categories":["Mingxiaea hainanensis","Mingxiaea hainanensis","Mingxiaea","","Tremellales"],"Properties":[6,4,3]}}