{"3253":{"Path":["0","0","3253","3253"],"Coordinates":[0.66327515780696766,0.79240374156491378,0.36130375952194727],"Categories":["Candida guaymorum","Candida guaymorum","Candida","","Saccharomycetales"],"Properties":[6,6,3]}}