{"1581":{"Path":["0","0","1581","1581"],"Coordinates":[0.69070781245093249,0.65091072046031451,0.50736110375522414],"Categories":["Saturnispora besseyi","Saturnispora besseyi","Saturnispora","Saccharomycetaceae","Saccharomycetales"],"Properties":[6,5,4]}}