{"1421":{"Path":["0","0","1421","1421"],"Coordinates":[0.60421762440746862,0.882569343914503,0.60022265234194649],"Categories":["Candida odintsovae","Candida odintsovae","Candida","","Saccharomycetales"],"Properties":[6,7,5]},"1422":{"Path":["0","0","1421","1421"],"Coordinates":[0.60421134190043491,0.88257776206099336,0.60023608587418309],"Categories":["Candida odintsovae","Candida odintsovae","Candida","","Saccharomycetales"],"Properties":[6,7,5]}}