{"3885":{"Path":["0","0","3885","3885"],"Coordinates":[0.45568635714291733,0.49644340589805219,0.67866343573557408],"Categories":["Ambrosiozyma pseudovanderkliftii","Ambrosiozyma pseudovanderkliftii","Ambrosiozyma","","Saccharomycetales"],"Properties":[4,3,6]}}