{"60":{"Path":["0","0","60","60"],"Coordinates":[0.51350249049886754,0.5701998668237408,0.47529939931918919],"Categories":["Cryptococcus laurentii","Cryptococcus laurentii","Cryptococcus","Tremellaceae","Tremellales"],"Properties":[5,4,4]},"61":{"Path":["0","0","60","60"],"Coordinates":[0.51392144552705243,0.56997931361507392,0.47542724079808407],"Categories":["Cryptococcus laurentii","Cryptococcus laurentii","Cryptococcus","Tremellaceae","Tremellales"],"Properties":[5,4,4]},"62":{"Path":["0","0","60","60"],"Coordinates":[0.51423330687131474,0.57004779666798244,0.47553413630683278],"Categories":["Cryptococcus laurentii","Cryptococcus laurentii","Cryptococcus","Tremellaceae","Tremellales"],"Properties":[5,4,4]},"63":{"Path":["0","0","60","60"],"Coordinates":[0.51395457749971707,0.56995096812319024,0.47543673531549985],"Categories":["Cryptococcus laurentii","Cryptococcus laurentii","Cryptococcus","Tremellaceae","Tremellales"],"Properties":[5,4,4]},"64":{"Path":["0","0","60","60"],"Coordinates":[0.51403676723860392,0.56996448703545444,0.4754647312497523],"Categories":["Cryptococcus laurentii","Cryptococcus laurentii","Cryptococcus","Tremellaceae","Tremellales"],"Properties":[5,4,4]},"65":{"Path":["0","0","60","60"],"Coordinates":[0.51385932720477223,0.56999304287305819,0.47540741512232121],"Categories":["Cryptococcus laurentii","Cryptococcus laurentii","Cryptococcus","Tremellaceae","Tremellales"],"Properties":[5,4,4]},"66":{"Path":["0","0","60","60"],"Coordinates":[0.51049969679305518,0.57158332058562,0.47437307120867123],"Categories":["Cryptococcus laurentii","Cryptococcus laurentii","Cryptococcus","Tremellaceae","Tremellales"],"Properties":[5,4,4]},"67":{"Path":["0","0","60","60"],"Coordinates":[0.51522436997826848,0.57363361500488363,0.47604337740489028],"Categories":["Cryptococcus laurentii","Cryptococcus laurentii","Cryptococcus","Tremellaceae","Tremellales"],"Properties":[5,4,4]}}