{"1320":{"Path":["0","0","1796","1320"],"Coordinates":[0.34725225797694476,0.62479362986564524,0.86050369082506684],"Categories":["Cryptococcus dimennae","Cryptococcus dimennae","Cryptococcus","Tremellaceae","Tremellales"],"Properties":[3,4,7]},"1796":{"Path":["0","0","1796","1796"],"Coordinates":[0.57357473538644543,0.54203748029113008,0.7316934737941766],"Categories":["Bullera globispora","Bullera globispora","Bullera","Tremellaceae","Tremellales"],"Properties":[5,4,6]}}