{"2796":{"Path":["0","0","2796","2796"],"Coordinates":[0.643937321871609,0.35625839857093844,0.46534124876788374],"Categories":["Cryptococcus victoriae","Cryptococcus victoriae","Cryptococcus","Tremellaceae","Tremellales"],"Properties":[6,2,4]}}