{"525":{"Path":["0","0","525","525"],"Coordinates":[0.56789792546648021,0.34677121660446331,0.19050446181960562],"Categories":["Candida etchellsii","Candida etchellsii","Candida","","Saccharomycetales"],"Properties":[5,2,1]},"526":{"Path":["0","0","525","526"],"Coordinates":[0.32043896425254781,0.34329973726159013,0.12714574733412107],"Categories":["Candida etchellsii","Candida etchellsii","Candida","","Saccharomycetales"],"Properties":[3,2,1]}}