{"10":{"Path":["7","10","10","10"],"Coordinates":[-0.39825828953529174,0.52564792276331518,-0.15015398752340831],"Categories":["Dekkera bruxellensis","Dekkera bruxellensis","Dekkera","Saccharomycetaceae","Saccharomycetales"],"Properties":[-3,4,-1]},"675":{"Path":["7","10","10","675"],"Coordinates":[-0.39980491430584947,0.52343444600681488,-0.13805037409108287],"Categories":["Torulaspora pretoriensis","Torulaspora pretoriensis","Torulaspora","Saccharomycetaceae","Saccharomycetales"],"Properties":[-3,4,-1]},"840":{"Path":["7","10","10","840"],"Coordinates":[-0.40263278049369994,0.52435462898753682,-0.13925384912957398],"Categories":["Citeromyces matritensis","Citeromyces matritensis","Citeromyces","Saccharomycetaceae","Saccharomycetales"],"Properties":[-4,4,-1]}}