{"1589":{"Path":["0","0","1589","1589"],"Coordinates":[0.48234688284446714,0.41353449602413622,0.49122375253961603],"Categories":["Cystofilobasidium capitatum","Cystofilobasidium capitatum","Cystofilobasidium","Cystofilobasidiaceae","Cystofilobasidiales"],"Properties":[4,3,4]}}