{"1068":{"Path":["0","1068","1068","1068"],"Coordinates":[0.50626753155174953,0.49702815543447687,0.457153855720517],"Categories":["Brettanomyces custersianus","Brettanomyces custersianus","Brettanomyces","Pichiaceae","Saccharomycetales"],"Properties":[5,3,4]}}