{"3414":{"Path":["0","0","2408","3414"],"Coordinates":[0.41634862320074018,0.42654294068186616,0.46030451107606629],"Categories":["Metschnikowia viticola","Metschnikowia viticola","Metschnikowia","Metschnikowiaceae","Saccharomycetales"],"Properties":[4,3,4]}}