{"3094":{"Path":["0","0","3094","3094"],"Coordinates":[0.8032821082341679,0.8368462579663819,0.66793418751188882],"Categories":["Ogataea pilisensis","Ogataea pilisensis","Ogataea","Saccharomycetaceae","Saccharomycetales"],"Properties":[8,6,6]}}