{"225":{"Path":["0","0","219","225"],"Coordinates":[0.47396405044642309,0.28504456277330859,0.31597082217212508],"Categories":["Torulaspora microellipsoides","Torulaspora microellipsoides","Torulaspora","Saccharomycetaceae","Saccharomycetales"],"Properties":[4,2,2]},"226":{"Path":["0","0","219","225"],"Coordinates":[0.47394993150222176,0.28503665349215607,0.3159653388033194],"Categories":["Torulaspora microellipsoides","Torulaspora microellipsoides","Torulaspora","Saccharomycetaceae","Saccharomycetales"],"Properties":[4,2,2]}}