{"4051":{"Path":["0","0","1566","4051"],"Coordinates":[0.64129252512000656,0.67699350723951357,0.74655913849476219],"Categories":["Lachancea nothofagi","Lachancea nothofagi","Lachancea","Saccharomycetaceae","Saccharomycetales"],"Properties":[6,5,6]}}