{"465":{"Path":["0","0","466","465"],"Coordinates":[0.70617321096276209,0.07352290715056671,0.29930621534911045],"Categories":["Lipomyces lipofer","Lipomyces lipofer","Lipomyces","Lipomycetaceae","Saccharomycetales"],"Properties":[7,0,2]}}