{"1862":{"Path":["0","0","1862","1862"],"Coordinates":[-0.020543436286459715,0.5631431020795189,0.32233092412838149],"Categories":["Ogataea kodamae","Ogataea kodamae","Ogataea","Saccharomycetaceae","Saccharomycetales"],"Properties":[0,4,2]}}