{"3639":{"Path":["0","0","3640","3640"],"Coordinates":[0.6101721296305026,0.79679347878281448,0.82754177191813738],"Categories":["Ogataea chonburiensis","Ogataea chonburiensis","Ogataea","Saccharomycetaceae","Saccharomycetales"],"Properties":[6,6,7]},"3640":{"Path":["0","0","3640","3640"],"Coordinates":[0.60684930526719683,0.79394051459657,0.8290219264995583],"Categories":["Ogataea chonburiensis","Ogataea chonburiensis","Ogataea","Saccharomycetaceae","Saccharomycetales"],"Properties":[6,6,7]}}