{"3727":{"Path":["0","0","3307","3727"],"Coordinates":[0.42498822559865274,0.39618361831638382,0.42435453708626614],"Categories":["Candida floris","Candida floris","Candida","","Saccharomycetales"],"Properties":[4,3,3]}}