{"1585":{"Path":["0","0","1585","1585"],"Coordinates":[0.34213718863775444,0.55253994928462224,0.10463939818224849],"Categories":["Cystofilobasidium bisporidii","Cystofilobasidium bisporidii","Cystofilobasidium","Cystofilobasidiaceae","Cystofilobasidiales"],"Properties":[3,4,0]}}