{"3423":{"Path":["0","0","37","3423"],"Coordinates":[0.579347974030631,0.351584179504149,0.59386526103212234],"Categories":["Trichosporon chiropterorum","Trichosporon chiropterorum","Trichosporon","Trichosporonaceae","Tremellales"],"Properties":[5,2,5]}}