{"3138":{"Path":["0","0","3138","3138"],"Coordinates":[0.37888627056741608,0.57481339191008807,0.17790964624178307],"Categories":["Cryptococcus perniciosus","Cryptococcus perniciosus","Cryptococcus","Tremellaceae","Tremellales"],"Properties":[3,4,1]},"3141":{"Path":["0","0","3138","3141"],"Coordinates":[0.37552562619766416,0.339266379223211,0.43987528890564931],"Categories":["Cryptococcus nemorosus","Cryptococcus nemorosus","Cryptococcus","Tremellaceae","Tremellales"],"Properties":[3,2,3]}}