{"4081":{"Path":["0","4081","4081","4081"],"Coordinates":[0.35770709054243227,0.87009020894134237,0.16666768468192184],"Categories":["Candida succicola","Candida succicola","Candida","","Saccharomycetales"],"Properties":[3,6,1]}}