{"1215":{"Path":["0","0","702","1215"],"Coordinates":[0.656229308830961,0.45272537209332364,0.52166035177225778],"Categories":["Priceomyces medius","Priceomyces medius","Priceomyces","Debaryomycetaceae","Saccharomycetales"],"Properties":[6,3,4]}}