{"2292":{"Path":["0","0","2292","2292"],"Coordinates":[0.69603279716994038,0.202367024859735,0.31990317874775714],"Categories":["Saccharomycopsis amapae","Saccharomycopsis amapae","Saccharomycopsis","Saccharomycopsidaceae","Saccharomycetales"],"Properties":[6,1,2]}}