{"4156":{"Path":["0","0","4157","4157"],"Coordinates":[0.43800357878892654,0.38231058105459403,0.804452439150326],"Categories":["Cyberlindnera xylebori","Cyberlindnera xylebori","Cyberlindnera","","Saccharomycetales"],"Properties":[4,3,7]},"4157":{"Path":["0","0","4157","4157"],"Coordinates":[0.43728372028187329,0.3819439524931838,0.80361361417494459],"Categories":["Cyberlindnera xylebori","Cyberlindnera xylebori","Cyberlindnera","","Saccharomycetales"],"Properties":[4,3,7]}}