{"1295":{"Path":["1295","1295","1295","1295"],"Coordinates":[0.25674628063260241,0.89410994806096811,0.027222753962776243],"Categories":["Candida suecica","Candida suecica","Candida","","Saccharomycetales"],"Properties":[2,7,0]}}