{"1555":{"Path":["0","0","1555","1555"],"Coordinates":[0.41340288271127856,0.60694164999552946,0.49115030662707448],"Categories":["Candida homilentoma","Candida homilentoma","Candida","","Saccharomycetales"],"Properties":[4,4,4]},"1556":{"Path":["0","0","1555","1555"],"Coordinates":[0.41339072088305812,0.60694439942227629,0.49116293305051306],"Categories":["Candida homilentoma","Candida homilentoma","Candida","","Saccharomycetales"],"Properties":[4,4,4]}}