{"1125":{"Path":["0","0","1125","1125"],"Coordinates":[0.58163380680483479,0.71377348249509287,0.27693711895526879],"Categories":["Candida salmanticensis","Candida salmanticensis","Candida","","Saccharomycetales"],"Properties":[5,5,2]}}