{"3753":{"Path":["0","0","155","3753"],"Coordinates":[0.46233094808530867,0.79582265705156041,0.37484441838024546],"Categories":["Cryptococcus terrestris","Cryptococcus terrestris","Cryptococcus","Tremellaceae","Tremellales"],"Properties":[4,6,3]}}