{"3186":{"Path":["0","0","3186","3186"],"Coordinates":[0.57719647364602356,0.51340984621673413,0.66439354673072948],"Categories":["Kazachstania slooffiae","Kazachstania slooffiae","Kazachstania","Saccharomycetaceae","Saccharomycetales"],"Properties":[5,4,5]}}