{"3111":{"Path":["0","0","3111","3111"],"Coordinates":[0.46328990562716371,0.54157072216040825,0.311984688729424],"Categories":["Candida vadensis","Candida vadensis","Candida","","Saccharomycetales"],"Properties":[4,4,2]},"3114":{"Path":["0","0","3111","3114"],"Coordinates":[0.62115996263262729,0.67813162375896974,0.33865012558398772],"Categories":["Candida vadensis","Candida vadensis","Candida","","Saccharomycetales"],"Properties":[6,5,3]}}