{"3380":{"Path":["0","3380","3380","3380"],"Coordinates":[0.34832695431974242,0.55375604020335856,0.39285257654967748],"Categories":["Bullera arundinariae","Bullera arundinariae","Bullera","Tremellaceae","Tremellales"],"Properties":[3,4,3]}}