{"496":{"Path":["6","13","13","496"],"Coordinates":[-0.39182157035249449,0.24069356459062755,0.12158952792856076],"Categories":["Saccharomyces pastorianus","Saccharomyces pastorianus","Saccharomyces","Saccharomycetaceae","Saccharomycetales"],"Properties":[-3,1,1]},"3240":{"Path":["6","13","13","496"],"Coordinates":[-0.39062057153421609,0.24104820671189894,0.1252801988363986],"Categories":["Candida pimensis","Candida pimensis","Candida","","Saccharomycetales"],"Properties":[-3,1,1]}}