{"3680":{"Path":["0","0","3682","3680"],"Coordinates":[0.26227928820877244,0.73853805904559633,0.60557393322579922],"Categories":["Cryptococcus arboriformis","Cryptococcus arboriformis","Cryptococcus","Tremellaceae","Tremellales"],"Properties":[2,5,5]},"3682":{"Path":["0","0","3682","3682"],"Coordinates":[0.26770327914231806,0.32470698505754214,0.79242767614208953],"Categories":["Cryptococcus arboriformis","Cryptococcus arboriformis","Cryptococcus","Tremellaceae","Tremellales"],"Properties":[2,2,7]}}