{"814":{"Path":["0","0","814","814"],"Coordinates":[0.27458814622512323,0.39415201884991957,0.26871597804994052],"Categories":["Pichia terricola","Pichia terricola","Pichia","Saccharomycetaceae","Saccharomycetales"],"Properties":[2,3,2]}}