{"3030":{"Path":["0","0","3030","3030"],"Coordinates":[0.46248124879570435,0.67575586507003549,0.75651255014977348],"Categories":["Starmerella meliponinorum","Starmerella meliponinorum","Starmerella","Saccharomycetaceae","Saccharomycetales"],"Properties":[4,5,6]}}