{"3367":{"Path":["0","0","3367","3367"],"Coordinates":[0.58237887033770408,0.95762528147755943,0.6569060102763089],"Categories":["Rhodosporidium concentricum","Rhodosporidium concentricum","Rhodosporidium","","Sporidiales"],"Properties":[5,7,5]}}