{"3261":{"Path":["0","0","3262","3261"],"Coordinates":[0.76196680795588589,0.14684904252292297,0.58528854610624892],"Categories":["Candida wounanorum","Candida wounanorum","Candida","","Saccharomycetales"],"Properties":[7,1,5]}}