{"2309":{"Path":["0","0","2309","2309"],"Coordinates":[0.40945140759044368,0.35033052079653132,0.3958537478629327],"Categories":["Sporobolomyces linderae","Sporobolomyces linderae","Sporobolomyces","","Sporidiobolales"],"Properties":[4,2,3]}}