{"3625":{"Path":["0","0","3625","3625"],"Coordinates":[0.43904919469805442,0.72997206480690457,0.68824279827073742],"Categories":["Candida neomexicana","Candida neomexicana","Candida","","Saccharomycetales"],"Properties":[4,5,6]}}