{"3095":{"Path":["0","0","3095","3095"],"Coordinates":[0.27377805388548704,0.48523374172830597,0.50415396449772765],"Categories":["Ogataea dorogensis","Ogataea dorogensis","Ogataea","Saccharomycetaceae","Saccharomycetales"],"Properties":[2,3,4]}}