{"3891":{"Path":["0","0","331","3894"],"Coordinates":[0.48172125338479216,0.51166303473520114,0.53777262452426022],"Categories":["Candida orthopsilosis","Candida orthopsilosis","Candida","","Saccharomycetales"],"Properties":[4,4,4]},"3894":{"Path":["0","0","331","3894"],"Coordinates":[0.48172323022913149,0.511655142607657,0.53778873642514791],"Categories":["Candida orthopsilosis","Candida orthopsilosis","Candida","","Saccharomycetales"],"Properties":[4,4,4]}}