{"3731":{"Path":["0","0","3731","3731"],"Coordinates":[0.4464793955006211,0.554624648456142,0.40935257467402808],"Categories":["Candida ratchasimensis","Candida ratchasimensis","Candida","","Saccharomycetales"],"Properties":[4,4,3]}}