{"394":{"Path":["0","0","394","394"],"Coordinates":[0.52580042651040038,0.4461648156101416,0.60973169171374864],"Categories":["Kluyveromyces marxianus","Kluyveromyces marxianus","Kluyveromyces","Saccharomycetaceae","Saccharomycetales"],"Properties":[5,3,5]},"636":{"Path":["0","0","394","636"],"Coordinates":[0.38692892473901358,0.64511055607923551,0.43694005389004309],"Categories":["Kluyveromyces dobzhanskii","Kluyveromyces dobzhanskii","Kluyveromyces","Saccharomycetaceae","Saccharomycetales"],"Properties":[3,5,3]}}