{"3415":{"Path":["0","2609","3415","3415"],"Coordinates":[0.57495842740130731,0.50175720342286279,0.62326830347109385],"Categories":["Pseudozyma siamensis","Pseudozyma siamensis","Pseudozyma","Ustilaginaceae","Ustilaginales"],"Properties":[5,4,5]}}