{"3785":{"Path":["0","0","3222","3785"],"Coordinates":[0.71031978097865744,0.14178887130731685,0.49112004177139146],"Categories":["Candida jaroonii","Candida jaroonii","Candida","","Saccharomycetales"],"Properties":[7,1,4]}}