{"1945":{"Path":["0","0","1946","1945"],"Coordinates":[0.42952408870511249,0.35376962945061341,0.45388471468981267],"Categories":["Candida tsuchiyae","Candida tsuchiyae","Candida","","Saccharomycetales"],"Properties":[4,2,4]},"1946":{"Path":["0","0","1946","1946"],"Coordinates":[0.533899688347925,0.48932784595232659,0.6680044499761072],"Categories":["Candida tsuchiyae","Candida tsuchiyae","Candida","","Saccharomycetales"],"Properties":[5,3,6]}}