{"3110":{"Path":["0","0","3107","3110"],"Coordinates":[0.45886047019636411,0.58434042743047765,0.21397494259382291],"Categories":["Candida cretensis","Candida cretensis","Candida","","Saccharomycetales"],"Properties":[4,4,1]}}