{"514":{"Path":["0","0","514","514"],"Coordinates":[0.44324803173293686,0.65353673437963344,0.63475451136935468],"Categories":["Filobasidium uniguttulatum","Filobasidium uniguttulatum","Filobasidium","Filobasidiaceae","Filobasidiales"],"Properties":[4,5,5]}}