{"2771":{"Path":["0","0","2771","2771"],"Coordinates":[0.52549966647671686,0.34989235183180151,0.49577046265324937],"Categories":["Cyberlindnera maclurae","Cyberlindnera maclurae","Cyberlindnera","","Saccharomycetales"],"Properties":[5,2,4]},"2772":{"Path":["0","0","2771","2772"],"Coordinates":[0.53625565535846009,0.35202251147846048,0.49499295781011443],"Categories":["Cyberlindnera maclurae","Cyberlindnera maclurae","Cyberlindnera","","Saccharomycetales"],"Properties":[5,2,4]}}