{"4019":{"Path":["4019","4019","4019","4019"],"Coordinates":[0.29353601401102009,0.37565954773237642,0.40722498772668775],"Categories":["Prototheca stagnorum","Prototheca stagnorum","Prototheca","",""],"Properties":[2,3,3]}}