{"1189":{"Path":["0","0","1189","1189"],"Coordinates":[0.51818679943808121,0.44422998643290867,0.44560214715306795],"Categories":["Kodamaea ohmeri","Kodamaea ohmeri","Kodamaea","Saccharomycetaceae","Saccharomycetales"],"Properties":[5,3,4]}}