{"1015":{"Path":["0","0","1015","1015"],"Coordinates":[0.49657460140068671,0.51552925576774911,0.32410684886192],"Categories":["Clavispora lusitaniae","Clavispora lusitaniae","Clavispora","Metschnikowiaceae","Saccharomycetales"],"Properties":[4,4,2]},"1017":{"Path":["0","0","1015","1017"],"Coordinates":[0.55407509215814166,0.37850141441587914,0.30761297040444485],"Categories":["Clavispora lusitaniae","Clavispora lusitaniae","Clavispora","Metschnikowiaceae","Saccharomycetales"],"Properties":[5,3,2]}}