{"2927":{"Path":["0","0","2927","2927"],"Coordinates":[0.22523973465689151,0.56623597207235066,0.48113340634136781],"Categories":["Candida ambrosiae","Candida ambrosiae","Candida","","Saccharomycetales"],"Properties":[2,4,4]}}