{"465":{"Path":["0","0","466","465"],"Coordinates":[0.31215340125839452,0.60236567555388121,0.4060593405472232],"Categories":["Lipomyces lipofer","Lipomyces lipofer","Lipomyces","Lipomycetaceae","Saccharomycetales"],"Properties":[3,4,3]},"466":{"Path":["0","0","466","466"],"Coordinates":[0.44576611207300232,0.21970794486956316,0.4850803030670558],"Categories":["Lipomyces lipofer","Lipomyces lipofer","Lipomyces","Lipomycetaceae","Saccharomycetales"],"Properties":[4,1,4]}}