{"1862":{"Path":["0","0","1862","1862"],"Coordinates":[0.59140686528245556,0.26315391860578319,0.98208290668095588],"Categories":["Ogataea kodamae","Ogataea kodamae","Ogataea","Saccharomycetaceae","Saccharomycetales"],"Properties":[5,2,8]}}