{"2676":{"Path":["0","0","2676","2676"],"Coordinates":[0.49604514506050351,0.12678349546371398,0.308910044275542],"Categories":["Rhodotorula eucalyptica","Rhodotorula eucalyptica","Rhodotorula","","Sporidiobolales"],"Properties":[4,1,2]}}