{"2618":{"Path":["0","0","2618","2618"],"Coordinates":[0.48521494216259126,0.50436969390406228,0.51692195824929876],"Categories":["Candida novakii","Candida novakii","Candida","","Saccharomycetales"],"Properties":[4,4,4]}}