{"1039":{"Path":["0","0","1039","1039"],"Coordinates":[0.35339699238975392,0.14690497772496361,0.732151834881196],"Categories":["Wickerhamia fluorescens","Wickerhamia fluorescens","Wickerhamia","Saccharomycodaceae","Saccharomycetales"],"Properties":[3,1,6]},"1041":{"Path":["0","0","1039","1041"],"Coordinates":[0.7814277289390984,0.339929201474261,0.2759718723763957],"Categories":["Wickerhamia fluorescens","Wickerhamia fluorescens","Wickerhamia","Saccharomycodaceae","Saccharomycetales"],"Properties":[7,2,2]}}