{"2178":{"Path":["0","0","2178","2178"],"Coordinates":[0.48041371739821481,0.30880773828047059,0.87953405512685634],"Categories":["Sugiyamaella smithiae","Sugiyamaella smithiae","Sugiyamaella","Trichomonascaceae","Saccharomycetales"],"Properties":[4,2,7]}}