{"3103":{"Path":["0","0","37","3103"],"Coordinates":[0.402918410622952,0.78828765770470821,0.71512764168088572],"Categories":["Hannaella surugaensis","Hannaella surugaensis","Hannaella","","Tremellales"],"Properties":[4,6,6]}}