{"2150":{"Path":["0","0","2151","2150"],"Coordinates":[0.35798852223305933,0.30495001929726229,0.37309195958632563],"Categories":["Myxozyma udenii","Myxozyma udenii","Myxozyma","Lipomycetaceae","Saccharomycetales"],"Properties":[3,2,3]}}