{"2059":{"Path":["0","0","2059","2059"],"Coordinates":[0.43292674013534482,0.31210023171429474,0.41871189204589493],"Categories":["Sporobolomyces inositophilus","Sporobolomyces inositophilus","Sporobolomyces","","Sporidiobolales"],"Properties":[4,2,3]}}