{"1436":{"Path":["0","1436","1436","1436"],"Coordinates":[0.61891660472160182,0.062497899049430566,0.18273895076251223],"Categories":["Candida insectalens","Candida insectalens","Candida","","Saccharomycetales"],"Properties":[6,0,1]}}