{"4203":{"Path":["0","0","4203","4203"],"Coordinates":[0.576516865247578,0.56080740611742508,0.57594923050402613],"Categories":["Nakazawaea molendini-olei","Nakazawaea molendini-olei","Nakazawaea","Saccharomycetaceae","Saccharomycetales"],"Properties":[5,4,5]},"4205":{"Path":["0","0","4203","4205"],"Coordinates":[0.72872662451945569,0.45811717134965863,0.77324645585469387],"Categories":["Nakazawaea molendini-olei","Nakazawaea molendini-olei","Nakazawaea","Saccharomycetaceae","Saccharomycetales"],"Properties":[7,3,6]}}