{"2749":{"Path":["0","0","2749","2749"],"Coordinates":[0.54335785736735509,0.46756723775200654,0.1875411889584197],"Categories":["Bullera penniseticola","Bullera penniseticola","Bullera","Tremellaceae","Tremellales"],"Properties":[5,3,1]}}