{"1121":{"Path":["0","0","1121","1121"],"Coordinates":[0.69022297999193527,0.73425931042454007,0.55991287445614313],"Categories":["Middelhovenomyces tepae","Middelhovenomyces tepae","Middelhovenomyces","",""],"Properties":[6,5,5]}}