{"4149":{"Path":["0","0","4149","4149"],"Coordinates":[0.79903188025114891,0.32557163494501773,0.60601379010325873],"Categories":["Candida namnaoensis","Candida namnaoensis","Candida","","Saccharomycetales"],"Properties":[7,2,5]},"4151":{"Path":["0","0","4149","4151"],"Coordinates":[0.68031124631061357,0.5863465473609063,0.37789086404635175],"Categories":["Wickerhamomyces tratensis","Wickerhamomyces tratensis","Wickerhamomyces","","Saccharomycetales"],"Properties":[6,4,3]}}