{"4039":{"Path":["0","0","4040","4039"],"Coordinates":[0.46757154693509595,0.80595719090000761,0.92587048905304115],"Categories":["Clavispora reshetovae","Clavispora reshetovae","Clavispora","Metschnikowiaceae","Saccharomycetales"],"Properties":[4,6,8]}}