{"4026":{"Path":["0","0","1186","4026"],"Coordinates":[0.26611539954987373,0.38084648748616112,0.37157155392267494],"Categories":["Ogataea cecidiorum","Ogataea cecidiorum","Ogataea","Saccharomycetaceae","Saccharomycetales"],"Properties":[2,3,3]},"4027":{"Path":["0","0","1186","4026"],"Coordinates":[0.2660716258148707,0.38079571279140528,0.37160924847478349],"Categories":["Ogataea cecidiorum","Ogataea cecidiorum","Ogataea","Saccharomycetaceae","Saccharomycetales"],"Properties":[2,3,3]}}