{"4260":{"Path":["0","0","4260","4260"],"Coordinates":[0.64216045846260783,0.67543236275239016,0.058709473664742148],"Categories":["Yarrowia bubula","Yarrowia bubula","Yarrowia","","Saccharomycetales"],"Properties":[6,5,0]}}