{"1648":{"Path":["0","0","1648","1648"],"Coordinates":[0.606977832239875,0.78683390737717107,0.74506895233831572],"Categories":["Candida multigemmis","Candida multigemmis","Candida","","Saccharomycetales"],"Properties":[6,6,6]}}