{"2406":{"Path":["0","2406","2406","2406"],"Coordinates":[0.15072689623506552,0.59140296043736917,0.77169283783609777],"Categories":["Candida montana","Candida montana","Candida","","Saccharomycetales"],"Properties":[1,4,6]},"2407":{"Path":["0","2406","2406","2406"],"Coordinates":[0.15070674741232187,0.59143292323113716,0.7716795969327227],"Categories":["Candida montana","Candida montana","Candida","","Saccharomycetales"],"Properties":[1,4,6]}}