{"3869":{"Path":["0","0","1566","3869"],"Coordinates":[0.44138994414475047,0.32960835441902386,0.60079552245050749],"Categories":["Lachancea dasiensis","Lachancea dasiensis","Lachancea","Saccharomycetaceae","Saccharomycetales"],"Properties":[4,2,5]}}