{"465":{"Path":["0","0","466","465"],"Coordinates":[0.31215340125839452,0.60236567555388121,0.4060593405472232],"Categories":["Lipomyces lipofer","Lipomyces lipofer","Lipomyces","Lipomycetaceae","Saccharomycetales"],"Properties":[3,4,3]}}