{"4175":{"Path":["0","0","4175","4175"],"Coordinates":[0.67850574132668584,0.44870533807301732,0.75114434884979253],"Categories":["Candida middelhoveniana","Candida middelhoveniana","Candida","","Saccharomycetales"],"Properties":[6,3,6]}}