{"2564":{"Path":["0","0","2564","2564"],"Coordinates":[0.49626955058025862,0.4684944430897473,0.22043020674116365],"Categories":["Bullera hannae","Bullera hannae","Bullera","Tremellaceae","Tremellales"],"Properties":[4,3,1]},"2565":{"Path":["0","0","2564","2564"],"Coordinates":[0.49627715771812592,0.46850749155402083,0.22042919936119809],"Categories":["Bullera hannae","Bullera hannae","Bullera","Tremellaceae","Tremellales"],"Properties":[4,3,1]}}