{"1538":{"Path":["0","0","1538","1538"],"Coordinates":[0.50513498628999109,0.44486347234661627,0.62936752256117157],"Categories":["Candida silvanorum","Candida silvanorum","Candida","","Saccharomycetales"],"Properties":[5,3,5]}}