{"2455":{"Path":["0","0","1630","2455"],"Coordinates":[0.52286676186815961,0.588934583257191,0.45190882748597833],"Categories":["Cryptococcus vishniacii","Cryptococcus vishniacii","Cryptococcus","Tremellaceae","Tremellales"],"Properties":[5,4,4]}}