{"861":{"Path":["0","0","429","861"],"Coordinates":[0.71880707962738155,0.41329576248625377,0.73209365096418288],"Categories":["Torulaspora franciscae","Torulaspora franciscae","Torulaspora","Saccharomycetaceae","Saccharomycetales"],"Properties":[7,3,6]}}