{"3687":{"Path":["0","0","3687","3687"],"Coordinates":[0.71687135572233762,0.4520405119150096,0.331627582992257],"Categories":["Candida labiduridarum","Candida labiduridarum","Candida","","Saccharomycetales"],"Properties":[7,3,2]}}