{"3950":{"Path":["0","0","37","3950"],"Coordinates":[0.61766500386783962,0.29459910394367395,0.50679203775969384],"Categories":["Trichosporon chiarellii","Trichosporon chiarellii","Trichosporon","Trichosporonaceae","Tremellales"],"Properties":[6,2,4]}}