{"1770":{"Path":["0","0","1770","1770"],"Coordinates":[0.26321918571845415,0.317050628959025,0.484733445121827],"Categories":["Candida auringiensis","Candida auringiensis","Candida","","Saccharomycetales"],"Properties":[2,2,4]},"1771":{"Path":["0","0","1770","1770"],"Coordinates":[0.26321278826787742,0.31704612456196712,0.48474962834949736],"Categories":["Candida auringiensis","Candida auringiensis","Candida","","Saccharomycetales"],"Properties":[2,2,4]}}