{"470":{"Path":["0","0","470","470"],"Coordinates":[0.44794940360819768,0.58204237462581188,0.43903784466296647],"Categories":["Cryptococcus carnescens","Cryptococcus carnescens","Cryptococcus","Tremellaceae","Tremellales"],"Properties":[4,4,3]}}