{"975":{"Path":["0","0","696","975"],"Coordinates":[0.6931351891329175,0.53665160019296032,0.33695597048732617],"Categories":["Scheffersomyces insectosa","Scheffersomyces insectosa","Scheffersomyces","Debaryomycetaceae","Saccharomycetales"],"Properties":[6,4,3]}}