{"1687":{"Path":["0","1324","1687","1687"],"Coordinates":[0.38368322623030293,0.348174917322721,0.68010636616480868],"Categories":["Sporopachydermia cereana","Sporopachydermia cereana","Sporopachydermia","","Saccharomycetales"],"Properties":[3,2,6]}}