{"3505":{"Path":["0","0","3505","3505"],"Coordinates":[0.78168172479304787,0.62647735021457529,0.80331780917173046],"Categories":["Ogataea thermomethanolica","Ogataea thermomethanolica","Ogataea","Saccharomycetaceae","Saccharomycetales"],"Properties":[7,5,7]}}