{"37":{"Path":["2","37","37","37"],"Coordinates":[-0.22551166166876105,0.419417675396201,-0.0013749928974165152],"Categories":["Filobasidiella neoformans","Filobasidiella neoformans","Filobasidiella","","Tremellales"],"Properties":[-2,3,0]},"332":{"Path":["2","37","37","332"],"Coordinates":[-0.21553888095162851,0.40860833278747388,-0.0032021616377400338],"Categories":["Candida parapsilosis","Candida parapsilosis","Candida","","Saccharomycetales"],"Properties":[-2,3,0]},"796":{"Path":["2","37","37","796"],"Coordinates":[-0.21732887681666765,0.41242698958459545,-0.0017169815039319667],"Categories":["Saccharomycopsis javanensis","Saccharomycopsis javanensis","Saccharomycopsis","Saccharomycopsidaceae","Saccharomycetales"],"Properties":[-2,3,0]}}