{"3134":{"Path":["0","0","3134","3134"],"Coordinates":[0.56475500062701356,0.63753439508824838,0.75002021816562858],"Categories":["Cryptococcus allantoinivorans","Cryptococcus allantoinivorans","Cryptococcus","Tremellaceae","Tremellales"],"Properties":[5,5,6]},"3135":{"Path":["0","0","3134","3135"],"Coordinates":[0.5224580852105758,0.62948520495132043,0.64236114237046871],"Categories":["Cryptococcus allantoinivorans","Cryptococcus allantoinivorans","Cryptococcus","Tremellaceae","Tremellales"],"Properties":[5,5,5]}}