{"816":{"Path":["0","0","816","816"],"Coordinates":[0.64815168526534528,0.34444776487649409,0.6691106887561159],"Categories":["Candida apis","Candida apis","Candida","","Saccharomycetales"],"Properties":[6,2,6]}}