{"3365":{"Path":["0","0","2408","3365"],"Coordinates":[0.35620641756052768,0.527925290503732,0.39202214250475265],"Categories":["Candida hydropsyches","Candida hydropsyches","Candida","","Saccharomycetales"],"Properties":[3,4,3]},"3366":{"Path":["0","0","2408","3365"],"Coordinates":[0.35619687813541145,0.52793432912304006,0.39200796400338878],"Categories":["Candida hydropsyches","Candida hydropsyches","Candida","","Saccharomycetales"],"Properties":[3,4,3]}}