{"4224":{"Path":["0","0","4225","4225"],"Coordinates":[0.40440482463258992,0.51016129825086864,0.77151333325149163],"Categories":["Spencermartinsiella ligniputrida","Spencermartinsiella ligniputrida","","",""],"Properties":[4,4,6]},"4225":{"Path":["0","0","4225","4225"],"Coordinates":[0.405839781087384,0.51105986755667632,0.7725324489757488],"Categories":["Spencermartinsiella ligniputrida","Spencermartinsiella ligniputrida","","",""],"Properties":[4,4,6]}}