{"555":{"Path":["0","0","555","555"],"Coordinates":[0.74378341106914647,0.54894177563019775,0.6944654067943653],"Categories":["Candida blankii","Candida blankii","Candida","","Saccharomycetales"],"Properties":[7,4,6]},"558":{"Path":["0","0","555","558"],"Coordinates":[0.48024258996605673,0.11630586391266785,0.5175975788712841],"Categories":["Candida blankii","Candida blankii","Candida","","Saccharomycetales"],"Properties":[4,0,4]}}