{"3833":{"Path":["0","0","3833","3833"],"Coordinates":[0.52102276070348208,0.67170371291335162,0.43659659915443078],"Categories":["Candida oxycetoniae","Candida oxycetoniae","Candida","","Saccharomycetales"],"Properties":[5,5,3]}}