{"3949":{"Path":["0","0","37","3949"],"Coordinates":[0.6431767311418467,0.46241532865955931,0.46779760076579613],"Categories":["Trichosporon chiarellii","Trichosporon chiarellii","Trichosporon","Trichosporonaceae","Tremellales"],"Properties":[6,3,4]}}