{"1276":{"Path":["0","0","1277","1277"],"Coordinates":[0.49249952413600884,0.38320078107549843,0.27528221123025659],"Categories":["Millerozyma acaciae","Millerozyma acaciae","Millerozyma","Debaryomycetaceae","Saccharomycetales"],"Properties":[4,3,2]},"1277":{"Path":["0","0","1277","1277"],"Coordinates":[0.49251603363143137,0.38323687706645654,0.27531676494475188],"Categories":["Millerozyma acaciae","Millerozyma acaciae","Millerozyma","Debaryomycetaceae","Saccharomycetales"],"Properties":[4,3,2]}}