{"1103":{"Path":["0","0","1103","1103"],"Coordinates":[0.47408264963161084,0.58124044744577974,0.5898366318375452],"Categories":["Candida oregonensis","Candida oregonensis","Candida","","Saccharomycetales"],"Properties":[4,4,5]}}