{"3256":{"Path":["0","0","3256","3256"],"Coordinates":[0.69183872962771886,0.55253419508362778,0.32315306273579958],"Categories":["Candida kunorum","Candida kunorum","Candida","","Saccharomycetales"],"Properties":[6,4,2]}}