{"3208":{"Path":["0","0","37","3208"],"Coordinates":[0.27094845171272469,0.7145162104145073,0.47933085831551603],"Categories":["Derxomyces cylindrica","Derxomyces cylindrica","Derxomyces","","Tremellales"],"Properties":[2,5,4]},"3209":{"Path":["0","0","37","3208"],"Coordinates":[0.27094791436918175,0.71452290766002835,0.47931871256778219],"Categories":["Derxomyces cylindrica","Derxomyces cylindrica","Derxomyces","","Tremellales"],"Properties":[2,5,4]}}