{"3708":{"Path":["0","0","3708","3708"],"Coordinates":[0.57861241114710871,0.3315666008892279,0.44541634705605204],"Categories":["Ogataea allantospora","Ogataea allantospora","Ogataea","Saccharomycetaceae","Saccharomycetales"],"Properties":[5,2,4]}}