{"1449":{"Path":["0","0","702","1449"],"Coordinates":[0.48599359332508923,0.264414438206681,0.49248567057874842],"Categories":["Priceomyces castillae","Priceomyces castillae","Priceomyces","Debaryomycetaceae","Saccharomycetales"],"Properties":[4,2,4]}}