{"3418":{"Path":["0","2609","3418","3418"],"Coordinates":[0.21981496459701772,0.83040092289184608,0.40536064292062091],"Categories":["Pseudozyma alboarmeniaca","Pseudozyma alboarmeniaca","Pseudozyma","Ustilaginaceae","Ustilaginales"],"Properties":[2,6,3]}}