{"68":{"Path":["3","23","68","68"],"Coordinates":[-0.30523674032987763,0.26100594373400915,-0.16918260153966136],"Categories":["Cryptococcus magnus","Cryptococcus magnus","Cryptococcus","Tremellaceae","Tremellales"],"Properties":[-3,2,-1]},"585":{"Path":["3","23","68","585"],"Coordinates":[-0.30964687209412023,0.26988761820245949,-0.16118306490031784],"Categories":["Candida membranifaciens","Candida membranifaciens","Candida","","Saccharomycetales"],"Properties":[-3,2,-1]},"650":{"Path":["3","23","68","650"],"Coordinates":[-0.29800099131624547,0.26159258263736268,-0.17557366058222332],"Categories":["Vanderwaltozyma polyspora","Vanderwaltozyma polyspora","Vanderwaltozyma","Saccharomycetaceae","Saccharomycetales"],"Properties":[-2,2,-1]}}