{"3459":{"Path":["0","0","3459","3459"],"Coordinates":[0.45769448148904796,0.39431859099871819,0.51051849961750118],"Categories":["Saturnispora hagleri","Saturnispora hagleri","Saturnispora","Saccharomycetaceae","Saccharomycetales"],"Properties":[4,3,4]},"4095":{"Path":["0","0","3459","4095"],"Coordinates":[0.49464266073746532,0.38816058747293958,0.766065025083484],"Categories":["Saturnispora serradocipensis","Saturnispora serradocipensis","Saturnispora","Saccharomycetaceae","Saccharomycetales"],"Properties":[4,3,6]}}