{"218":{"Path":["0","0","218","218"],"Coordinates":[0.39023091322698883,0.41157736590782962,0.44012480175266111],"Categories":["Naumovozyma dairenensis","Naumovozyma dairenensis","Naumovozyma","Saccharomycetaceae","Saccharomycetales"],"Properties":[3,3,3]}}