{"2949":{"Path":["0","0","2949","2949"],"Coordinates":[0.090858168359144648,0.53727486432902949,0.45161021839178628],"Categories":["Cryptococcus haglerorum","Cryptococcus haglerorum","Cryptococcus","Tremellaceae","Tremellales"],"Properties":[0,4,4]}}