{"1810":{"Path":["0","0","1260","1810"],"Coordinates":[0.42774139249748555,0.42276759075082909,0.58333385130422633],"Categories":["Cyberlindnera mississippiensis","Cyberlindnera mississippiensis","Cyberlindnera","","Saccharomycetales"],"Properties":[4,3,5]}}