{"3425":{"Path":["0","0","37","3425"],"Coordinates":[0.50362303389010643,0.36897973474949725,0.590368219171262],"Categories":["Trichosporon middelhovenii","Trichosporon middelhovenii","Trichosporon","Trichosporonaceae","Tremellales"],"Properties":[5,2,5]}}