{"1410":{"Path":["0","0","930","1410"],"Coordinates":[0.72200158011923,0.21290534389103544,0.57245901950075806],"Categories":["Ambrosiozyma ambrosiae","Ambrosiozyma ambrosiae","Ambrosiozyma","","Saccharomycetales"],"Properties":[7,1,5]}}