{"556":{"Path":["2","41","80","556"],"Coordinates":[-0.29475922103819419,0.33608216995715534,0.082284661404567763],"Categories":["Candida blankii","Candida blankii","Candida","","Saccharomycetales"],"Properties":[-2,2,0]},"2977":{"Path":["2","41","80","556"],"Coordinates":[-0.29021743017595081,0.33757223746498771,0.083988884398341249],"Categories":["Kockovaella calophylli","Kockovaella calophylli","Kockovaella","Cuniculitremaceae","Tremellales"],"Properties":[-2,2,0]}}