{"3938":{"Path":["0","0","3939","3938"],"Coordinates":[0.12561673726852154,0.69938790564725239,0.47538725690852973],"Categories":["Candida awuaii","Candida awuaii","Candida","","Saccharomycetales"],"Properties":[1,5,4]}}