{"4091":{"Path":["0","0","4091","4091"],"Coordinates":[0.22686384227551282,0.26580992626697075,0.589769633488581],"Categories":["Candida ezoensis","Candida ezoensis","Candida","","Saccharomycetales"],"Properties":[2,2,5]}}