{"1825":{"Path":["0","0","702","1825"],"Coordinates":[0.41861944353635078,0.30581750641427774,0.5780290351092191],"Categories":["Candida fermenticarens","Candida fermenticarens","Candida","","Saccharomycetales"],"Properties":[4,2,5]}}