{"3876":{"Path":["0","0","1175","3876"],"Coordinates":[0.46091711444634775,0.68835981575928173,0.50756526899127907],"Categories":["Candida spencermartinsiae","Candida spencermartinsiae","Candida","","Saccharomycetales"],"Properties":[4,5,4]}}