{"2846":{"Path":["0","0","2260","2846"],"Coordinates":[0.41530837805829163,0.57881838753873083,0.4902239368266364],"Categories":["Kurtzmaniella cleridarum","Kurtzmaniella cleridarum","Kurtzmaniella","Saccharomycetaceae","Saccharomycetales"],"Properties":[4,4,4]}}