{"2419":{"Path":["0","0","2419","2419"],"Coordinates":[0.38586061833987989,0.43353915312757696,0.78301994373554507],"Categories":["Candida tropicalis","Candida tropicalis","Candida","","Saccharomycetales"],"Properties":[3,3,7]}}