{"918":{"Path":["0","0","918","918"],"Coordinates":[0.42461605863617863,0.42803970310389083,0.40606676465509217],"Categories":["Rhodotorula bogoriensis","Rhodotorula bogoriensis","Rhodotorula","","Sporidiobolales"],"Properties":[4,3,3]}}