{"2779":{"Path":["0","0","2779","2779"],"Coordinates":[0.47909515291990007,0.71303795168602169,0.54018233482343625],"Categories":["Cryptococcus arrabidensis","Cryptococcus arrabidensis","Cryptococcus","Tremellaceae","Tremellales"],"Properties":[4,5,4]}}