{"772":{"Path":["0","0","707","772"],"Coordinates":[0.6625930502224946,0.66099281988365577,0.37313358039940681],"Categories":["Peterozyma toletana","Peterozyma toletana","Peterozyma","","Saccharomycetales"],"Properties":[6,5,3]},"773":{"Path":["0","0","707","772"],"Coordinates":[0.66262473762826979,0.661040632034432,0.37312055952672618],"Categories":["Peterozyma toletana","Peterozyma toletana","Peterozyma","","Saccharomycetales"],"Properties":[6,5,3]}}