{"44":{"Path":["5","44","44","44"],"Coordinates":[-0.55021909931176982,0.29620674376552236,-0.034922483950503194],"Categories":["Candida glabrata","Candida glabrata","Candida","","Saccharomycetales"],"Properties":[-5,2,0]},"454":{"Path":["5","44","44","454"],"Coordinates":[-0.53727555144651906,0.2876032529955459,-0.038916151354628094],"Categories":["Debaryomyces hansenii","Debaryomyces subglobosus","Debaryomyces","Saccharomycetaceae","Saccharomycetales"],"Properties":[-5,2,0]},"750":{"Path":["5","44","44","750"],"Coordinates":[-0.55648281190447846,0.30303429268338156,-0.03398612292753],"Categories":["Trichosporon moniliiforme","Trichosporon moniliiforme","Trichosporon","Trichosporonaceae","Tremellales"],"Properties":[-5,2,0]}}