{"1644":{"Path":["0","0","411","1644"],"Coordinates":[0.51555226315946745,0.34093143519994173,0.5505677654481228],"Categories":["Candida methanolovescens","Candida methanolovescens","Candida","","Saccharomycetales"],"Properties":[5,2,4]}}