{"1826":{"Path":["0","0","702","1827"],"Coordinates":[0.61042337897255117,0.32474473083473093,0.5740211609425695],"Categories":["Candida fermenticarens","Candida fermenticarens","Candida","","Saccharomycetales"],"Properties":[6,2,5]},"1827":{"Path":["0","0","702","1827"],"Coordinates":[0.60458682871757308,0.32420808095843662,0.57275430928136339],"Categories":["Candida fermenticarens","Candida fermenticarens","Candida","","Saccharomycetales"],"Properties":[6,2,5]}}