{"3231":{"Path":["0","0","3232","3232"],"Coordinates":[0.53809891212237948,0.58977551876698642,0.76058382335060437],"Categories":["Pichia myanmarensis","Pichia myanmarensis","Pichia","Saccharomycetaceae","Saccharomycetales"],"Properties":[5,4,6]},"3232":{"Path":["0","0","3232","3232"],"Coordinates":[0.544130359155773,0.58571251278539582,0.7594501717882659],"Categories":["Pichia myanmarensis","Pichia myanmarensis","Pichia","Saccharomycetaceae","Saccharomycetales"],"Properties":[5,4,6]}}