{"4205":{"Path":["0","0","4203","4205"],"Coordinates":[0.5616001065706735,0.21722177733661807,0.50064532205948964],"Categories":["Nakazawaea molendini-olei","Nakazawaea molendini-olei","Nakazawaea","Saccharomycetaceae","Saccharomycetales"],"Properties":[5,1,4]}}