{"3642":{"Path":["0","0","3642","3642"],"Coordinates":[0.73161437461071432,0.24896578831155092,0.34574602107142494],"Categories":["Candida stri","Candida stri","Candida","","Saccharomycetales"],"Properties":[7,1,3]}}