{"365":{"Path":["0","0","365","365"],"Coordinates":[0.44789884685214026,0.69782098621287691,0.33776762083071693],"Categories":["Zygosaccharomyces bailii","Zygosaccharomyces bailii","Zygosaccharomyces","Saccharomycetaceae","Saccharomycetales"],"Properties":[4,5,3]},"370":{"Path":["0","0","365","370"],"Coordinates":[0.15357021343515784,0.39465993513131692,0.49165188319693481],"Categories":["Zygosaccharomyces bailii","Zygosaccharomyces bailii","Zygosaccharomyces","Saccharomycetaceae","Saccharomycetales"],"Properties":[1,3,4]}}