{"254":{"Path":["0","31","184","254"],"Coordinates":[-0.4126856250514665,0.42327996289539782,0.013826592593845744],"Categories":["Hanseniaspora valbyensis","Hanseniaspora valbyensis","Hanseniaspora","Saccharomycodaceae","Saccharomycetales"],"Properties":[-4,3,0]},"2344":{"Path":["0","31","184","254"],"Coordinates":[-0.41107571165027124,0.42700015682590692,0.016374449523121715],"Categories":["Sporobolomyces dracophylli","Sporobolomyces dracophylli","Sporobolomyces","","Sporidiobolales"],"Properties":[-4,3,0]}}