{"2085":{"Path":["0","0","2085","2085"],"Coordinates":[0.88669776641657228,0.44899048011813525,0.681211411589972],"Categories":["Lipomyces arxii","Lipomyces arxii","Lipomyces","Lipomycetaceae","Saccharomycetales"],"Properties":[8,3,6]}}