{"4265":{"Path":["0","0","4265","4265"],"Coordinates":[0.1997250289670815,0.64736982807199006,0.30888901471596275],"Categories":["Wickerhamiella siamensis","Wickerhamiella siamensis","Wickerhamiella","","Saccharomycetales"],"Properties":[1,5,2]}}