{"1065":{"Path":["0","0","1067","1065"],"Coordinates":[0.59823762587977192,0.31622516668574413,0.57316608875842057],"Categories":["Yamadazyma scolyti","Yamadazyma scolyti","Yamadazyma","Saccharomycetaceae","Saccharomycetales"],"Properties":[5,2,5]},"1067":{"Path":["0","0","1067","1067"],"Coordinates":[0.63883717932011708,0.60938195319758448,0.66513350709660968],"Categories":["Yamadazyma scolyti","Yamadazyma scolyti","Yamadazyma","Saccharomycetaceae","Saccharomycetales"],"Properties":[6,4,5]}}