{"16":{"Path":["0","16","16","16"],"Coordinates":[-0.25709351825564547,0.40217041302380407,-0.057317840185379422],"Categories":["Dekkera bruxellensis","Dekkera bruxellensis","Dekkera","Saccharomycetaceae","Saccharomycetales"],"Properties":[-2,3,0]},"56":{"Path":["0","16","56","56"],"Coordinates":[-0.26377407548631682,0.36464518595793377,-0.043343201569311464],"Categories":["Candida glabrata","Candida glabrata","Candida","","Saccharomycetales"],"Properties":[-2,2,0]},"141":{"Path":["0","16","141","141"],"Coordinates":[-0.22899108020906056,0.4232498713382995,-0.041533219212869579],"Categories":["Hanseniaspora osmophila","Hanseniaspora osmophila","Hanseniaspora","Saccharomycodaceae","Saccharomycetales"],"Properties":[-2,3,0]}}