{"3573":{"Path":["0","0","3573","3573"],"Coordinates":[0.64145341553005086,0.62973246883231171,0.284842784629986],"Categories":["Metschnikowia shivogae","Metschnikowia shivogae","Metschnikowia","Metschnikowiaceae","Saccharomycetales"],"Properties":[6,5,2]}}