{"1291":{"Path":["0","0","1291","1291"],"Coordinates":[0.24569554931848811,0.35985620996702339,0.61640410870387941],"Categories":["Candida chilensis","Candida chilensis","Candida","","Saccharomycetales"],"Properties":[2,2,5]},"1292":{"Path":["0","0","1291","1292"],"Coordinates":[0.24098668389563241,0.353458693435764,0.61545628558657428],"Categories":["Candida chilensis","Candida chilensis","Candida","","Saccharomycetales"],"Properties":[2,2,5]}}