{"4048":{"Path":["0","0","4048","4048"],"Coordinates":[0.55651243728246358,0.70783346373093381,0.34929742863577778],"Categories":["Vanderwaltozyma tropicalis","Vanderwaltozyma tropicalis","Vanderwaltozyma","Saccharomycetaceae","Saccharomycetales"],"Properties":[5,5,3]}}