{"2501":{"Path":["0","0","2501","2501"],"Coordinates":[0.53991609453735823,0.32692585989627548,0.8869016398116939],"Categories":["Ambrosiozyma llanquihuensis","Ambrosiozyma llanquihuensis","Ambrosiozyma","","Saccharomycetales"],"Properties":[5,2,7]}}