{"1954":{"Path":["0","0","1954","1954"],"Coordinates":[0.491195693168795,0.37119716692319854,0.52221062719416023],"Categories":["Sporobolomyces phyllomatis","Sporobolomyces phyllomatis","Sporobolomyces","","Sporidiobolales"],"Properties":[4,2,4]},"2431":{"Path":["0","0","1954","2431"],"Coordinates":[0.76094368859399386,0.69493734293879339,0.40046339000719811],"Categories":["Rhodotorula armeniaca","Rhodotorula armeniaca","Rhodotorula","","Sporidiobolales"],"Properties":[7,5,3]}}