{"513":{"Path":["2","2","2","513"],"Coordinates":[-0.32230143840875775,0.41573818249442129,0.042975830517471149],"Categories":["Filobasidium uniguttulatum","Filobasidium uniguttulatum","Filobasidium","Filobasidiaceae","Filobasidiales"],"Properties":[-3,3,0]},"1260":{"Path":["2","2","2","513"],"Coordinates":[-0.31932416490951177,0.41876437475061606,0.046658956651525835],"Categories":["Cyberlindnera fabianii","Cyberlindnera fabianii","Cyberlindnera","","Saccharomycetales"],"Properties":[-3,3,0]}}