{"1588":{"Path":["0","0","1586","1588"],"Coordinates":[0.14679382260221896,0.63338456380100416,0.36253966623015177],"Categories":["Sakaguchia dacryoidea","Sakaguchia dacryoidea","Sakaguchia","Sporidiobolaceae","Sporidiobolales"],"Properties":[1,5,3]}}