{"909":{"Path":["0","0","909","909"],"Coordinates":[0.20466821921568951,0.39390941201681445,0.47137752359995888],"Categories":["Pachysolen tannophilus","Pachysolen tannophilus","Pachysolen","Saccharomycetaceae","Saccharomycetales"],"Properties":[2,3,4]}}