{"1029":{"Path":["0","0","1027","1029"],"Coordinates":[0.39424568235182278,0.47287026055974812,0.62775013813610958],"Categories":["Kluyveromyces aestuarii","Kluyveromyces aestuarii","Kluyveromyces","Saccharomycetaceae","Saccharomycetales"],"Properties":[3,3,5]}}