{"1923":{"Path":["0","1923","1923","1923"],"Coordinates":[0.45539418252422731,0.51603841864358868,0.57649390983228987],"Categories":["Bensingtonia phyllada","Bensingtonia phyllada","Bensingtonia","Agaricostilbaceae","Agaricostilbales"],"Properties":[4,4,5]}}