{"2966":{"Path":["0","0","2963","2966"],"Coordinates":[0.27973537650348312,0.6275464465193149,0.38449226534381492],"Categories":["Tetrapisispora fleetii","Tetrapisispora fleetii","Tetrapisispora","Saccharomycetaceae","Saccharomycetales"],"Properties":[2,5,3]}}