{"1255":{"Path":["0","0","1255","1255"],"Coordinates":[0.24285105917684588,0.73963212158052671,0.29223624851979968],"Categories":["Candida maltosa","Candida maltosa","Candida","","Saccharomycetales"],"Properties":[2,5,2]}}