{"3951":{"Path":["3951","3951","3951","3951"],"Coordinates":[0.22477164797196653,-0.048607774760518,0.3144370388543094],"Categories":["Prototheca cutis","Prototheca cutis","Prototheca","",""],"Properties":[2,0,2]}}