{"59":{"Path":["3","23","59","59"],"Coordinates":[-0.28168340240948886,0.23869433290401126,-0.20841964364078158],"Categories":["Candida glabrata","Candida glabrata","Candida","","Saccharomycetales"],"Properties":[-2,1,-1]}}