{"131":{"Path":["2","25","131","131"],"Coordinates":[-0.27154330083699907,0.34522128848841344,0.028473276655539597],"Categories":["Cyberlindnera saturnus","Cyberlindnera suaveolens","Cyberlindnera","","Saccharomycetales"],"Properties":[-2,2,0]},"813":{"Path":["2","25","131","813"],"Coordinates":[-0.26963867673218661,0.33416175587094366,0.031885383873108394],"Categories":["Wickerhamomyces bovis","Wickerhamomyces bovis","Wickerhamomyces","","Saccharomycetales"],"Properties":[-2,2,0]}}