{"21":{"Path":["2","21","21","21"],"Coordinates":[-0.34593091958840561,0.33481935074239977,0.1067332499589758],"Categories":["Candida tropicalis","Candida tropicalis","Candida","","Saccharomycetales"],"Properties":[-3,2,0]},"62":{"Path":["2","21","62","62"],"Coordinates":[-0.32460967469732843,0.35127189355123267,0.1310104078912378],"Categories":["Cryptococcus laurentii","Cryptococcus laurentii","Cryptococcus","Tremellaceae","Tremellales"],"Properties":[-3,2,1]},"89":{"Path":["2","21","89","89"],"Coordinates":[-0.36422012807877774,0.30690851009561637,0.12265135322263185],"Categories":["Candida sake","Candida sake","Candida","","Saccharomycetales"],"Properties":[-3,2,1]}}