{"2964":{"Path":["0","0","2963","2964"],"Coordinates":[0.42394442095596868,0.4292134938046871,0.53240728373196466],"Categories":["Tetrapisispora fleetii","Tetrapisispora fleetii","Tetrapisispora","Saccharomycetaceae","Saccharomycetales"],"Properties":[4,3,4]},"2965":{"Path":["0","0","2963","2964"],"Coordinates":[0.42390965548912252,0.4292072465083952,0.53240202026064354],"Categories":["Tetrapisispora fleetii","Tetrapisispora fleetii","Tetrapisispora","Saccharomycetaceae","Saccharomycetales"],"Properties":[4,3,4]}}