{"1419":{"Path":["0","0","1419","1419"],"Coordinates":[0.46577588701001921,0.53328974388839612,0.43487783207442782],"Categories":["Nakazawaea ishiwadae","Nakazawaea ishiwadae","Nakazawaea","Saccharomycetaceae","Saccharomycetales"],"Properties":[4,4,3]}}