{"3762":{"Path":["0","3762","3762","3762"],"Coordinates":[0.40224205987403533,0.60654271435924145,0.64389597211091754],"Categories":["Candida alocasiicola","Candida alocasiicola","Candida","","Saccharomycetales"],"Properties":[4,4,5]}}