{"4086":{"Path":["0","0","4089","4086"],"Coordinates":[0.69814494693886087,0.30229616585431329,0.71264936526739642],"Categories":["Spencermartinsiella europaea","Spencermartinsiella europaea","Spencermartinsiella","Trichomonascaceae","Saccharomycetales"],"Properties":[6,2,6]}}