{"3074":{"Path":["0","0","143","3074"],"Coordinates":[0.46336587725464207,0.64893140811904837,0.28890090515221839],"Categories":["Pichia dianae","Pichia dianae","Pichia","Saccharomycetaceae","Saccharomycetales"],"Properties":[4,5,2]}}