{"4254":{"Path":["0","0","4254","4254"],"Coordinates":[0.78632727109515144,0.18367097097901464,0.85020545478703735],"Categories":["Ogataea kolombanensis","Ogataea kolombanensis","Ogataea","Saccharomycetaceae","Saccharomycetales"],"Properties":[7,1,7]}}