{"3667":{"Path":["0","3667","3667","3667"],"Coordinates":[0.76763257103997229,0.42615527838027983,0.42047071284888343],"Categories":["Candida pseudorugosa","Candida pseudorugosa","Candida","","Saccharomycetales"],"Properties":[7,3,3]}}