{"4180":{"Path":["0","0","4180","4180"],"Coordinates":[0.673904444412591,0.077684998912927336,0.37142002906458982],"Categories":["Wickerhamomyces xylosica","Wickerhamomyces xylosica","Wickerhamomyces","","Saccharomycetales"],"Properties":[6,0,3]}}