{"1126":{"Path":["0","0","1126","1126"],"Coordinates":[0.37287354665811873,0.57569656639556266,0.5383459071839648],"Categories":["Pichia kudriavzevii","Pichia kudriavzevii","Pichia","Saccharomycetaceae","Saccharomycetales"],"Properties":[3,4,4]},"3685":{"Path":["0","0","1126","3685"],"Coordinates":[0.48359699436320741,0.7115034913317424,0.32076694410614937],"Categories":["Pichia cecembensis","Pichia cecembensis","Pichia","Saccharomycetaceae","Saccharomycetales"],"Properties":[4,5,2]}}