{"4134":{"Path":["0","4134","4134","4134"],"Coordinates":[0.15072677046798963,0.24273522438085315,0.549333557625324],"Categories":["Candida hasegawae","Candida hasegawae","Candida","","Saccharomycetales"],"Properties":[1,1,4]}}