{"2971":{"Path":["0","2971","2971","2971"],"Coordinates":[0.4466165809560983,0.72370465816129248,0.30889085004494549],"Categories":["Bensingtonia thailandica","Bensingtonia thailandica","Bensingtonia","Agaricostilbaceae","Agaricostilbales"],"Properties":[4,5,2]}}