{"2723":{"Path":["0","0","2723","2723"],"Coordinates":[0.735848215123669,0.50928664001334778,0.27001724294507412],"Categories":["Rhodotorula orientis","Rhodotorula orientis","Rhodotorula","","Sporidiobolales"],"Properties":[7,4,2]}}