{"1853":{"Path":["0","0","1853","1853"],"Coordinates":[0.60184188197725086,0.48844747819662265,0.57413502132678973],"Categories":["Saccharomycodes sinensis","Saccharomycodes sinensis","Saccharomycodes","Saccharomycodaceae","Saccharomycetales"],"Properties":[6,3,5]}}