{"976":{"Path":["0","0","976","976"],"Coordinates":[0.529211029534987,0.27801138036604484,0.70290002525957684],"Categories":["Candida vartiovaarae","Candida vartiovaarae","Candida","","Saccharomycetales"],"Properties":[5,2,6]}}