{"218":{"Path":["0","0","218","218"],"Coordinates":[0.48653471535715725,0.51136297370618877,0.39148834689228174],"Categories":["Naumovozyma dairenensis","Naumovozyma dairenensis","Naumovozyma","Saccharomycetaceae","Saccharomycetales"],"Properties":[4,4,3]}}