{"207":{"Path":["8","33","207","207"],"Coordinates":[-0.669186647457281,0.54022239724677024,-0.060932297430159148],"Categories":["Naumovozyma dairenensis","Naumovozyma dairenensis","Naumovozyma","Saccharomycetaceae","Saccharomycetales"],"Properties":[-6,4,0]},"228":{"Path":["8","33","207","228"],"Coordinates":[-0.66286125737359558,0.54076225782293619,-0.054439534187438875],"Categories":["Saccharomyces paradoxus","Saccharomyces paradoxus","Saccharomyces","Saccharomycetaceae","Saccharomycetales"],"Properties":[-6,4,0]}}