{"2256":{"Path":["0","0","2260","2256"],"Coordinates":[0.42814696175239486,0.57648381669799276,0.4999128125228357],"Categories":["Candida fragi","Candida fragi","Candida","","Saccharomycetales"],"Properties":[4,4,4]}}