{"2563":{"Path":["0","0","2564","2563"],"Coordinates":[0.73805402575113577,0.55423698131910593,0.55267561081524563],"Categories":["Bullera hannae","Bullera hannae","Bullera","Tremellaceae","Tremellales"],"Properties":[7,4,4]},"2564":{"Path":["0","0","2564","2564"],"Coordinates":[0.37798668178221745,0.41196789880813672,0.57396670691159968],"Categories":["Bullera hannae","Bullera hannae","Bullera","Tremellaceae","Tremellales"],"Properties":[3,3,5]}}