{"2856":{"Path":["0","0","2856","2856"],"Coordinates":[0.73341102069841491,0.47574831067421947,0.41999443442315465],"Categories":["Danielozyma litseae","Danielozyma litseae","Danielozyma","",""],"Properties":[7,3,3]},"2857":{"Path":["0","0","2856","2856"],"Coordinates":[0.73344715280344575,0.47569279660162045,0.41998695714878481],"Categories":["Danielozyma litseae","Danielozyma litseae","Danielozyma","",""],"Properties":[7,3,3]}}