{"173":{"Path":["0","0","0","173"],"Coordinates":[0.61677266605030168,0.76921262345180763,0.557162455369548],"Categories":["Rhodotorula colostri","Rhodotorula colostri","Rhodotorula","","Sporidiobolales"],"Properties":[6,6,5]},"174":{"Path":["0","0","0","173"],"Coordinates":[0.61677571261526343,0.76922198043018675,0.557174028262939],"Categories":["Rhodotorula colostri","Rhodotorula colostri","Rhodotorula","","Sporidiobolales"],"Properties":[6,6,5]}}