{"649":{"Path":["0","0","646","649"],"Coordinates":[0.51881163630858584,0.43511719186185321,0.581310820673246],"Categories":["Vanderwaltozyma polyspora","Vanderwaltozyma polyspora","Vanderwaltozyma","Saccharomycetaceae","Saccharomycetales"],"Properties":[5,3,5]}}