{"3584":{"Path":["0","0","3584","3584"],"Coordinates":[0.581655948669672,0.90654128428624259,0.32520351671033226],"Categories":["Cryptococcus cuniculi","Cryptococcus cuniculi","Cryptococcus","Tremellaceae","Tremellales"],"Properties":[5,7,2]}}