{"4178":{"Path":["0","0","4178","4178"],"Coordinates":[0.35933879885157594,0.31833916214773711,0.48456702330347423],"Categories":["Candida sakaeoensis","Candida sakaeoensis","Candida","","Saccharomycetales"],"Properties":[3,2,4]}}