{"4167":{"Path":["0","0","4169","4167"],"Coordinates":[0.68628458312685214,0.29360645699615179,0.40175033614843292],"Categories":["Candida hungchunana","Candida hungchunana","Candida","","Saccharomycetales"],"Properties":[6,2,3]},"4169":{"Path":["0","0","4169","4169"],"Coordinates":[0.51673873397092962,0.40843326432924915,0.43443486574857082],"Categories":["Candida hungchunana","Candida hungchunana","Candida","","Saccharomycetales"],"Properties":[5,3,3]}}