{"4158":{"Path":["0","0","4158","4158"],"Coordinates":[0.46117686466342478,0.81080009783134244,0.78442584989877973],"Categories":["Derxomyces amylogenes","Derxomyces amylogenes","Derxomyces","","Tremellales"],"Properties":[4,6,7]}}