{"3115":{"Path":["0","1761","3115","3115"],"Coordinates":[0.80427848497154375,0.44312732352803791,0.29852596696793465],"Categories":["Candida davisiana","Candida davisiana","Candida","","Saccharomycetales"],"Properties":[8,3,2]}}