{"1473":{"Path":["0","0","1468","1473"],"Coordinates":[0.54219989816340564,0.57784128874713891,0.22380120939705453],"Categories":["Kondoa malvinella","Kondoa malvinella","Kondoa","","Microbotryales"],"Properties":[5,4,2]}}