{"91":{"Path":["0","0","1630","1630"],"Coordinates":[0.62297177669057158,0.52397698591800412,0.45588898938951822],"Categories":["Cryptococcus diffluens","Cryptococcus diffluens","Cryptococcus","Tremellaceae","Tremellales"],"Properties":[6,4,4]},"92":{"Path":["0","0","1630","1630"],"Coordinates":[0.62301959749497116,0.523949606936093,0.45588439363381783],"Categories":["Cryptococcus diffluens","Cryptococcus diffluens","Cryptococcus","Tremellaceae","Tremellales"],"Properties":[6,4,4]},"93":{"Path":["0","0","1630","1630"],"Coordinates":[0.622948096220596,0.52398017568389088,0.45588807624415606],"Categories":["Cryptococcus diffluens","Cryptococcus diffluens","Cryptococcus","Tremellaceae","Tremellales"],"Properties":[6,4,4]},"94":{"Path":["0","0","1630","1630"],"Coordinates":[0.62293109609033581,0.52399135856504553,0.45589342883276579],"Categories":["Cryptococcus diffluens","Cryptococcus diffluens","Cryptococcus","Tremellaceae","Tremellales"],"Properties":[6,4,4]},"95":{"Path":["0","0","1630","1630"],"Coordinates":[0.6229423837203435,0.52398685505364051,0.45589235227512631],"Categories":["Cryptococcus diffluens","Cryptococcus diffluens","Cryptococcus","Tremellaceae","Tremellales"],"Properties":[6,4,4]},"96":{"Path":["0","0","1630","1630"],"Coordinates":[0.62296227621746969,0.52392275202079142,0.45590166975452895],"Categories":["Cryptococcus diffluens","Cryptococcus diffluens","Cryptococcus","Tremellaceae","Tremellales"],"Properties":[6,4,4]},"97":{"Path":["0","0","1630","1630"],"Coordinates":[0.62301191385783283,0.52394314421893629,0.45588675232045839],"Categories":["Cryptococcus diffluens","Cryptococcus diffluens","Cryptococcus","Tremellaceae","Tremellales"],"Properties":[6,4,4]},"98":{"Path":["0","0","1630","1630"],"Coordinates":[0.62289803602360916,0.52402709302712647,0.45589325060255714],"Categories":["Cryptococcus diffluens","Cryptococcus diffluens","Cryptococcus","Tremellaceae","Tremellales"],"Properties":[6,4,4]},"99":{"Path":["0","0","1630","1630"],"Coordinates":[0.62299714312522747,0.52395284821382282,0.45588965644182972],"Categories":["Cryptococcus diffluens","Cryptococcus diffluens","Cryptococcus","Tremellaceae","Tremellales"],"Properties":[6,4,4]},"100":{"Path":["0","0","1630","1630"],"Coordinates":[0.62306030287221115,0.5239219166190604,0.455882398751741],"Categories":["Cryptococcus diffluens","Cryptococcus diffluens","Cryptococcus","Tremellaceae","Tremellales"],"Properties":[6,4,4]},"1630":{"Path":["0","0","1630","1630"],"Coordinates":[0.62309475219065336,0.5238894034339947,0.45588189739854035],"Categories":["Cryptococcus diffluens","Cryptococcus diffluens","Cryptococcus","Tremellaceae","Tremellales"],"Properties":[6,4,4]},"1631":{"Path":["0","0","1630","1630"],"Coordinates":[0.62309615535456431,0.52395915917661717,0.4558675811847247],"Categories":["Cryptococcus diffluens","Cryptococcus diffluens","Cryptococcus","Tremellaceae","Tremellales"],"Properties":[6,4,4]},"1632":{"Path":["0","0","1630","1630"],"Coordinates":[0.62302307598542339,0.52396665554012622,0.45588245209687683],"Categories":["Cryptococcus diffluens","Cryptococcus diffluens","Cryptococcus","Tremellaceae","Tremellales"],"Properties":[6,4,4]},"1633":{"Path":["0","0","1630","1630"],"Coordinates":[0.62298156584473319,0.52395005928687211,0.4558919540066077],"Categories":["Cryptococcus diffluens","Cryptococcus diffluens","Cryptococcus","Tremellaceae","Tremellales"],"Properties":[6,4,4]},"1634":{"Path":["0","0","1630","1630"],"Coordinates":[0.6230095853798634,0.52392009109868276,0.45589402309308],"Categories":["Cryptococcus diffluens","Cryptococcus diffluens","Cryptococcus","Tremellaceae","Tremellales"],"Properties":[6,4,4]},"1635":{"Path":["0","0","1630","1630"],"Coordinates":[0.622918603178012,0.52399676536416284,0.4558944697754283],"Categories":["Cryptococcus diffluens","Cryptococcus diffluens","Cryptococcus","Tremellaceae","Tremellales"],"Properties":[6,4,4]}}