{"2110":{"Path":["0","0","2110","2110"],"Coordinates":[0.93527743691808707,0.21861982372849392,0.43390716426025433],"Categories":["Lipomyces smithiae","Lipomyces smithiae","Lipomyces","Lipomycetaceae","Saccharomycetales"],"Properties":[9,1,3]}}