{"657":{"Path":["0","0","657","657"],"Coordinates":[0.41972378374111324,0.57683963572843866,0.70958206742930641],"Categories":["Nakaseomyces delphensis","Nakaseomyces delphensis","Nakaseomyces","Saccharomycetaceae","Saccharomycetales"],"Properties":[4,4,6]}}