{"1864":{"Path":["0","0","1863","1864"],"Coordinates":[0.35477460936185023,0.38890276736779988,0.640041416648835],"Categories":["Lipomyces oligophaga","Lipomyces oligophaga","Lipomyces","Lipomycetaceae","Saccharomycetales"],"Properties":[3,3,5]}}