{"1083":{"Path":["0","0","1083","1083"],"Coordinates":[0.21483382266707476,0.7115438454670332,0.45910169897186603],"Categories":["Candida hollandica","Candida hollandica","Candida","","Saccharomycetales"],"Properties":[2,5,4]}}