{"557":{"Path":["0","557","557","557"],"Coordinates":[-0.015135903603930967,0.15964004051094213,0.85811528122191938],"Categories":["Candida blankii","Candida blankii","Candida","","Saccharomycetales"],"Properties":[0,1,7]}}