{"1650":{"Path":["0","0","1650","1650"],"Coordinates":[0.49158705344333853,0.50055082598245015,0.28828564345899643],"Categories":["Rhodotorula pustula","Rhodotorula pustula","Rhodotorula","","Sporidiobolales"],"Properties":[4,4,2]}}