{"2256":{"Path":["0","0","2260","2256"],"Coordinates":[0.39735644152720928,0.58663523466010248,0.545642111974118],"Categories":["Candida fragi","Candida fragi","Candida","","Saccharomycetales"],"Properties":[3,4,4]}}