{"4244":{"Path":["0","0","4244","4244"],"Coordinates":[0.51897502720177979,0.52738199828812338,0.55063666113755827],"Categories":["Candida ecuadorensis","Candida ecuadorensis","Candida","","Saccharomycetales"],"Properties":[5,4,4]}}