{"3319":{"Path":["0","0","3319","3319"],"Coordinates":[0.34109635809719518,0.50942396070819906,0.61547354526226783],"Categories":["Candida atbi","Candida atbi","Candida","","Saccharomycetales"],"Properties":[3,4,5]}}