{"3986":{"Path":["0","0","3986","3986"],"Coordinates":[0.59554740864182576,0.49880577037929119,0.78098063154939368],"Categories":["Candida rhizophoriensis","Candida rhizophoriensis","Candida","","Saccharomycetales"],"Properties":[5,3,7]}}