{"1788":{"Path":["0","2609","1788","1788"],"Coordinates":[0.44878990207016645,0.4936604608910875,0.5512275247981655],"Categories":["Pseudozyma fusiformata","Pseudozyma fusiformata","Pseudozyma","Ustilaginaceae","Ustilaginales"],"Properties":[4,3,4]}}