{"1727":{"Path":["0","0","1421","1727"],"Coordinates":[0.67074454089113833,0.82947178516549425,0.52728851623718331],"Categories":["Wickerhamomyces rabaulensis","Wickerhamomyces rabaulensis","Wickerhamomyces","","Saccharomycetales"],"Properties":[6,6,4]}}