{"1609":{"Path":["0","0","1609","1609"],"Coordinates":[0.55916943614168957,0.36700864784123088,0.60885788017960141],"Categories":["Trichosporon brassicae","Trichosporon brassicae","Trichosporon","Trichosporonaceae","Tremellales"],"Properties":[5,2,5]}}