{"4155":{"Path":["0","0","4155","4155"],"Coordinates":[0.38487552617019621,0.22421697120867648,0.85790133114483957],"Categories":["Wickerhamomyces scolytoplatypi","Wickerhamomyces scolytoplatypi","Wickerhamomyces","","Saccharomycetales"],"Properties":[3,1,7]}}