{"2513":{"Path":["0","0","2513","2513"],"Coordinates":[0.48514450689842786,0.4138655944462854,0.37699609584233834],"Categories":["Eremothecium sinecaudum","Eremothecium sinecaudum","Eremothecium","Eremotheciaceae","Saccharomycetales"],"Properties":[4,3,3]}}