{"462":{"Path":["0","462","462","462"],"Coordinates":[0.43596736795003604,0.478066615259346,0.478270669708104],"Categories":["Saccharomycodes ludwigii","Saccharomycodes ludwigii","Saccharomycodes","Saccharomycodaceae","Saccharomycetales"],"Properties":[4,3,4]},"4241":{"Path":["0","462","462","4241"],"Coordinates":[0.41993910387362282,0.3493185903514423,0.4251492859507866],"Categories":["Naumovozyma baii","Naumovozyma baii","Naumovozyma","Saccharomycetaceae","Saccharomycetales"],"Properties":[4,2,3]}}