{"1713":{"Path":["0","0","37","1713"],"Coordinates":[0.54036718867280986,0.3471173574619093,0.46710330116012677],"Categories":["Trichosporon montevideense","Trichosporon montevideense","Trichosporon","Trichosporonaceae","Tremellales"],"Properties":[5,2,4]}}