{"3770":{"Path":["0","0","684","3770"],"Coordinates":[0.3716752955935585,0.52780016304334754,0.45348083706579451],"Categories":["Cystofilobasidium macerans","Cystofilobasidium macerans","Cystofilobasidium","Cystofilobasidiaceae","Cystofilobasidiales"],"Properties":[3,4,4]}}