{"1586":{"Path":["0","0","1586","1586"],"Coordinates":[0.56202725045329482,0.62971646279392468,0.78011253654411983],"Categories":["Sakaguchia dacryoidea","Sakaguchia dacryoidea","Sakaguchia","Sporidiobolaceae","Sporidiobolales"],"Properties":[5,5,7]},"1588":{"Path":["0","0","1586","1588"],"Coordinates":[0.25062485083125652,0.7565727177637096,0.73090982884926725],"Categories":["Sakaguchia dacryoidea","Sakaguchia dacryoidea","Sakaguchia","Sporidiobolaceae","Sporidiobolales"],"Properties":[2,6,6]}}