{"3865":{"Path":["0","0","2519","3865"],"Coordinates":[0.8338047010558256,0.624538431850219,0.53705886170660377],"Categories":["Vanderwaltozyma verrucispora","Vanderwaltozyma verrucispora","Vanderwaltozyma","Saccharomycetaceae","Saccharomycetales"],"Properties":[8,4,4]}}