{"1056":{"Path":["0","0","974","1056"],"Coordinates":[0.39780977366801323,0.48612382284918648,0.44871522954860482],"Categories":["Scheffersomyces lignosus","Scheffersomyces lignosus","Scheffersomyces","Debaryomycetaceae","Saccharomycetales"],"Properties":[3,3,4]}}