{"3523":{"Path":["0","0","3523","3523"],"Coordinates":[0.44362788689209609,0.69160816904667344,0.25010733545051966],"Categories":["Blastobotrys robertii","Blastobotrys robertii","Blastobotrys","Trichomonascaceae","Saccharomycetales"],"Properties":[4,5,2]},"3605":{"Path":["0","0","3523","3605"],"Coordinates":[0.5917413510990257,0.52547591305621744,0.5154766992365919],"Categories":["Blastobotrys muscicola","Blastobotrys muscicola","Blastobotrys","Trichomonascaceae","Saccharomycetales"],"Properties":[5,4,4]}}