{"165":{"Path":["0","0","165","165"],"Coordinates":[0.39473829982560715,0.373587374884037,0.592494318425769],"Categories":["Cystobasidium pallidum","Cystobasidium pallidum","Cystobasidium","Platygloeaceae","Platygloeales"],"Properties":[3,2,5]}}