{"2727":{"Path":["0","0","2727","2727"],"Coordinates":[0.43123094033483839,0.46427577505045653,0.595459876786758],"Categories":["Kockovaella machilophila","Kockovaella machilophila","Kockovaella","Cuniculitremaceae","Tremellales"],"Properties":[4,3,5]}}