{"822":{"Path":["0","0","822","822"],"Coordinates":[0.52417811925290059,0.22641771585074522,0.58424088862680112],"Categories":["Kazachstania telluris","Kazachstania telluris","Kazachstania","Saccharomycetaceae","Saccharomycetales"],"Properties":[5,1,5]}}