{"3669":{"Path":["0","0","3079","3669"],"Coordinates":[0.34812820893567625,0.16517914517364307,0.50197215364652925],"Categories":["Malassezia caprae","Malassezia caprae","Malassezia","","Malasseziales"],"Properties":[3,1,4]},"3670":{"Path":["0","0","3079","3669"],"Coordinates":[0.34947249590193091,0.16457482749821434,0.50332407550060332],"Categories":["Malassezia caprae","Malassezia caprae","Malassezia","","Malasseziales"],"Properties":[3,1,4]}}