{"356":{"Path":["0","0","356","356"],"Coordinates":[0.3296377266447908,0.36244184713674443,0.42278812229422463],"Categories":["Candida tenuis","Candida tenuis","Candida","","Saccharomycetales"],"Properties":[3,2,3]}}