{"140":{"Path":["9","9","140","140"],"Coordinates":[-0.39378334059845826,0.45195529112737881,-0.17213981678599771],"Categories":["Hanseniaspora osmophila","Hanseniaspora osmophila","Hanseniaspora","Saccharomycodaceae","Saccharomycetales"],"Properties":[-3,3,-1]},"736":{"Path":["9","9","140","736"],"Coordinates":[-0.40167353682755191,0.455974372866775,-0.17929622789791952],"Categories":["Cryptococcus peneaus","Cryptococcus peneaus","Cryptococcus","Tremellaceae","Tremellales"],"Properties":[-4,3,-1]}}