{"666":{"Path":["0","0","666","666"],"Coordinates":[0.75250086742667188,0.48564957283768662,0.3961093364699802],"Categories":["Kazachstania transvaalensis","Kazachstania transvaalensis","Kazachstania","Saccharomycetaceae","Saccharomycetales"],"Properties":[7,3,3]}}