{"3513":{"Path":["0","0","3514","3513"],"Coordinates":[0.19947766221828947,0.69107137273512287,0.55675008021046968],"Categories":["Kazachstania aquatica","Kazachstania aquatica","Kazachstania","Saccharomycetaceae","Saccharomycetales"],"Properties":[1,5,5]}}