{"2280":{"Path":["0","0","2280","2280"],"Coordinates":[0.22593839136232591,0.4646948092621449,0.56495571302035674],"Categories":["Agaricostilbum hyphaenes","Agaricostilbum hyphaenes","Agaricostilbum","Agaricostilbaceae","Agaricostilbales"],"Properties":[2,3,5]}}