{"1598":{"Path":["0","0","1598","1598"],"Coordinates":[0.68939975807703979,0.47607129468331216,0.47457167228363922],"Categories":["Candida rugopelliculosa","Candida rugopelliculosa","Candida","","Saccharomycetales"],"Properties":[6,3,4]},"1600":{"Path":["0","0","1598","1600"],"Coordinates":[0.80527541607121267,0.62629620961941213,0.47942179252763367],"Categories":["Candida rugopelliculosa","Candida rugopelliculosa","Candida","","Saccharomycetales"],"Properties":[8,5,4]}}