{"1799":{"Path":["0","0","1800","1800"],"Coordinates":[0.81251324278456116,0.55997263615464976,0.64155628808847387],"Categories":["Wickerhamomyces alni","Wickerhamomyces alni","Wickerhamomyces","","Saccharomycetales"],"Properties":[8,4,5]},"1800":{"Path":["0","0","1800","1800"],"Coordinates":[0.812502648778431,0.55996670173392571,0.64156851113575264],"Categories":["Wickerhamomyces alni","Wickerhamomyces alni","Wickerhamomyces","","Saccharomycetales"],"Properties":[8,4,5]}}