{"526":{"Path":["0","0","525","526"],"Coordinates":[0.32043896425254781,0.34329973726159013,0.12714574733412107],"Categories":["Candida etchellsii","Candida etchellsii","Candida","","Saccharomycetales"],"Properties":[3,2,1]},"527":{"Path":["0","0","525","526"],"Coordinates":[0.32042220536011951,0.34329906384718228,0.12714176346311182],"Categories":["Candida etchellsii","Candida etchellsii","Candida","","Saccharomycetales"],"Properties":[3,2,1]}}