{"3764":{"Path":["0","0","3764","3764"],"Coordinates":[0.64062792863398088,0.82335924549681161,0.395136540412899],"Categories":["Kazachstania hellenica","Kazachstania hellenica","Kazachstania","Saccharomycetaceae","Saccharomycetales"],"Properties":[6,6,3]}}