{"3708":{"Path":["0","0","3708","3708"],"Coordinates":[0.34904790659007395,0.657836706986332,0.49689685671252576],"Categories":["Ogataea allantospora","Ogataea allantospora","Ogataea","Saccharomycetaceae","Saccharomycetales"],"Properties":[3,5,4]}}