{"1849":{"Path":["0","0","1849","1849"],"Coordinates":[0.30305385889225817,0.5575064238862133,0.52721706910891031],"Categories":["Myxozyma mucilagina","Myxozyma mucilagina","Myxozyma","Lipomycetaceae","Saccharomycetales"],"Properties":[3,4,4]}}