{"2806":{"Path":["0","0","2806","2806"],"Coordinates":[0.50355427622427584,0.35996326751376806,0.32312999196729658],"Categories":["Nakazawaea wyomingensis","Nakazawaea wyomingensis","Nakazawaea","Saccharomycetaceae","Saccharomycetales"],"Properties":[5,2,2]},"2807":{"Path":["0","0","2806","2807"],"Coordinates":[0.5285991120294139,0.33363177690895462,0.29492703130046266],"Categories":["Nakazawaea wyomingensis","Nakazawaea wyomingensis","Nakazawaea","Saccharomycetaceae","Saccharomycetales"],"Properties":[5,2,2]}}