{"555":{"Path":["0","0","555","555"],"Coordinates":[0.11021614133322688,0.35614690977392716,0.4197229376971871],"Categories":["Candida blankii","Candida blankii","Candida","","Saccharomycetales"],"Properties":[1,2,3]},"556":{"Path":["0","0","555","555"],"Coordinates":[0.11021086510303163,0.35619414106625846,0.41972000719021524],"Categories":["Candida blankii","Candida blankii","Candida","","Saccharomycetales"],"Properties":[1,2,3]}}