{"3972":{"Path":["0","0","3972","3972"],"Coordinates":[0.583127523057214,0.64846061502770269,0.80345928897789443],"Categories":["Candida northwykensis","Candida northwykensis","Candida","","Saccharomycetales"],"Properties":[5,5,7]}}