{"550":{"Path":["7","7","81","550"],"Coordinates":[-0.50080979701338413,0.54881422127354429,-0.16105252684922417],"Categories":["Trichosporon debeurmannianum","Trichosporon debeurmannianum","Trichosporon","Trichosporonaceae","Tremellales"],"Properties":[-5,4,-1]}}