{"122":{"Path":["0","0","121","122"],"Coordinates":[0.39198524374402743,0.67594277971714978,0.83092465674119564],"Categories":["Pichia punctispora","Pichia punctispora","Pichia","Saccharomycetaceae","Saccharomycetales"],"Properties":[3,5,7]}}