{"102":{"Path":["4","12","102","102"],"Coordinates":[-0.50426661589498745,0.74918751394267236,-0.0162923198128301],"Categories":["Candida magnoliae","Candida magnoliae","Candida","","Saccharomycetales"],"Properties":[-5,5,0]},"700":{"Path":["4","12","102","700"],"Coordinates":[-0.4896145004929206,0.74636235142116192,-0.01654259638459055],"Categories":["Cystobasidium laryngis","Cystobasidium laryngis","Cystobasidium","Platygloeaceae","Platygloeales"],"Properties":[-4,5,0]}}