{"632":{"Path":["0","31","31","632"],"Coordinates":[-0.42288332640770837,0.45996956028037483,0.023042919162630942],"Categories":["Yarrowia deformans","Yarrowia deformans","Yarrowia","","Saccharomycetales"],"Properties":[-4,3,0]},"1882":{"Path":["0","31","31","632"],"Coordinates":[-0.41973422296089635,0.45866681484716976,0.022221881508893513],"Categories":["Pichia deserticola","Pichia deserticola","Pichia","Saccharomycetaceae","Saccharomycetales"],"Properties":[-4,3,0]}}