{"3513":{"Path":["0","0","3514","3513"],"Coordinates":[0.42871985769454407,0.72323536867445715,0.34010223141671958],"Categories":["Kazachstania aquatica","Kazachstania aquatica","Kazachstania","Saccharomycetaceae","Saccharomycetales"],"Properties":[4,5,3]}}