{"969":{"Path":["0","0","970","969"],"Coordinates":[0.508344851213833,0.23716876327709682,0.532345046991204],"Categories":["Kuraishia cidri","Kuraishia cidri","Kuraishia","Saccharomycetaceae","Saccharomycetales"],"Properties":[5,1,4]},"970":{"Path":["0","0","970","970"],"Coordinates":[0.4991571422265163,0.23791403025286356,0.54414458742215477],"Categories":["Kuraishia cidri","Kuraishia cidri","Kuraishia","Saccharomycetaceae","Saccharomycetales"],"Properties":[4,1,4]}}