{"4209":{"Path":["0","0","4210","4210"],"Coordinates":[0.29230055474398742,0.79929722177836193,0.80262106714088632],"Categories":["Cyberlindnera samutprakarnensis","Cyberlindnera samutprakarnensis","Cyberlindnera","","Saccharomycetales"],"Properties":[2,6,7]},"4210":{"Path":["0","0","4210","4210"],"Coordinates":[0.2936523377441656,0.8000986584094093,0.80138398102863517],"Categories":["Cyberlindnera samutprakarnensis","Cyberlindnera samutprakarnensis","Cyberlindnera","","Saccharomycetales"],"Properties":[2,6,7]}}