{"4101":{"Path":["0","4101","4101","4101"],"Coordinates":[0.679958701903045,0.41359432094548104,0.873841705914725],"Categories":["Cryptococcus yokohamensis","Cryptococcus yokohamensis","Cryptococcus","Tremellaceae","Tremellales"],"Properties":[6,3,7]}}