{"644":{"Path":["0","0","644","644"],"Coordinates":[0.100884362170281,0.66323353228479376,0.64999279354580874],"Categories":["Schizoblastosporion starkeyi-henricii","Schizoblastosporion starkeyi-henricii","Schizoblastosporion","","Saccharomycetales"],"Properties":[1,5,5]},"1681":{"Path":["0","0","644","1681"],"Coordinates":[0.33742160677881694,0.55169428215412575,0.34913278585258534],"Categories":["Nadsonia commutata","Nadsonia commutata","Nadsonia","Saccharomycodaceae","Saccharomycetales"],"Properties":[3,4,3]}}