{"3009":{"Path":["0","0","3160","3009"],"Coordinates":[0.269366382067138,0.54781899446811422,0.76276726834964026],"Categories":["Metschnikowia kunwiensis","Metschnikowia kunwiensis","Metschnikowia","Metschnikowiaceae","Saccharomycetales"],"Properties":[2,4,6]}}