{"649":{"Path":["0","0","646","649"],"Coordinates":[0.57193325455275268,0.19529190158062426,0.5662304471981976],"Categories":["Vanderwaltozyma polyspora","Vanderwaltozyma polyspora","Vanderwaltozyma","Saccharomycetaceae","Saccharomycetales"],"Properties":[5,1,5]}}