{"2846":{"Path":["0","0","2260","2846"],"Coordinates":[0.39391034060271851,0.59213379327503968,0.55970981437893774],"Categories":["Kurtzmaniella cleridarum","Kurtzmaniella cleridarum","Kurtzmaniella","Saccharomycetaceae","Saccharomycetales"],"Properties":[3,4,5]}}