{"2995":{"Path":["0","2134","2134","2995"],"Coordinates":[0.670951573990866,0.37806242017418396,0.37082345143477535],"Categories":["Botryozyma mucatilis","Botryozyma mucatilis","Botryozyma","","Saccharomycetales"],"Properties":[6,3,3]},"2996":{"Path":["0","2134","2134","2995"],"Coordinates":[0.67096642248311122,0.37805784253426206,0.37082110487063547],"Categories":["Botryozyma mucatilis","Botryozyma mucatilis","Botryozyma","","Saccharomycetales"],"Properties":[6,3,3]}}