{"3057":{"Path":["0","0","3057","3057"],"Coordinates":[0.61351528394890287,0.57469321296919851,0.42223125544665152],"Categories":["Derxomyces waltii","Derxomyces waltii","Derxomyces","","Tremellales"],"Properties":[6,4,3]}}