{"2186":{"Path":["0","0","2186","2186"],"Coordinates":[0.38774634174363415,0.58447258345055564,0.44017852606932217],"Categories":["Bullera miyagiana","Bullera miyagiana","Bullera","Tremellaceae","Tremellales"],"Properties":[3,4,3]}}