{"3926":{"Path":["0","2609","3926","3926"],"Coordinates":[0.74439664166195052,0.55101711883207638,0.50482142445851985],"Categories":["Pseudozyma pruni","Pseudozyma pruni","Pseudozyma","Ustilaginaceae","Ustilaginales"],"Properties":[7,4,4]}}