{"1083":{"Path":["0","0","1083","1083"],"Coordinates":[0.36995232119418164,0.49860940812759391,0.76823269131818983],"Categories":["Candida hollandica","Candida hollandica","Candida","","Saccharomycetales"],"Properties":[3,3,6]}}