{"3937":{"Path":["0","0","3937","3937"],"Coordinates":[0.27044811601598118,0.50601202603299933,0.15618609575217574],"Categories":["Geotrichum ghanense","Geotrichum ghanense","Geotrichum","Dipodascaceae","Saccharomycetales"],"Properties":[2,4,1]}}