{"138":{"Path":["0","0","138","138"],"Coordinates":[0.43598581184470436,0.63594358834817,0.51752251851287223],"Categories":["Hanseniaspora osmophila","Hanseniaspora osmophila","Hanseniaspora","Saccharomycodaceae","Saccharomycetales"],"Properties":[4,5,4]},"660":{"Path":["0","0","138","660"],"Coordinates":[0.34505576583492209,0.58256669845692288,0.4516177840646034],"Categories":["Hanseniaspora vineae","Hanseniaspora vineae","Hanseniaspora","Saccharomycodaceae","Saccharomycetales"],"Properties":[3,4,4]}}