{"4082":{"Path":["0","0","0","4082"],"Coordinates":[0.56606612479239249,0.761774162313384,0.32800040275738407],"Categories":["Rhodotorula taiwanensis","Rhodotorula taiwanensis","Rhodotorula","","Sporidiobolales"],"Properties":[5,6,2]},"4083":{"Path":["0","0","0","4082"],"Coordinates":[0.56506785807649473,0.76317263564170545,0.32697681303786508],"Categories":["Rhodotorula taiwanensis","Rhodotorula taiwanensis","Rhodotorula","","Sporidiobolales"],"Properties":[5,6,2]}}