{"477":{"Path":["0","0","477","477"],"Coordinates":[0.34471484474361269,0.525750852351394,0.505887866725583],"Categories":["Candida californica","Candida californica","Candida","","Saccharomycetales"],"Properties":[3,4,4]}}