{"2774":{"Path":["0","0","1265","2774"],"Coordinates":[0.39887708918789433,0.38553886285918232,0.41795490238154126],"Categories":["Candida mycetangii","Candida mycetangii","Candida","","Saccharomycetales"],"Properties":[3,3,3]}}