{"3581":{"Path":["0","0","3581","3581"],"Coordinates":[0.589919230633762,0.77165179104924442,0.700289352161696],"Categories":["Kuraishia floccosa","Kuraishia floccosa","Kuraishia","Saccharomycetaceae","Saccharomycetales"],"Properties":[5,6,6]}}