{"2357":{"Path":["0","0","2357","2357"],"Coordinates":[0.4367871612353269,0.40147958863870803,0.55031412519692535],"Categories":["Malassezia slooffiae","Malassezia slooffiae","Malassezia","","Malasseziales"],"Properties":[4,3,4]}}