{"105":{"Path":["7","20","105","105"],"Coordinates":[-0.584507255596845,0.53091928960556023,-0.088751070924003417],"Categories":["Candida inconspicua","Candida inconspicua","Candida","","Saccharomycetales"],"Properties":[-5,4,0]}}