{"27":{"Path":["0","0","27","27"],"Coordinates":[0.20951623546127032,0.62028676782100545,0.41520667184476634],"Categories":["Wickerhamomyces subpelliculosus","Wickerhamomyces subpelliculosus","Wickerhamomyces","","Saccharomycetales"],"Properties":[2,4,3]},"1318":{"Path":["0","0","27","27"],"Coordinates":[0.20879054488635127,0.61915648845949378,0.41324098513449165],"Categories":["Wickerhamomyces subpelliculosus","Wickerhamomyces subpelliculosus","Wickerhamomyces","","Saccharomycetales"],"Properties":[2,4,3]},"1319":{"Path":["0","0","27","27"],"Coordinates":[0.20828380643057906,0.61836720635289355,0.41186835028881075],"Categories":["Wickerhamomyces subpelliculosus","Wickerhamomyces subpelliculosus","Wickerhamomyces","","Saccharomycetales"],"Properties":[2,4,3]}}