{"564":{"Path":["0","0","564","564"],"Coordinates":[0.47434429873839212,0.25903760724266922,0.66862606206416819],"Categories":["Candida solani","Candida solani","Candida","","Saccharomycetales"],"Properties":[4,2,6]},"566":{"Path":["0","0","564","566"],"Coordinates":[0.49472353292272092,0.77569435968122091,0.8527020518513958],"Categories":["Candida solani","Candida solani","Candida","","Saccharomycetales"],"Properties":[4,6,7]}}