{"3435":{"Path":["3435","3435","3435","3435"],"Coordinates":[0.097157890776270239,0.58508444256029113,0.93065047185924143],"Categories":["Candida bentonensis","Candida bentonensis","Candida","","Saccharomycetales"],"Properties":[0,4,8]}}