{"940":{"Path":["0","0","940","940"],"Coordinates":[0.53576139382430377,0.41985634114437825,0.38424753280925045],"Categories":["Dioszegia hungarica","Dioszegia hungarica","Dioszegia","Tremellaceae","Tremellales"],"Properties":[5,3,3]},"944":{"Path":["0","0","940","944"],"Coordinates":[0.50026329656076485,0.49879829826651967,0.51980148656085212],"Categories":["Dioszegia hungarica","Dioszegia hungarica","Dioszegia","Tremellaceae","Tremellales"],"Properties":[5,3,4]}}