{"3674":{"Path":["0","0","3674","3674"],"Coordinates":[0.84008009236400072,0.45585942386514883,0.38836835678817716],"Categories":["Rhodotorula psychrophenolica","Rhodotorula psychrophenolica","Rhodotorula","","Sporidiobolales"],"Properties":[8,3,3]}}