{"1527":{"Path":["0","0","1527","1527"],"Coordinates":[0.43562305841796178,0.60676737164362982,0.44434873042917256],"Categories":["Candida silvicultrix","Candida silvicultrix","Candida","","Saccharomycetales"],"Properties":[4,4,3]},"3658":{"Path":["0","0","1527","3658"],"Coordinates":[0.54413746877202873,0.49732759649205738,0.35897417985896707],"Categories":["Wickerhamomyces edaphicus","Wickerhamomyces edaphicus","Wickerhamomyces","","Saccharomycetales"],"Properties":[5,3,3]}}