{"1448":{"Path":["0","0","702","1448"],"Coordinates":[0.51179737021285,0.28488495396345487,0.44823018838803136],"Categories":["Priceomyces castillae","Priceomyces castillae","Priceomyces","Debaryomycetaceae","Saccharomycetales"],"Properties":[5,2,4]}}