{"4144":{"Path":["0","0","4143","4144"],"Coordinates":[0.44544202689033047,0.75772473579100275,0.68027107844983925],"Categories":["Ogataea phyllophila","Ogataea phyllophila","Ogataea","Saccharomycetaceae","Saccharomycetales"],"Properties":[4,6,6]}}