{"2140":{"Path":["0","2140","2140","2140"],"Coordinates":[0.5979882069041339,0.26801572289500741,0.48413708670470534],"Categories":["Chionosphaera apobasidialis","Chionosphaera apobasidialis","Chionosphaera","Chionosphaeraceae","Agaricostilbales"],"Properties":[5,2,4]}}