{"834":{"Path":["0","0","834","834"],"Coordinates":[0.1165998057518944,0.14360512366307077,0.46376732242285729],"Categories":["Kazachstania lodderae","Kazachstania lodderae","Kazachstania","Saccharomycetaceae","Saccharomycetales"],"Properties":[1,1,4]},"835":{"Path":["0","0","834","835"],"Coordinates":[0.15668003302596062,0.38956028274049448,0.42641223785387505],"Categories":["Kazachstania lodderae","Kazachstania lodderae","Kazachstania","Saccharomycetaceae","Saccharomycetales"],"Properties":[1,3,3]}}