{"2186":{"Path":["0","0","2186","2186"],"Coordinates":[0.61670575377020842,0.62008880442920744,0.61166068649419936],"Categories":["Bullera miyagiana","Bullera miyagiana","Bullera","Tremellaceae","Tremellales"],"Properties":[6,4,5]}}