{"906":{"Path":["0","0","901","906"],"Coordinates":[0.60720869336100569,0.36148234353652864,0.37628825689996753],"Categories":["Candida viswanathii","Candida viswanathii","Candida","","Saccharomycetales"],"Properties":[6,2,3]},"907":{"Path":["0","0","901","906"],"Coordinates":[0.60721668178754373,0.36148004091236491,0.37627624797263365],"Categories":["Candida viswanathii","Candida viswanathii","Candida","","Saccharomycetales"],"Properties":[6,2,3]}}