{"1500":{"Path":["0","0","1501","1501"],"Coordinates":[0.35172126241305773,0.68210837614554909,0.35861238697416387],"Categories":["Saccharomycopsis synnaedendra","Saccharomycopsis synnaedendra","Saccharomycopsis","Saccharomycopsidaceae","Saccharomycetales"],"Properties":[3,5,3]},"1501":{"Path":["0","0","1501","1501"],"Coordinates":[0.3519091735281516,0.67717872513067934,0.35942677649056104],"Categories":["Saccharomycopsis synnaedendra","Saccharomycopsis synnaedendra","Saccharomycopsis","Saccharomycopsidaceae","Saccharomycetales"],"Properties":[3,5,3]}}