{"853":{"Path":["0","0","854","854"],"Coordinates":[0.43461403812558669,0.087670550453613313,0.52023839593497034],"Categories":["Candida apicola","Candida apicola","Candida","","Saccharomycetales"],"Properties":[4,0,4]},"854":{"Path":["0","0","854","854"],"Coordinates":[0.4342199569722282,0.087725423156947327,0.51968937363999668],"Categories":["Candida apicola","Candida apicola","Candida","","Saccharomycetales"],"Properties":[4,0,4]}}