{"4035":{"Path":["0","0","4035","4035"],"Coordinates":[0.40308043409023558,0.1558704050955334,0.62068847584016762],"Categories":["Barnettozyma vustinii","Barnettozyma vustinii","Barnettozyma","","Saccharomycetales"],"Properties":[4,1,5]},"4036":{"Path":["0","0","4035","4035"],"Coordinates":[0.40487051362148918,0.15467958175292967,0.62406153899381567],"Categories":["Barnettozyma vustinii","Barnettozyma vustinii","Barnettozyma","","Saccharomycetales"],"Properties":[4,1,5]}}