{"1066":{"Path":["0","0","1067","1067"],"Coordinates":[0.66357356301940407,0.540669703716456,0.56533581845000114],"Categories":["Yamadazyma scolyti","Yamadazyma scolyti","Yamadazyma","Saccharomycetaceae","Saccharomycetales"],"Properties":[6,4,5]},"1067":{"Path":["0","0","1067","1067"],"Coordinates":[0.66358720666095816,0.54068412129131671,0.56533755515146211],"Categories":["Yamadazyma scolyti","Yamadazyma scolyti","Yamadazyma","Saccharomycetaceae","Saccharomycetales"],"Properties":[6,4,5]}}