{"1649":{"Path":["0","0","1649","1649"],"Coordinates":[0.18655144435156654,0.42050374043915512,0.057470044979296524],"Categories":["Rhodotorula bacarum","Rhodotorula bacarum","Rhodotorula","","Sporidiobolales"],"Properties":[1,3,0]}}