{"4004":{"Path":["0","0","4004","4004"],"Coordinates":[0.45252567551868023,0.4001615337409693,0.68088973559972032],"Categories":["Rhodotorula silvestris","Rhodotorula silvestris","Rhodotorula","","Sporidiobolales"],"Properties":[4,3,6]}}