{"3581":{"Path":["0","0","3581","3581"],"Coordinates":[0.589919230633762,0.77165179104924442,0.700289352161696],"Categories":["Kuraishia floccosa","Kuraishia floccosa","Kuraishia","Saccharomycetaceae","Saccharomycetales"],"Properties":[5,6,6]},"3582":{"Path":["0","0","3581","3582"],"Coordinates":[0.60031410708953648,0.77752599261524746,0.6912096881023182],"Categories":["Kuraishia floccosa","Kuraishia floccosa","Kuraishia","Saccharomycetaceae","Saccharomycetales"],"Properties":[6,6,6]}}