{"1126":{"Path":["0","0","1126","1126"],"Coordinates":[0.54422968124706228,0.62551907445110755,0.34194038753404621],"Categories":["Pichia kudriavzevii","Pichia kudriavzevii","Pichia","Saccharomycetaceae","Saccharomycetales"],"Properties":[5,5,3]},"3685":{"Path":["0","0","1126","3685"],"Coordinates":[0.35795461872052392,0.23637040241497978,0.2811638651150401],"Categories":["Pichia cecembensis","Pichia cecembensis","Pichia","Saccharomycetaceae","Saccharomycetales"],"Properties":[3,1,2]}}