{"3356":{"Path":["0","0","3356","3356"],"Coordinates":[0.2843484086707479,0.48795529727113113,0.41186356783624606],"Categories":["Candida buenavistaensis","Candida buenavistaensis","Candida","","Saccharomycetales"],"Properties":[2,3,3]},"3357":{"Path":["0","0","3356","3356"],"Coordinates":[0.28432149386931194,0.48793052998775238,0.41184006875508117],"Categories":["Candida buenavistaensis","Candida buenavistaensis","Candida","","Saccharomycetales"],"Properties":[2,3,3]}}