{"2670":{"Path":["0","0","2666","2670"],"Coordinates":[0.39025997260203787,0.45356389809178815,0.48432966679703104],"Categories":["Candida restingae","Candida restingae","Candida","","Saccharomycetales"],"Properties":[3,3,4]}}