{"3772":{"Path":["0","0","3774","3772"],"Coordinates":[0.56254933409278973,0.72610891101069053,0.87235925685441418],"Categories":["Pichia garciniae","Pichia garciniae","Pichia","Saccharomycetaceae","Saccharomycetales"],"Properties":[5,5,7]},"3774":{"Path":["0","0","3774","3774"],"Coordinates":[0.57216146267448731,0.74316898856340108,0.59434782059138225],"Categories":["Pichia garciniae","Pichia garciniae","Pichia","Saccharomycetaceae","Saccharomycetales"],"Properties":[5,5,5]}}