{"2503":{"Path":["0","0","2503","2503"],"Coordinates":[-0.13816440375314365,0.75584753387196035,0.67484977403313329],"Categories":["Candida santjacobensis","Candida santjacobensis","Candida","","Saccharomycetales"],"Properties":[-1,6,6]}}