{"2054":{"Path":["0","0","2053","2054"],"Coordinates":[0.689272155451283,0.20206248633496776,0.77174587532283656],"Categories":["Candida ovalis","Candida ovalis","Candida","","Saccharomycetales"],"Properties":[6,1,6]}}