{"1571":{"Path":["0","0","1571","1571"],"Coordinates":[0.58782139928767163,0.49674462279323606,0.44595747357757942],"Categories":["Wickerhamomyces mucosus","Wickerhamomyces mucosus","Wickerhamomyces","","Saccharomycetales"],"Properties":[5,3,4]},"1572":{"Path":["0","0","1571","1571"],"Coordinates":[0.58587965850714063,0.4982065827775336,0.44594679994834835],"Categories":["Wickerhamomyces mucosus","Wickerhamomyces mucosus","Wickerhamomyces","","Saccharomycetales"],"Properties":[5,3,4]}}