{"1599":{"Path":["0","0","1598","1600"],"Coordinates":[0.80643599118178377,0.62791375925128168,0.47940838967004323],"Categories":["Candida rugopelliculosa","Candida rugopelliculosa","Candida","","Saccharomycetales"],"Properties":[8,5,4]},"1600":{"Path":["0","0","1598","1600"],"Coordinates":[0.80527541607121267,0.62629620961941213,0.47942179252763367],"Categories":["Candida rugopelliculosa","Candida rugopelliculosa","Candida","","Saccharomycetales"],"Properties":[8,5,4]}}