{"3986":{"Path":["0","0","3986","3986"],"Coordinates":[0.6501448348356299,0.65816498387793665,0.2693262814385991],"Categories":["Candida rhizophoriensis","Candida rhizophoriensis","Candida","","Saccharomycetales"],"Properties":[6,5,2]}}