{"3501":{"Path":["0","0","3501","3501"],"Coordinates":[0.80080118299158087,0.5845670299614808,0.3504107608811512],"Categories":["Candida sithepensis","Candida sithepensis","Candida","","Saccharomycetales"],"Properties":[8,4,3]},"3502":{"Path":["0","0","3501","3501"],"Coordinates":[0.80080240878619113,0.584331467988903,0.35013283709487547],"Categories":["Candida sithepensis","Candida sithepensis","Candida","","Saccharomycetales"],"Properties":[8,4,3]}}