{"2831":{"Path":["0","0","2830","2831"],"Coordinates":[0.14765670831481045,0.521931003761406,0.29546966486728266],"Categories":["Tetrapisispora arboricola","Tetrapisispora arboricola","Tetrapisispora","Saccharomycetaceae","Saccharomycetales"],"Properties":[1,4,2]}}