{"3226":{"Path":["0","0","3226","3226"],"Coordinates":[0.28933323970607172,0.32784033977573651,0.63016386235824773],"Categories":["Candida asparagi","Candida asparagi","Candida","","Saccharomycetales"],"Properties":[2,2,5]},"3227":{"Path":["0","0","3226","3226"],"Coordinates":[0.28929266791676461,0.32786513650124716,0.6302171564508432],"Categories":["Candida asparagi","Candida asparagi","Candida","","Saccharomycetales"],"Properties":[2,2,5]}}