{"78":{"Path":["0","0","78","78"],"Coordinates":[0.673485246429529,0.44878678183304838,0.41115081246012364],"Categories":["Candida gropengiesseri","Candida gropengiesseri","Candida","","Saccharomycetales"],"Properties":[6,3,3]},"79":{"Path":["0","0","78","78"],"Coordinates":[0.67349640150364487,0.44877365733557534,0.411165303254804],"Categories":["Candida gropengiesseri","Candida gropengiesseri","Candida","","Saccharomycetales"],"Properties":[6,3,3]},"80":{"Path":["0","0","78","78"],"Coordinates":[0.67348512279595563,0.44878344409052351,0.4111804055720702],"Categories":["Candida gropengiesseri","Candida gropengiesseri","Candida","","Saccharomycetales"],"Properties":[6,3,3]},"81":{"Path":["0","0","78","78"],"Coordinates":[0.67427402546238824,0.44818177128521042,0.409416146443299],"Categories":["Candida gropengiesseri","Candida gropengiesseri","Candida","","Saccharomycetales"],"Properties":[6,3,3]}}